datetime,RSI_14,signal
2022-10-01 00:00:00,37.91795758742295,0
2022-10-01 01:00:00,37.91795758742295,0
2022-10-01 02:00:00,37.91795758742295,0
2022-10-01 03:00:00,37.91795758742295,0
2022-10-01 04:00:00,37.91795758742295,0
2022-10-01 05:00:00,37.91795758742295,0
2022-10-01 06:00:00,37.91795758742295,0
2022-10-01 07:00:00,37.91795758742295,0
2022-10-01 08:00:00,37.91795758742295,0
2022-10-01 09:00:00,37.91795758742295,0
2022-10-01 10:00:00,37.91795758742295,0
2022-10-01 11:00:00,37.91795758742295,0
2022-10-01 12:00:00,37.91795758742295,0
2022-10-01 13:00:00,37.91795758742295,0
2022-10-01 14:00:00,37.91795758742295,0
2022-10-01 15:00:00,41.93012326655317,0
2022-10-01 16:00:00,34.27570099663,0
2022-10-01 17:00:00,31.109946537531396,0
2022-10-01 18:00:00,38.64991252893639,0
2022-10-01 19:00:00,33.12431860244922,0
2022-10-01 20:00:00,31.14319780390476,0
2022-10-01 21:00:00,41.539057093080736,0
2022-10-01 22:00:00,48.6596396235575,0
2022-10-01 23:00:00,46.80824308554157,0
2022-10-02 00:00:00,40.87757325270429,0
2022-10-02 01:00:00,47.09748371600453,0
2022-10-02 02:00:00,48.67283591831188,0
2022-10-02 03:00:00,47.52506929060446,0
2022-10-02 04:00:00,52.5968673880873,0
2022-10-02 05:00:00,51.758369029577146,0
2022-10-02 06:00:00,42.46332934738493,0
2022-10-02 07:00:00,43.44978432823797,0
2022-10-02 08:00:00,43.25878738347931,0
2022-10-02 09:00:00,39.59515954412049,0
2022-10-02 10:00:00,23.657981627531427,1
2022-10-02 11:00:00,38.14463775904337,0
2022-10-02 12:00:00,35.60875109748676,0
2022-10-02 13:00:00,35.76256586197742,0
2022-10-02 14:00:00,31.259340352512986,0
2022-10-02 15:00:00,37.536538341702695,0
2022-10-02 16:00:00,44.61110993388605,0
2022-10-02 17:00:00,44.40011433402717,0
2022-10-02 18:00:00,46.972448174810964,0
2022-10-02 19:00:00,52.24292126302366,0
2022-10-02 20:00:00,48.67911350151055,0
2022-10-02 21:00:00,45.03240943028788,0
2022-10-02 22:00:00,42.15109052739429,0
2022-10-02 23:00:00,33.10680082488824,0
2022-10-03 00:00:00,37.556405902995,0
2022-10-03 01:00:00,50.5487373712422,0
2022-10-03 02:00:00,44.1827578050357,0
2022-10-03 03:00:00,46.84215563310442,0
2022-10-03 04:00:00,41.88685154806409,0
2022-10-03 05:00:00,53.07854353655657,0
2022-10-03 06:00:00,49.66181820846839,0
2022-10-03 07:00:00,49.87090019537048,0
2022-10-03 08:00:00,49.686967256343586,0
2022-10-03 09:00:00,48.35066510305418,0
2022-10-03 10:00:00,52.818478024485216,0
2022-10-03 11:00:00,53.99584170716251,0
2022-10-03 12:00:00,54.43664172133702,0
2022-10-03 13:00:00,47.565218118063854,0
2022-10-03 14:00:00,63.200960088263585,0
2022-10-03 15:00:00,57.23504107457282,0
2022-10-03 16:00:00,61.03592958749597,0
2022-10-03 17:00:00,66.90993350912358,0
2022-10-03 18:00:00,69.298101762455,0
2022-10-03 19:00:00,64.13777971133649,0
2022-10-03 20:00:00,66.09374127169542,0
2022-10-03 21:00:00,63.059152216492045,0
2022-10-03 22:00:00,60.56727049305652,0
2022-10-03 23:00:00,65.38965045753453,0
2022-10-04 00:00:00,60.48682291325532,0
2022-10-04 01:00:00,56.72146474137955,0
2022-10-04 02:00:00,58.613201131875115,0
2022-10-04 03:00:00,61.080384342609555,0
2022-10-04 04:00:00,60.825213848751574,0
2022-10-04 05:00:00,61.71258319873353,0
2022-10-04 06:00:00,71.21945906359983,-1
2022-10-04 07:00:00,74.86857930838129,-1
2022-10-04 08:00:00,69.03899178779112,0
2022-10-04 09:00:00,70.72827833448468,-1
2022-10-04 10:00:00,71.44730215183843,-1
2022-10-04 11:00:00,69.37857439845064,0
2022-10-04 12:00:00,70.92711202204637,-1
2022-10-04 13:00:00,74.5845157045697,-1
2022-10-04 14:00:00,74.96462532773938,-1
2022-10-04 15:00:00,73.98384336026376,-1
2022-10-04 16:00:00,65.08749259195028,0
2022-10-04 17:00:00,66.31055654055399,0
2022-10-04 18:00:00,70.10838445334257,-1
2022-10-04 19:00:00,73.34442652576351,-1
2022-10-04 20:00:00,76.40913945666621,-1
2022-10-04 21:00:00,72.97524098971886,-1
2022-10-04 22:00:00,73.3543506637575,-1
2022-10-04 23:00:00,74.59989334935212,-1
2022-10-05 00:00:00,62.55282519795164,0
2022-10-05 01:00:00,63.6987841874399,0
2022-10-05 02:00:00,62.01906884918069,0
2022-10-05 03:00:00,61.90239339796035,0
2022-10-05 04:00:00,56.716257353753974,0
2022-10-05 05:00:00,60.57779869932248,0
2022-10-05 06:00:00,63.168040610043946,0
2022-10-05 07:00:00,61.11045760714846,0
2022-10-05 08:00:00,54.40145857557678,0
2022-10-05 09:00:00,51.47995595135531,0
2022-10-05 10:00:00,53.56257396192647,0
2022-10-05 11:00:00,47.46506968599309,0
2022-10-05 12:00:00,46.903028738500495,0
2022-10-05 13:00:00,41.05246968334972,0
2022-10-05 14:00:00,38.85582356470437,0
2022-10-05 15:00:00,47.48826694079895,0
2022-10-05 16:00:00,59.277910377342614,0
2022-10-05 17:00:00,55.20204736492903,0
2022-10-05 18:00:00,59.543695397605845,0
2022-10-05 19:00:00,51.84047455401179,0
2022-10-05 20:00:00,45.94214950286803,0
2022-10-05 21:00:00,48.953687717561785,0
2022-10-05 22:00:00,54.80244844569508,0
2022-10-05 23:00:00,53.26937999519681,0
2022-10-06 00:00:00,57.65794896935315,0
2022-10-06 01:00:00,61.19528262345845,0
2022-10-06 02:00:00,59.04222620909597,0
2022-10-06 03:00:00,59.921588390897355,0
2022-10-06 04:00:00,59.92548159775241,0
2022-10-06 05:00:00,56.8563846737771,0
2022-10-06 06:00:00,50.12672607600324,0
2022-10-06 07:00:00,52.31416849882951,0
2022-10-06 08:00:00,48.4650830351353,0
2022-10-06 09:00:00,46.256335777729795,0
2022-10-06 10:00:00,48.043566540837496,0
2022-10-06 11:00:00,53.86038391821325,0
2022-10-06 12:00:00,50.957044403930034,0
2022-10-06 13:00:00,46.88465489986895,0
2022-10-06 14:00:00,46.459277550086554,0
2022-10-06 15:00:00,42.02465895252325,0
2022-10-06 16:00:00,44.378932607331954,0
2022-10-06 17:00:00,48.330270434769716,0
2022-10-06 18:00:00,43.47910890381003,0
2022-10-06 19:00:00,43.18853681116442,0
2022-10-06 20:00:00,45.696357000755526,0
2022-10-06 21:00:00,38.90389966180256,0
2022-10-06 22:00:00,38.48132604544784,0
2022-10-06 23:00:00,42.67734263944069,0
2022-10-07 00:00:00,44.54947307791945,0
2022-10-07 01:00:00,44.82768227903446,0
2022-10-07 02:00:00,46.49014573683688,0
2022-10-07 03:00:00,44.42790455630543,0
2022-10-07 04:00:00,41.8799730489372,0
2022-10-07 05:00:00,44.07281424900279,0
2022-10-07 06:00:00,37.52172586696223,0
2022-10-07 07:00:00,43.12891613156431,0
2022-10-07 08:00:00,46.61050673342342,0
2022-10-07 09:00:00,47.13876592696162,0
2022-10-07 10:00:00,48.406267445213665,0
2022-10-07 11:00:00,48.582231391074046,0
2022-10-07 12:00:00,29.6790930076289,1
2022-10-07 13:00:00,29.220143426953328,1
2022-10-07 14:00:00,32.325314054199836,0
2022-10-07 15:00:00,30.162436854950574,0
2022-10-07 16:00:00,24.924646645683598,1
2022-10-07 17:00:00,25.901955280885826,1
2022-10-07 18:00:00,28.69756614823016,1
2022-10-07 19:00:00,29.249099928865732,1
2022-10-07 20:00:00,36.24933294980972,0
2022-10-07 21:00:00,37.90717767739778,0
2022-10-07 22:00:00,36.97151189852301,0
2022-10-07 23:00:00,35.943325466660085,0
2022-10-08 00:00:00,39.21503419464981,0
2022-10-08 01:00:00,41.340631808926744,0
2022-10-08 02:00:00,39.49762390266458,0
2022-10-08 03:00:00,36.226088026941135,0
2022-10-08 04:00:00,33.30597580991934,0
2022-10-08 05:00:00,39.081650376360386,0
2022-10-08 06:00:00,39.53956265818161,0
2022-10-08 07:00:00,38.614073706162266,0
2022-10-08 08:00:00,36.7432842014504,0
2022-10-08 09:00:00,40.11372972157683,0
2022-10-08 10:00:00,40.31152391988511,0
2022-10-08 11:00:00,43.70498723600269,0
2022-10-08 12:00:00,42.00380922603461,0
2022-10-08 13:00:00,39.304273713940724,0
2022-10-08 14:00:00,41.63096207066059,0
2022-10-08 15:00:00,40.77671954821061,0
2022-10-08 16:00:00,45.22661776301918,0
2022-10-08 17:00:00,42.84157501372325,0
2022-10-08 18:00:00,40.598466001616515,0
2022-10-08 19:00:00,40.0141830366477,0
2022-10-08 20:00:00,38.428962501198164,0
2022-10-08 21:00:00,28.916122356105628,1
2022-10-08 22:00:00,34.480775174268054,0
2022-10-08 23:00:00,40.85173088606462,0
2022-10-09 00:00:00,39.36382965066296,0
2022-10-09 01:00:00,40.354542331335914,0
2022-10-09 02:00:00,37.13476023868372,0
2022-10-09 03:00:00,37.64564952631982,0
2022-10-09 04:00:00,40.51562168374775,0
2022-10-09 05:00:00,43.06221416088497,0
2022-10-09 06:00:00,45.49730574072221,0
2022-10-09 07:00:00,43.43304947686162,0
2022-10-09 08:00:00,42.32442293979425,0
2022-10-09 09:00:00,44.971550999682684,0
2022-10-09 10:00:00,54.17994025515953,0
2022-10-09 11:00:00,51.783880980248405,0
2022-10-09 12:00:00,55.124707038022606,0
2022-10-09 13:00:00,50.88065567822161,0
2022-10-09 14:00:00,54.714543361325134,0
2022-10-09 15:00:00,58.14934793677924,0
2022-10-09 16:00:00,54.378544697094796,0
2022-10-09 17:00:00,51.86505648668064,0
2022-10-09 18:00:00,56.080511530245694,0
2022-10-09 19:00:00,49.314362166865635,0
2022-10-09 20:00:00,50.95693153223824,0
2022-10-09 21:00:00,50.59377035397323,0
2022-10-09 22:00:00,41.68975819125747,0
2022-10-09 23:00:00,46.66278384429208,0
2022-10-10 00:00:00,52.59590429327272,0
2022-10-10 01:00:00,53.40075207047552,0
2022-10-10 02:00:00,49.94679001981109,0
2022-10-10 03:00:00,47.565768950646685,0
2022-10-10 04:00:00,49.69749852214208,0
2022-10-10 05:00:00,43.6669626708632,0
2022-10-10 06:00:00,41.768437172544004,0
2022-10-10 07:00:00,44.086434919525864,0
2022-10-10 08:00:00,30.695494818489085,0
2022-10-10 09:00:00,40.99336104140874,0
2022-10-10 10:00:00,37.53770142588463,0
2022-10-10 11:00:00,42.96865855315705,0
2022-10-10 12:00:00,50.230852272662986,0
2022-10-10 13:00:00,43.27738844980353,0
2022-10-10 14:00:00,39.98348164749893,0
2022-10-10 15:00:00,40.812190785121544,0
2022-10-10 16:00:00,34.20076425159599,0
2022-10-10 17:00:00,47.44641842258753,0
2022-10-10 18:00:00,42.32661761356768,0
2022-10-10 19:00:00,41.76219358176672,0
2022-10-10 20:00:00,44.00284509179446,0
2022-10-10 21:00:00,44.18020873756706,0
2022-10-10 22:00:00,38.12527631813668,0
2022-10-10 23:00:00,38.15664283455469,0
2022-10-11 00:00:00,34.21533016238703,0
2022-10-11 01:00:00,33.713228388463634,0
2022-10-11 02:00:00,35.88325032779661,0
2022-10-11 03:00:00,35.226372701905916,0
2022-10-11 04:00:00,35.07511255666112,0
2022-10-11 05:00:00,34.37123032445438,0
2022-10-11 06:00:00,37.37287378529541,0
2022-10-11 07:00:00,39.861069358238346,0
2022-10-11 08:00:00,42.563273347732625,0
2022-10-11 09:00:00,39.33362911334828,0
2022-10-11 10:00:00,42.35033484821153,0
2022-10-11 11:00:00,48.79786394121502,0
2022-10-11 12:00:00,48.110374596469676,0
2022-10-11 13:00:00,36.5948443903861,0
2022-10-11 14:00:00,40.93277808625282,0
2022-10-11 15:00:00,49.8357760805238,0
2022-10-11 16:00:00,50.44493416070429,0
2022-10-11 17:00:00,48.64383280996601,0
2022-10-11 18:00:00,38.83336469052828,0
2022-10-11 19:00:00,40.774535394711805,0
2022-10-11 20:00:00,42.63415272796703,0
2022-10-11 21:00:00,41.909551647762896,0
2022-10-11 22:00:00,44.72956408690479,0
2022-10-11 23:00:00,46.62526546802818,0
2022-10-12 00:00:00,49.169573552299155,0
2022-10-12 01:00:00,46.93463110434815,0
2022-10-12 02:00:00,47.22274906058707,0
2022-10-12 03:00:00,45.570706350516055,0
2022-10-12 04:00:00,50.42118927317165,0
2022-10-12 05:00:00,52.05037704249947,0
2022-10-12 06:00:00,55.41794635815167,0
2022-10-12 07:00:00,51.17614140294917,0
2022-10-12 08:00:00,54.05447895559294,0
2022-10-12 09:00:00,56.63554701704632,0
2022-10-12 10:00:00,54.65175418877529,0
2022-10-12 11:00:00,50.4248356574774,0
2022-10-12 12:00:00,46.52893948070966,0
2022-10-12 13:00:00,50.912610896470774,0
2022-10-12 14:00:00,48.21325691101813,0
2022-10-12 15:00:00,53.011581146215924,0
2022-10-12 16:00:00,48.78248097782906,0
2022-10-12 17:00:00,48.097189961353315,0
2022-10-12 18:00:00,50.88102837081461,0
2022-10-12 19:00:00,53.431571393763996,0
2022-10-12 20:00:00,56.545614141771765,0
2022-10-12 21:00:00,57.32153485968707,0
2022-10-12 22:00:00,53.76349309476082,0
2022-10-12 23:00:00,54.2253601314199,0
2022-10-13 00:00:00,53.2937245370385,0
2022-10-13 01:00:00,47.76050074779771,0
2022-10-13 02:00:00,45.13197270608814,0
2022-10-13 03:00:00,45.30019016455634,0
2022-10-13 04:00:00,46.45730495054908,0
2022-10-13 05:00:00,45.81941605765944,0
2022-10-13 06:00:00,41.496325163544874,0
2022-10-13 07:00:00,35.4139469051857,0
2022-10-13 08:00:00,35.8199566748992,0
2022-10-13 09:00:00,34.20980573043965,0
2022-10-13 10:00:00,17.0033310008314,1
2022-10-13 11:00:00,25.29034711079182,1
2022-10-13 12:00:00,15.50218482615596,1
2022-10-13 13:00:00,19.401613124901658,1
2022-10-13 14:00:00,19.052645227495777,1
2022-10-13 15:00:00,51.52305421904957,0
2022-10-13 16:00:00,56.0611467803149,0
2022-10-13 17:00:00,58.363652455641805,0
2022-10-13 18:00:00,65.48468119421429,0
2022-10-13 19:00:00,63.329269745726165,0
2022-10-13 20:00:00,63.666639533090944,0
2022-10-13 21:00:00,64.170939819296,0
2022-10-13 22:00:00,65.0380365782111,0
2022-10-13 23:00:00,62.01242026114673,0
2022-10-14 00:00:00,63.10291170575255,0
2022-10-14 01:00:00,74.1923496678695,-1
2022-10-14 02:00:00,72.36340107055955,-1
2022-10-14 03:00:00,71.70568904178484,-1
2022-10-14 04:00:00,71.55763314763986,-1
2022-10-14 05:00:00,71.08948906155936,-1
2022-10-14 06:00:00,70.29196299020522,-1
2022-10-14 07:00:00,61.30800856385335,0
2022-10-14 08:00:00,60.017256823339125,0
2022-10-14 09:00:00,61.18928568017846,0
2022-10-14 10:00:00,62.61093353853376,0
2022-10-14 11:00:00,57.20027326395712,0
2022-10-14 12:00:00,64.61967923035895,0
2022-10-14 13:00:00,57.52837403525327,0
2022-10-14 14:00:00,48.90785656006705,0
2022-10-14 15:00:00,45.13194044518858,0
2022-10-14 16:00:00,43.20129031788675,0
2022-10-14 17:00:00,45.796633771476166,0
2022-10-14 18:00:00,40.6862477170555,0
2022-10-14 19:00:00,39.19965571953562,0
2022-10-14 20:00:00,39.560452402032354,0
2022-10-14 21:00:00,37.25350141417681,0
2022-10-14 22:00:00,40.09160602087347,0
2022-10-14 23:00:00,40.89047614730188,0
2022-10-15 00:00:00,42.445926149208546,0
2022-10-15 01:00:00,41.33505016070295,0
2022-10-15 02:00:00,42.63110923980616,0
2022-10-15 03:00:00,42.901487772634866,0
2022-10-15 04:00:00,42.25289112929771,0
2022-10-15 05:00:00,41.656711920231004,0
2022-10-15 06:00:00,41.18590691925469,0
2022-10-15 07:00:00,41.17368395241121,0
2022-10-15 08:00:00,35.6036271518194,0
2022-10-15 09:00:00,39.04169154128736,0
2022-10-15 10:00:00,43.18730264461544,0
2022-10-15 11:00:00,44.34820319359453,0
2022-10-15 12:00:00,44.13552484778625,0
2022-10-15 13:00:00,44.441587599938536,0
2022-10-15 14:00:00,42.483337757466046,0
2022-10-15 15:00:00,41.193209796104014,0
2022-10-15 16:00:00,41.04676755590302,0
2022-10-15 17:00:00,39.565668568763876,0
2022-10-15 18:00:00,40.65322636142821,0
2022-10-15 19:00:00,39.14510390098334,0
2022-10-15 20:00:00,38.80684196381215,0
2022-10-15 21:00:00,36.34529910029916,0
2022-10-15 22:00:00,35.207058887915785,0
2022-10-15 23:00:00,37.03937944122128,0
2022-10-16 00:00:00,47.53684370547847,0
2022-10-16 01:00:00,48.067416143529606,0
2022-10-16 02:00:00,44.59473741545341,0
2022-10-16 03:00:00,45.382222565196706,0
2022-10-16 04:00:00,47.73684039910186,0
2022-10-16 05:00:00,49.58242334889996,0
2022-10-16 06:00:00,47.20350606720047,0
2022-10-16 07:00:00,47.40357797735966,0
2022-10-16 08:00:00,52.81172483960082,0
2022-10-16 09:00:00,48.49354904938326,0
2022-10-16 10:00:00,46.717516313176425,0
2022-10-16 11:00:00,49.70174048452479,0
2022-10-16 12:00:00,47.61313807794824,0
2022-10-16 13:00:00,46.704932164019965,0
2022-10-16 14:00:00,47.0804660449037,0
2022-10-16 15:00:00,52.454373670107294,0
2022-10-16 16:00:00,48.569255559446944,0
2022-10-16 17:00:00,48.124202647383434,0
2022-10-16 18:00:00,47.69278391704137,0
2022-10-16 19:00:00,74.87835914524088,-1
2022-10-16 20:00:00,67.26055939626463,0
2022-10-16 21:00:00,48.094607773889706,0
2022-10-16 22:00:00,58.66778621401014,0
2022-10-16 23:00:00,55.61184261290865,0
2022-10-17 00:00:00,53.104503125643646,0
2022-10-17 01:00:00,49.13339975168217,0
2022-10-17 02:00:00,51.10586084704129,0
2022-10-17 03:00:00,49.922407215479595,0
2022-10-17 04:00:00,53.15623125201854,0
2022-10-17 05:00:00,56.31761313271859,0
2022-10-17 06:00:00,53.281940270291486,0
2022-10-17 07:00:00,57.30814473081396,0
2022-10-17 08:00:00,54.219820161423726,0
2022-10-17 09:00:00,59.51343193795717,0
2022-10-17 10:00:00,63.04584223298516,0
2022-10-17 11:00:00,66.59073081691336,0
2022-10-17 12:00:00,69.29021683875904,0
2022-10-17 13:00:00,72.09644548633175,-1
2022-10-17 14:00:00,61.86838650924786,0
2022-10-17 15:00:00,64.79091295480411,0
2022-10-17 16:00:00,62.82461219657708,0
2022-10-17 17:00:00,63.42754792825154,0
2022-10-17 18:00:00,62.974071230402224,0
2022-10-17 19:00:00,63.61190423134868,0
2022-10-17 20:00:00,63.65601377139309,0
2022-10-17 21:00:00,62.433463929996385,0
2022-10-17 22:00:00,62.16407195500795,0
2022-10-17 23:00:00,64.6503975094098,0
2022-10-18 00:00:00,67.87920045335964,0
2022-10-18 01:00:00,60.36023186550866,0
2022-10-18 02:00:00,55.60924626511877,0
2022-10-18 03:00:00,59.94619729752344,0
2022-10-18 04:00:00,62.29872896030747,0
2022-10-18 05:00:00,59.14474298946082,0
2022-10-18 06:00:00,65.30902689736199,0
2022-10-18 07:00:00,66.6150680618031,0
2022-10-18 08:00:00,53.53210949952394,0
2022-10-18 09:00:00,53.1074268566351,0
2022-10-18 10:00:00,53.15643180957083,0
2022-10-18 11:00:00,55.956998695441285,0
2022-10-18 12:00:00,60.78342454335007,0
2022-10-18 13:00:00,52.577309684446696,0
2022-10-18 14:00:00,43.35406642070475,0
2022-10-18 15:00:00,40.57866349369146,0
2022-10-18 16:00:00,43.965274788439864,0
2022-10-18 17:00:00,43.63554285338456,0
2022-10-18 18:00:00,33.33772204204886,0
2022-10-18 19:00:00,33.24754217609486,0
2022-10-18 20:00:00,45.0920863597136,0
2022-10-18 21:00:00,41.288381697350054,0
2022-10-18 22:00:00,43.16137513891526,0
2022-10-18 23:00:00,43.80982553203279,0
2022-10-19 00:00:00,38.63718350189075,0
2022-10-19 01:00:00,44.52972619633658,0
2022-10-19 02:00:00,43.413009338194854,0
2022-10-19 03:00:00,42.84908057616659,0
2022-10-19 04:00:00,42.42253687728139,0
2022-10-19 05:00:00,41.00811049208212,0
2022-10-19 06:00:00,37.17231287596238,0
2022-10-19 07:00:00,39.73201190876417,0
2022-10-19 08:00:00,38.36172204712899,0
2022-10-19 09:00:00,45.05261290406297,0
2022-10-19 10:00:00,41.52355548855048,0
2022-10-19 11:00:00,40.57282767494848,0
2022-10-19 12:00:00,38.195589736492906,0
2022-10-19 13:00:00,35.75458879058934,0
2022-10-19 14:00:00,38.73590655609069,0
2022-10-19 15:00:00,49.154064497528005,0
2022-10-19 16:00:00,43.18169698912008,0
2022-10-19 17:00:00,43.33563123033168,0
2022-10-19 18:00:00,43.85437149401316,0
2022-10-19 19:00:00,47.74105206134408,0
2022-10-19 20:00:00,44.89975916860132,0
2022-10-19 21:00:00,44.79749748354673,0
2022-10-19 22:00:00,40.94987715822011,0
2022-10-19 23:00:00,39.532752170067525,0
2022-10-20 00:00:00,30.503131456156783,0
2022-10-20 01:00:00,37.772080845724865,0
2022-10-20 02:00:00,39.366924919302264,0
2022-10-20 03:00:00,38.12883484500893,0
2022-10-20 04:00:00,50.034192472476505,0
2022-10-20 05:00:00,46.96315595105464,0
2022-10-20 06:00:00,46.692057262877725,0
2022-10-20 07:00:00,47.725302546303574,0
2022-10-20 08:00:00,45.15604800130973,0
2022-10-20 09:00:00,51.318414229933246,0
2022-10-20 10:00:00,52.32676450772245,0
2022-10-20 11:00:00,52.985271857759514,0
2022-10-20 12:00:00,46.767075365609436,0
2022-10-20 13:00:00,49.94748237900975,0
2022-10-20 14:00:00,60.61877542950616,0
2022-10-20 15:00:00,54.71815609200369,0
2022-10-20 16:00:00,49.59832245586356,0
2022-10-20 17:00:00,44.43274059550555,0
2022-10-20 18:00:00,42.29291852721015,0
2022-10-20 19:00:00,42.38199925328423,0
2022-10-20 20:00:00,40.281735191391235,0
2022-10-20 21:00:00,43.90044314972384,0
2022-10-20 22:00:00,41.50376954563947,0
2022-10-20 23:00:00,42.294473956414386,0
2022-10-21 00:00:00,42.769151599077276,0
2022-10-21 01:00:00,44.59225718684825,0
2022-10-21 02:00:00,48.83566655334278,0
2022-10-21 03:00:00,44.06183691625547,0
2022-10-21 04:00:00,43.74315549790944,0
2022-10-21 05:00:00,43.31301785070804,0
2022-10-21 06:00:00,42.64884609533374,0
2022-10-21 07:00:00,41.91060319877782,0
2022-10-21 08:00:00,37.82136960435604,0
2022-10-21 09:00:00,41.6779329619055,0
2022-10-21 10:00:00,40.85551142579839,0
2022-10-21 11:00:00,35.75293524933531,0
2022-10-21 12:00:00,31.195110662352278,0
2022-10-21 13:00:00,50.615821526500596,0
2022-10-21 14:00:00,44.21388248229288,0
2022-10-21 15:00:00,57.05488374728192,0
2022-10-21 16:00:00,54.13776087921934,0
2022-10-21 17:00:00,55.49207566393089,0
2022-10-21 18:00:00,54.7608042101437,0
2022-10-21 19:00:00,57.75820426258066,0
2022-10-21 20:00:00,56.86307267923526,0
2022-10-21 21:00:00,54.968209027851685,0
2022-10-21 22:00:00,57.31777067269372,0
2022-10-21 23:00:00,54.68901219426459,0
2022-10-22 00:00:00,55.139788838852716,0
2022-10-22 01:00:00,54.34050825520955,0
2022-10-22 02:00:00,51.379788319585,0
2022-10-22 03:00:00,53.496961772543486,0
2022-10-22 04:00:00,53.05725322053475,0
2022-10-22 05:00:00,52.53552119263984,0
2022-10-22 06:00:00,52.9041515768165,0
2022-10-22 07:00:00,54.9647515327096,0
2022-10-22 08:00:00,53.953328675898874,0
2022-10-22 09:00:00,51.74985571292603,0
2022-10-22 10:00:00,54.823971339462155,0
2022-10-22 11:00:00,56.322396548633435,0
2022-10-22 12:00:00,56.898181117980776,0
2022-10-22 13:00:00,58.11333617159565,0
2022-10-22 14:00:00,63.27348165226021,0
2022-10-22 15:00:00,62.75670191466577,0
2022-10-22 16:00:00,55.73067323273612,0
2022-10-22 17:00:00,49.133223994213225,0
2022-10-22 18:00:00,51.79936751869369,0
2022-10-22 19:00:00,53.820566150795536,0
2022-10-22 20:00:00,57.97002388411391,0
2022-10-22 21:00:00,55.95451236457635,0
2022-10-22 22:00:00,54.25030719724566,0
2022-10-22 23:00:00,55.717438507967984,0
2022-10-23 00:00:00,54.12848821958417,0
2022-10-23 01:00:00,51.152846705569765,0
2022-10-23 02:00:00,53.83499912401789,0
2022-10-23 03:00:00,54.279888890757384,0
2022-10-23 04:00:00,51.680631654118145,0
2022-10-23 05:00:00,49.86426355410596,0
2022-10-23 06:00:00,49.82188746221146,0
2022-10-23 07:00:00,46.50229217776987,0
2022-10-23 08:00:00,51.35742726883126,0
2022-10-23 09:00:00,51.265069669300594,0
2022-10-23 10:00:00,48.25141273111928,0
2022-10-23 11:00:00,44.33501658869939,0
2022-10-23 12:00:00,44.57724183351605,0
2022-10-23 13:00:00,51.2527639400851,0
2022-10-23 14:00:00,54.06219246297857,0
2022-10-23 15:00:00,53.79294210653529,0
2022-10-23 16:00:00,50.616607738843356,0
2022-10-23 17:00:00,81.21885799433475,-1
2022-10-23 18:00:00,75.47314348884784,-1
2022-10-23 19:00:00,78.26664168293424,-1
2022-10-23 20:00:00,77.95179790710677,-1
2022-10-23 21:00:00,79.91211973358331,-1
2022-10-23 22:00:00,81.96932348144514,-1
2022-10-23 23:00:00,78.0212392940068,-1
2022-10-24 00:00:00,70.19459595115438,-1
2022-10-24 01:00:00,57.38842605995373,0
2022-10-24 02:00:00,57.35588857476605,0
2022-10-24 03:00:00,54.87640232582046,0
2022-10-24 04:00:00,49.18302796774561,0
2022-10-24 05:00:00,49.073765304542945,0
2022-10-24 06:00:00,44.894627790750846,0
2022-10-24 07:00:00,48.585338321211275,0
2022-10-24 08:00:00,49.8381546755242,0
2022-10-24 09:00:00,54.4820882313797,0
2022-10-24 10:00:00,56.4646638310358,0
2022-10-24 11:00:00,58.07788810309368,0
2022-10-24 12:00:00,52.19855965668053,0
2022-10-24 13:00:00,49.580920511285285,0
2022-10-24 14:00:00,42.008783787435185,0
2022-10-24 15:00:00,45.16698679685421,0
2022-10-24 16:00:00,42.5251233820121,0
2022-10-24 17:00:00,44.16080466668569,0
2022-10-24 18:00:00,49.86768054154646,0
2022-10-24 19:00:00,50.970975506031614,0
2022-10-24 20:00:00,54.70196182915609,0
2022-10-24 21:00:00,53.0064634910133,0
2022-10-24 22:00:00,51.91858624841586,0
2022-10-24 23:00:00,48.133254495144705,0
2022-10-25 00:00:00,46.18954275519439,0
2022-10-25 01:00:00,44.650340834474385,0
2022-10-25 02:00:00,46.75232738183699,0
2022-10-25 03:00:00,50.921159183953115,0
2022-10-25 04:00:00,50.762641079005625,0
2022-10-25 05:00:00,50.60840172044888,0
2022-10-25 06:00:00,48.75769812895842,0
2022-10-25 07:00:00,45.35474517592807,0
2022-10-25 08:00:00,43.576314648621555,0
2022-10-25 09:00:00,39.39018587658547,0
2022-10-25 10:00:00,45.327228640150494,0
2022-10-25 11:00:00,46.151525942777766,0
2022-10-25 12:00:00,50.35694593468356,0
2022-10-25 13:00:00,67.7867174389089,0
2022-10-25 14:00:00,68.50403014561081,0
2022-10-25 15:00:00,81.19136313152717,-1
2022-10-25 16:00:00,83.03923978984952,-1
2022-10-25 17:00:00,88.59633937480271,-1
2022-10-25 18:00:00,90.32568231247447,-1
2022-10-25 19:00:00,90.3759205791964,-1
2022-10-25 20:00:00,82.2297824075422,-1
2022-10-25 21:00:00,82.98154584710402,-1
2022-10-25 22:00:00,69.61982763398456,0
2022-10-25 23:00:00,70.09354646851624,-1
2022-10-26 00:00:00,72.71870012271305,-1
2022-10-26 01:00:00,74.49835393210691,-1
2022-10-26 02:00:00,72.9130857807369,-1
2022-10-26 03:00:00,74.0715840142331,-1
2022-10-26 04:00:00,70.19670217432585,-1
2022-10-26 05:00:00,69.19077166023035,0
2022-10-26 06:00:00,70.28375774643882,-1
2022-10-26 07:00:00,74.5357575545523,-1
2022-10-26 08:00:00,81.81960321529016,-1
2022-10-26 09:00:00,76.54508249227685,-1
2022-10-26 10:00:00,77.99895181571411,-1
2022-10-26 11:00:00,73.77854025748655,-1
2022-10-26 12:00:00,69.89134923579711,0
2022-10-26 13:00:00,69.99961804537087,0
2022-10-26 14:00:00,76.890539293662,-1
2022-10-26 15:00:00,77.20782631252112,-1
2022-10-26 16:00:00,71.63992471032996,-1
2022-10-26 17:00:00,73.10220181503679,-1
2022-10-26 18:00:00,65.2668334998044,0
2022-10-26 19:00:00,67.31582112346513,0
2022-10-26 20:00:00,66.18049368408616,0
2022-10-26 21:00:00,65.72789209200967,0
2022-10-26 22:00:00,68.38998592780658,0
2022-10-26 23:00:00,64.9536596413976,0
2022-10-27 00:00:00,63.85272240611439,0
2022-10-27 01:00:00,61.9123441944412,0
2022-10-27 02:00:00,58.931175433256655,0
2022-10-27 03:00:00,62.243770670878334,0
2022-10-27 04:00:00,64.19110710280954,0
2022-10-27 05:00:00,64.30200246859096,0
2022-10-27 06:00:00,57.90583476935845,0
2022-10-27 07:00:00,57.52626983760731,0
2022-10-27 08:00:00,57.24892909579394,0
2022-10-27 09:00:00,50.00859555376872,0
2022-10-27 10:00:00,45.996843200456276,0
2022-10-27 11:00:00,50.95278143275999,0
2022-10-27 12:00:00,56.78902724302613,0
2022-10-27 13:00:00,45.157601303312745,0
2022-10-27 14:00:00,47.86090591186853,0
2022-10-27 15:00:00,47.5719934082916,0
2022-10-27 16:00:00,48.21412624577596,0
2022-10-27 17:00:00,48.78472101780193,0
2022-10-27 18:00:00,48.6586267454996,0
2022-10-27 19:00:00,52.09080878818058,0
2022-10-27 20:00:00,38.62508264296984,0
2022-10-27 21:00:00,39.51394988389196,0
2022-10-27 22:00:00,33.745523125147244,0
2022-10-27 23:00:00,35.722337645045464,0
2022-10-28 00:00:00,35.2198389827636,0
2022-10-28 01:00:00,38.2614264958141,0
2022-10-28 02:00:00,33.926250520279304,0
2022-10-28 03:00:00,39.21937364084595,0
2022-10-28 04:00:00,37.29268203836073,0
2022-10-28 05:00:00,40.14853653644762,0
2022-10-28 06:00:00,38.53430942865861,0
2022-10-28 07:00:00,31.08883887980701,0
2022-10-28 08:00:00,38.23955304450146,0
2022-10-28 09:00:00,39.86695676544666,0
2022-10-28 10:00:00,38.62032861979933,0
2022-10-28 11:00:00,38.51106909928842,0
2022-10-28 12:00:00,41.339510832896025,0
2022-10-28 13:00:00,56.69715069878241,0
2022-10-28 14:00:00,57.91291443540284,0
2022-10-28 15:00:00,57.015457643725746,0
2022-10-28 16:00:00,65.95491596773533,0
2022-10-28 17:00:00,61.46092590812335,0
2022-10-28 18:00:00,61.43567063890068,0
2022-10-28 19:00:00,59.924149172411575,0
2022-10-28 20:00:00,60.85666295767613,0
2022-10-28 21:00:00,58.435201419944775,0
2022-10-28 22:00:00,60.3210318557447,0
2022-10-28 23:00:00,57.43271958371342,0
2022-10-29 00:00:00,59.110783902585815,0
2022-10-29 01:00:00,59.41288244830328,0
2022-10-29 02:00:00,64.87772148076267,0
2022-10-29 03:00:00,65.84387414455747,0
2022-10-29 04:00:00,59.42592297070405,0
2022-10-29 05:00:00,57.61401377444522,0
2022-10-29 06:00:00,59.186442737835634,0
2022-10-29 07:00:00,64.15999711122805,0
2022-10-29 08:00:00,70.38935130972236,-1
2022-10-29 09:00:00,71.53820287148858,-1
2022-10-29 10:00:00,57.91267682947636,0
2022-10-29 11:00:00,53.19378612899318,0
2022-10-29 12:00:00,56.588671949747926,0
2022-10-29 13:00:00,57.29651036179907,0
2022-10-29 14:00:00,58.63480052303469,0
2022-10-29 15:00:00,63.818835958161586,0
2022-10-29 16:00:00,59.49464920626241,0
2022-10-29 17:00:00,56.06234261886466,0
2022-10-29 18:00:00,58.16292867309334,0
2022-10-29 19:00:00,57.126106753329914,0
2022-10-29 20:00:00,57.847251502024655,0
2022-10-29 21:00:00,57.43428249973479,0
2022-10-29 22:00:00,50.86859710139508,0
2022-10-29 23:00:00,54.04412839107,0
2022-10-30 00:00:00,47.70768204813721,0
2022-10-30 01:00:00,51.927380900839886,0
2022-10-30 02:00:00,50.384793235543825,0
2022-10-30 03:00:00,51.890301993220206,0
2022-10-30 04:00:00,49.534542748363,0
2022-10-30 05:00:00,53.560141761554846,0
2022-10-30 06:00:00,59.00693683355118,0
2022-10-30 07:00:00,55.86552913482748,0
2022-10-30 08:00:00,50.808057205393105,0
2022-10-30 09:00:00,45.100269863649395,0
2022-10-30 10:00:00,44.57125849585869,0
2022-10-30 11:00:00,50.617803748516536,0
2022-10-30 12:00:00,47.68855048579917,0
2022-10-30 13:00:00,43.12120804840357,0
2022-10-30 14:00:00,49.36979609024973,0
2022-10-30 15:00:00,45.62632040040877,0
2022-10-30 16:00:00,41.56818422374377,0
2022-10-30 17:00:00,45.56858455282997,0
2022-10-30 18:00:00,46.739159974256886,0
2022-10-30 19:00:00,44.92443872705757,0
2022-10-30 20:00:00,47.416292593707695,0
2022-10-30 21:00:00,47.990204553671134,0
2022-10-30 22:00:00,41.459087502900196,0
2022-10-30 23:00:00,44.59095643090865,0
2022-10-31 00:00:00,39.81831392569715,0
2022-10-31 01:00:00,38.697802968535115,0
2022-10-31 02:00:00,35.97729236367373,0
2022-10-31 03:00:00,40.150498826722334,0
2022-10-31 04:00:00,43.75978275258122,0
2022-10-31 05:00:00,42.73720635469119,0
2022-10-31 06:00:00,40.92680968469952,0
2022-10-31 07:00:00,43.6518131622096,0
2022-10-31 08:00:00,39.802661496349586,0
2022-10-31 09:00:00,55.97438301801006,0
2022-10-31 10:00:00,57.96105248413359,0
2022-10-31 11:00:00,56.50981991019065,0
2022-10-31 12:00:00,54.02943360187798,0
2022-10-31 13:00:00,35.272302374573066,0
2022-10-31 14:00:00,35.983588575203974,0
2022-10-31 15:00:00,40.066644953147744,0
2022-10-31 16:00:00,39.054901356487164,0
2022-10-31 17:00:00,38.923141150985096,0
2022-10-31 18:00:00,43.11842232425579,0
2022-10-31 19:00:00,39.94524320053189,0
2022-10-31 20:00:00,42.30155454787071,0
2022-10-31 21:00:00,42.63242983546418,0
2022-10-31 22:00:00,47.573437901656995,0
2022-10-31 23:00:00,48.57231259157882,0
2022-11-01 00:00:00,46.21151750013089,0
2022-11-01 01:00:00,50.239385900779645,0
2022-11-01 02:00:00,54.522433582138255,0
2022-11-01 03:00:00,48.00585062186692,0
2022-11-01 04:00:00,48.889355060829146,0
2022-11-01 05:00:00,51.26961771433474,0
2022-11-01 06:00:00,57.31016024394292,0
2022-11-01 07:00:00,55.296943617117584,0
2022-11-01 08:00:00,53.973935536155004,0
2022-11-01 09:00:00,54.70918810998818,0
2022-11-01 10:00:00,56.30235371674917,0
2022-11-01 11:00:00,48.69937377336735,0
2022-11-01 12:00:00,50.31596959243611,0
2022-11-01 13:00:00,42.14426076870139,0
2022-11-01 14:00:00,41.29558691418199,0
2022-11-01 15:00:00,44.54199121592394,0
2022-11-01 16:00:00,42.315684565997095,0
2022-11-01 17:00:00,44.94871424900843,0
2022-11-01 18:00:00,47.03667153961977,0
2022-11-01 19:00:00,45.69261777190902,0
2022-11-01 20:00:00,48.688205105097396,0
2022-11-01 21:00:00,46.30223938443698,0
2022-11-01 22:00:00,48.56432139806025,0
2022-11-01 23:00:00,49.05544808840354,0
2022-11-02 00:00:00,52.46726979597629,0
2022-11-02 01:00:00,51.262562426204155,0
2022-11-02 02:00:00,52.19998552585905,0
2022-11-02 03:00:00,52.80565355164064,0
2022-11-02 04:00:00,52.51649236777661,0
2022-11-02 05:00:00,48.33963462811878,0
2022-11-02 06:00:00,47.14148242605373,0
2022-11-02 07:00:00,41.512431309836636,0
2022-11-02 08:00:00,51.53546203039938,0
2022-11-02 09:00:00,47.16707672459319,0
2022-11-02 10:00:00,42.12159462090666,0
2022-11-02 11:00:00,44.714128222743874,0
2022-11-02 12:00:00,41.65852783038541,0
2022-11-02 13:00:00,41.65852783038541,0
2022-11-02 14:00:00,46.09730648284324,0
2022-11-02 15:00:00,43.608544718439944,0
2022-11-02 16:00:00,55.68860896737635,0
2022-11-02 17:00:00,47.702784431672484,0
2022-11-02 18:00:00,49.036904222097526,0
2022-11-02 19:00:00,34.94657989381191,0
2022-11-02 20:00:00,31.308715689691407,0
2022-11-02 21:00:00,30.310613601157378,0
2022-11-02 22:00:00,28.517838942293043,1
2022-11-02 23:00:00,32.612254522364445,0
2022-11-03 00:00:00,37.60677705091404,0
2022-11-03 01:00:00,46.28279878005376,0
2022-11-03 02:00:00,45.04100391380502,0
2022-11-03 03:00:00,46.98405784668153,0
2022-11-03 04:00:00,50.79326291034485,0
2022-11-03 05:00:00,52.16795923369171,0
2022-11-03 06:00:00,46.785108029786656,0
2022-11-03 07:00:00,46.547298949135374,0
2022-11-03 08:00:00,46.23096308336597,0
2022-11-03 09:00:00,48.129120596961855,0
2022-11-03 10:00:00,43.96703331320102,0
2022-11-03 11:00:00,35.067891956419516,0
2022-11-03 12:00:00,33.71402379189116,0
2022-11-03 13:00:00,33.56887230431673,0
2022-11-03 14:00:00,51.77493144554873,0
2022-11-03 15:00:00,47.32775884190983,0
2022-11-03 16:00:00,50.41717464086887,0
2022-11-03 17:00:00,46.05953000472111,0
2022-11-03 18:00:00,47.116403283532506,0
2022-11-03 19:00:00,48.652538145532596,0
2022-11-03 20:00:00,46.738431533033555,0
2022-11-03 21:00:00,48.50167872692852,0
2022-11-03 22:00:00,43.957584169389065,0
2022-11-03 23:00:00,45.23669602518867,0
2022-11-04 00:00:00,51.048170097487805,0
2022-11-04 01:00:00,51.5164106373042,0
2022-11-04 02:00:00,53.465787076309304,0
2022-11-04 03:00:00,54.125196338259364,0
2022-11-04 04:00:00,54.79796753355009,0
2022-11-04 05:00:00,63.235592557311264,0
2022-11-04 06:00:00,71.47287141940818,-1
2022-11-04 07:00:00,71.74164124957335,-1
2022-11-04 08:00:00,68.42011292951416,0
2022-11-04 09:00:00,66.87619227940087,0
2022-11-04 10:00:00,70.98014738832013,-1
2022-11-04 11:00:00,61.688395171009304,0
2022-11-04 12:00:00,70.55280100287891,-1
2022-11-04 13:00:00,70.58183175013079,-1
2022-11-04 14:00:00,81.72116683476068,-1
2022-11-04 15:00:00,61.11437384226874,0
2022-11-04 16:00:00,58.78117794740048,0
2022-11-04 17:00:00,58.30177106560154,0
2022-11-04 18:00:00,63.40407491222836,0
2022-11-04 19:00:00,67.28016426116166,0
2022-11-04 20:00:00,67.79499783743766,0
2022-11-04 21:00:00,68.793049031565,0
2022-11-04 22:00:00,68.88227893656743,0
2022-11-04 23:00:00,67.30489118611703,0
2022-11-05 00:00:00,74.05198513223469,-1
2022-11-05 01:00:00,70.03303264225138,-1
2022-11-05 02:00:00,70.54080100465818,-1
2022-11-05 03:00:00,71.99490742292696,-1
2022-11-05 04:00:00,67.3295845942229,0
2022-11-05 05:00:00,68.07228087064728,0
2022-11-05 06:00:00,68.32883494631737,0
2022-11-05 07:00:00,67.2490045967054,0
2022-11-05 08:00:00,61.54170534138343,0
2022-11-05 09:00:00,61.39987035684656,0
2022-11-05 10:00:00,62.66105048596257,0
2022-11-05 11:00:00,65.85116059933605,0
2022-11-05 12:00:00,59.7935332999245,0
2022-11-05 13:00:00,57.17505105390071,0
2022-11-05 14:00:00,57.754381715174546,0
2022-11-05 15:00:00,58.52562036106459,0
2022-11-05 16:00:00,59.9789967905519,0
2022-11-05 17:00:00,59.35337005258424,0
2022-11-05 18:00:00,57.09668215030511,0
2022-11-05 19:00:00,59.39515821489489,0
2022-11-05 20:00:00,60.55049634628842,0
2022-11-05 21:00:00,59.05754616896857,0
2022-11-05 22:00:00,55.637297104332816,0
2022-11-05 23:00:00,55.86070101975136,0
2022-11-06 00:00:00,57.69608935911302,0
2022-11-06 01:00:00,46.72065414212893,0
2022-11-06 02:00:00,50.268101811984614,0
2022-11-06 03:00:00,50.03052725425882,0
2022-11-06 04:00:00,49.4267655539641,0
2022-11-06 05:00:00,43.574927771442205,0
2022-11-06 06:00:00,45.40860175949751,0
2022-11-06 07:00:00,47.3272474995566,0
2022-11-06 08:00:00,52.46856658259315,0
2022-11-06 09:00:00,51.23079483591623,0
2022-11-06 10:00:00,53.41245945058816,0
2022-11-06 11:00:00,52.61205424925574,0
2022-11-06 12:00:00,49.71161112498814,0
2022-11-06 13:00:00,48.84776057553726,0
2022-11-06 14:00:00,49.355488526577744,0
2022-11-06 15:00:00,51.50944703655023,0
2022-11-06 16:00:00,53.238903592574204,0
2022-11-06 17:00:00,51.68748960300108,0
2022-11-06 18:00:00,48.5135446451186,0
2022-11-06 19:00:00,45.37847935658663,0
2022-11-06 20:00:00,46.91655611783615,0
2022-11-06 21:00:00,38.2364471469642,0
2022-11-06 22:00:00,39.91049500019594,0
2022-11-06 23:00:00,25.01426843110101,1
2022-11-07 00:00:00,24.770259224673186,1
2022-11-07 01:00:00,35.095203321721826,0
2022-11-07 02:00:00,34.98544262562746,0
2022-11-07 03:00:00,30.943944644317558,0
2022-11-07 04:00:00,29.776385438520865,1
2022-11-07 05:00:00,28.01698172843762,1
2022-11-07 06:00:00,28.011739217240034,1
2022-11-07 07:00:00,19.31604747053406,1
2022-11-07 08:00:00,27.932913137833456,1
2022-11-07 09:00:00,26.600411766048648,1
2022-11-07 10:00:00,34.057218774437615,0
2022-11-07 11:00:00,32.86492955888057,0
2022-11-07 12:00:00,35.67210820948888,0
2022-11-07 13:00:00,33.564353357884684,0
2022-11-07 14:00:00,30.52307953455614,0
2022-11-07 15:00:00,40.28861981394906,0
2022-11-07 16:00:00,35.05184890793595,0
2022-11-07 17:00:00,38.77986364183163,0
2022-11-07 18:00:00,39.3318435203528,0
2022-11-07 19:00:00,49.0391213862061,0
2022-11-07 20:00:00,46.38484957078862,0
2022-11-07 21:00:00,40.11894351855232,0
2022-11-07 22:00:00,31.495614668993216,0
2022-11-07 23:00:00,39.550521182170755,0
2022-11-08 00:00:00,36.891491758283024,0
2022-11-08 01:00:00,43.2309231820782,0
2022-11-08 02:00:00,36.784337246167645,0
2022-11-08 03:00:00,29.22078788784308,1
2022-11-08 04:00:00,21.074672868888193,1
2022-11-08 05:00:00,23.954022869632237,1
2022-11-08 06:00:00,27.508612628553305,1
2022-11-08 07:00:00,28.120593649757932,1
2022-11-08 08:00:00,26.964633918988223,1
2022-11-08 09:00:00,29.135371978098252,1
2022-11-08 10:00:00,27.471195811281156,1
2022-11-08 11:00:00,27.885427363867976,1
2022-11-08 12:00:00,29.186549339710844,1
2022-11-08 13:00:00,25.68652537792186,1
2022-11-08 14:00:00,23.119350363891684,1
2022-11-08 15:00:00,28.97490727929294,1
2022-11-08 16:00:00,56.67029060841544,0
2022-11-08 17:00:00,37.48186644640586,0
2022-11-08 18:00:00,29.70714174507628,1
2022-11-08 19:00:00,26.90506469583673,1
2022-11-08 20:00:00,26.122419464013955,1
2022-11-08 21:00:00,36.878174761910344,0
2022-11-08 22:00:00,34.51187493871263,0
2022-11-08 23:00:00,36.06391870160027,0
2022-11-09 00:00:00,33.91892527606565,0
2022-11-09 01:00:00,33.79921963821012,0
2022-11-09 02:00:00,31.796463932364087,0
2022-11-09 03:00:00,35.740529767338955,0
2022-11-09 04:00:00,35.06492632278859,0
2022-11-09 05:00:00,38.13379656356699,0
2022-11-09 06:00:00,36.8350662917484,0
2022-11-09 07:00:00,35.96955922384797,0
2022-11-09 08:00:00,34.79025891122439,0
2022-11-09 09:00:00,30.031113142039445,0
2022-11-09 10:00:00,29.157927951123792,1
2022-11-09 11:00:00,32.497593646334714,0
2022-11-09 12:00:00,30.06116707392871,0
2022-11-09 13:00:00,29.658818541652764,1
2022-11-09 14:00:00,31.54865624710642,0
2022-11-09 15:00:00,25.3547244937728,1
2022-11-09 16:00:00,25.06269761938204,1
2022-11-09 17:00:00,23.78937618641343,1
2022-11-09 18:00:00,20.64551483826075,1
2022-11-09 19:00:00,25.918622383463244,1
2022-11-09 20:00:00,21.224128977093212,1
2022-11-09 21:00:00,17.934702604030303,1
2022-11-09 22:00:00,21.65450117288515,1
2022-11-09 23:00:00,23.107200271655554,1
2022-11-10 00:00:00,31.176133209382566,0
2022-11-10 01:00:00,29.926555789713262,1
2022-11-10 02:00:00,31.828468886860307,0
2022-11-10 03:00:00,35.555551292563834,0
2022-11-10 04:00:00,38.24166038573843,0
2022-11-10 05:00:00,43.10943712179136,0
2022-11-10 06:00:00,42.85651688229906,0
2022-11-10 07:00:00,44.35194815860466,0
2022-11-10 08:00:00,46.39102188130841,0
2022-11-10 09:00:00,43.59275831966769,0
2022-11-10 10:00:00,38.5789192058883,0
2022-11-10 11:00:00,38.44155300645563,0
2022-11-10 12:00:00,45.44344771174527,0
2022-11-10 13:00:00,61.94493355595941,0
2022-11-10 14:00:00,61.38175040748339,0
2022-11-10 15:00:00,59.693768609990805,0
2022-11-10 16:00:00,62.88796024806734,0
2022-11-10 17:00:00,51.62421621566219,0
2022-11-10 18:00:00,54.098327818227894,0
2022-11-10 19:00:00,55.46864226166332,0
2022-11-10 20:00:00,63.78243378269587,0
2022-11-10 21:00:00,59.2366792675211,0
2022-11-10 22:00:00,58.596480580748384,0
2022-11-10 23:00:00,54.634583689962355,0
2022-11-11 00:00:00,53.851402801211165,0
2022-11-11 01:00:00,49.04802536381936,0
2022-11-11 02:00:00,48.00473463316244,0
2022-11-11 03:00:00,45.687018021042796,0
2022-11-11 04:00:00,46.18026702228793,0
2022-11-11 05:00:00,51.383961123836606,0
2022-11-11 06:00:00,49.674285492948655,0
2022-11-11 07:00:00,52.23764554298454,0
2022-11-11 08:00:00,51.931835344789555,0
2022-11-11 09:00:00,51.93598632084212,0
2022-11-11 10:00:00,50.59040013882213,0
2022-11-11 11:00:00,50.930286436594315,0
2022-11-11 12:00:00,52.279627600945155,0
2022-11-11 13:00:00,49.59428951766272,0
2022-11-11 14:00:00,40.71318219389363,0
2022-11-11 15:00:00,39.93669566739068,0
2022-11-11 16:00:00,39.18297383127078,0
2022-11-11 17:00:00,41.487348569984455,0
2022-11-11 18:00:00,39.93089449880734,0
2022-11-11 19:00:00,40.33676663308404,0
2022-11-11 20:00:00,35.354873390405956,0
2022-11-11 21:00:00,41.51642760936077,0
2022-11-11 22:00:00,45.303854596922584,0
2022-11-11 23:00:00,49.533350499386124,0
2022-11-12 00:00:00,45.27285803528796,0
2022-11-12 01:00:00,44.9610215237373,0
2022-11-12 02:00:00,44.889472088431596,0
2022-11-12 03:00:00,45.50016862346816,0
2022-11-12 04:00:00,41.38897649248682,0
2022-11-12 05:00:00,39.70434017902867,0
2022-11-12 06:00:00,41.95187131310356,0
2022-11-12 07:00:00,44.44783723891703,0
2022-11-12 08:00:00,45.245874831546885,0
2022-11-12 09:00:00,46.1953202401302,0
2022-11-12 10:00:00,45.493188391493746,0
2022-11-12 11:00:00,46.71238460919671,0
2022-11-12 12:00:00,46.53957257289725,0
2022-11-12 13:00:00,45.489352723437584,0
2022-11-12 14:00:00,48.736188087784136,0
2022-11-12 15:00:00,50.53542785304154,0
2022-11-12 16:00:00,48.221636659141545,0
2022-11-12 17:00:00,48.31179994109505,0
2022-11-12 18:00:00,46.984295520717275,0
2022-11-12 19:00:00,48.566890011798606,0
2022-11-12 20:00:00,44.02033710064974,0
2022-11-12 21:00:00,44.176872708664746,0
2022-11-12 22:00:00,45.49007939529,0
2022-11-12 23:00:00,44.03581141368192,0
2022-11-13 00:00:00,46.29022159978522,0
2022-11-13 01:00:00,49.28158025814129,0
2022-11-13 02:00:00,50.72274284058694,0
2022-11-13 03:00:00,52.24997143021982,0
2022-11-13 04:00:00,47.87910980132274,0
2022-11-13 05:00:00,47.48179009217307,0
2022-11-13 06:00:00,35.58629519739964,0
2022-11-13 07:00:00,43.44166188847773,0
2022-11-13 08:00:00,36.91648971913115,0
2022-11-13 09:00:00,32.225795336021,0
2022-11-13 10:00:00,35.78544545518474,0
2022-11-13 11:00:00,41.269621307798246,0
2022-11-13 12:00:00,38.86543010238968,0
2022-11-13 13:00:00,43.22227019377481,0
2022-11-13 14:00:00,41.32859590729985,0
2022-11-13 15:00:00,38.39018238905449,0
2022-11-13 16:00:00,39.1638731130824,0
2022-11-13 17:00:00,37.50121529772345,0
2022-11-13 18:00:00,36.19002935992839,0
2022-11-13 19:00:00,38.620402697439296,0
2022-11-13 20:00:00,34.962192832918696,0
2022-11-13 21:00:00,30.494076056327906,0
2022-11-13 22:00:00,35.18831827961184,0
2022-11-13 23:00:00,30.32032075332959,0
2022-11-14 00:00:00,27.848596563838232,1
2022-11-14 01:00:00,22.71724007040553,1
2022-11-14 02:00:00,29.733213111230796,1
2022-11-14 03:00:00,28.512453142809655,1
2022-11-14 04:00:00,24.256239607202204,1
2022-11-14 05:00:00,21.430824395512133,1
2022-11-14 06:00:00,55.91681823067281,0
2022-11-14 07:00:00,60.393262706653005,0
2022-11-14 08:00:00,58.3702563018628,0
2022-11-14 09:00:00,58.002483468147496,0
2022-11-14 10:00:00,58.821722477262604,0
2022-11-14 11:00:00,57.4822212878175,0
2022-11-14 12:00:00,59.669943998162324,0
2022-11-14 13:00:00,55.572394502357206,0
2022-11-14 14:00:00,51.01178273806224,0
2022-11-14 15:00:00,50.472901350994285,0
2022-11-14 16:00:00,46.092252582241464,0
2022-11-14 17:00:00,50.38292667198359,0
2022-11-14 18:00:00,51.53986491267448,0
2022-11-14 19:00:00,39.91104678303337,0
2022-11-14 20:00:00,40.73969608316173,0
2022-11-14 21:00:00,45.82727111330493,0
2022-11-14 22:00:00,45.880785617828856,0
2022-11-14 23:00:00,53.24263932156509,0
2022-11-15 00:00:00,51.30211244654069,0
2022-11-15 01:00:00,56.225401284646495,0
2022-11-15 02:00:00,57.58108927089426,0
2022-11-15 03:00:00,59.35250640411066,0
2022-11-15 04:00:00,57.13689652605962,0
2022-11-15 05:00:00,52.54163679295215,0
2022-11-15 06:00:00,55.774761468279095,0
2022-11-15 07:00:00,58.82481924861224,0
2022-11-15 08:00:00,61.16308774118341,0
2022-11-15 09:00:00,55.66364977820652,0
2022-11-15 10:00:00,58.442252527542294,0
2022-11-15 11:00:00,54.202976943676745,0
2022-11-15 12:00:00,56.000077174442396,0
2022-11-15 13:00:00,61.569153338663625,0
2022-11-15 14:00:00,58.15765097961912,0
2022-11-15 15:00:00,59.78077032063622,0
2022-11-15 16:00:00,60.509348426032744,0
2022-11-15 17:00:00,59.81536717823378,0
2022-11-15 18:00:00,48.182108927281455,0
2022-11-15 19:00:00,52.828203903839736,0
2022-11-15 20:00:00,52.02668713208401,0
2022-11-15 21:00:00,54.60048374200511,0
2022-11-15 22:00:00,53.23932558699021,0
2022-11-15 23:00:00,54.14640356131825,0
2022-11-16 00:00:00,49.07944043487792,0
2022-11-16 01:00:00,52.17909283838008,0
2022-11-16 02:00:00,55.66131411912348,0
2022-11-16 03:00:00,56.68472126213212,0
2022-11-16 04:00:00,53.56582129365437,0
2022-11-16 05:00:00,54.11233984226213,0
2022-11-16 06:00:00,51.30682791872421,0
2022-11-16 07:00:00,48.92572246456666,0
2022-11-16 08:00:00,47.214273310041285,0
2022-11-16 09:00:00,44.91225537438563,0
2022-11-16 10:00:00,44.19896733019316,0
2022-11-16 11:00:00,42.762684628263635,0
2022-11-16 12:00:00,40.33051506672659,0
2022-11-16 13:00:00,33.94217212463681,0
2022-11-16 14:00:00,32.89800955779573,0
2022-11-16 15:00:00,30.824986682642127,0
2022-11-16 16:00:00,36.2450407127069,0
2022-11-16 17:00:00,41.60757660008506,0
2022-11-16 18:00:00,40.31774438929015,0
2022-11-16 19:00:00,40.937231995182266,0
2022-11-16 20:00:00,42.9439200278851,0
2022-11-16 21:00:00,40.985132690305946,0
2022-11-16 22:00:00,49.708461932821855,0
2022-11-16 23:00:00,49.149608987552234,0
2022-11-17 00:00:00,51.9360317519756,0
2022-11-17 01:00:00,51.3184497825074,0
2022-11-17 02:00:00,43.56796272785145,0
2022-11-17 03:00:00,40.681438986073836,0
2022-11-17 04:00:00,39.44490027787145,0
2022-11-17 05:00:00,45.53555340005918,0
2022-11-17 06:00:00,44.62641250424384,0
2022-11-17 07:00:00,48.18814967877896,0
2022-11-17 08:00:00,45.1179127088441,0
2022-11-17 09:00:00,42.12391042653871,0
2022-11-17 10:00:00,42.90115170210691,0
2022-11-17 11:00:00,48.62561786475399,0
2022-11-17 12:00:00,47.38803251555194,0
2022-11-17 13:00:00,41.45103265908484,0
2022-11-17 14:00:00,42.59873017842854,0
2022-11-17 15:00:00,45.18632587015236,0
2022-11-17 16:00:00,54.30887055174993,0
2022-11-17 17:00:00,57.06295563992332,0
2022-11-17 18:00:00,57.44623886028182,0
2022-11-17 19:00:00,50.98193053120625,0
2022-11-17 20:00:00,55.84336550639604,0
2022-11-17 21:00:00,55.570090921893105,0
2022-11-17 22:00:00,56.93190936266386,0
2022-11-17 23:00:00,55.21378983606165,0
2022-11-18 00:00:00,69.33638379586351,0
2022-11-18 01:00:00,64.43937708674866,0
2022-11-18 02:00:00,65.65450863862064,0
2022-11-18 03:00:00,60.462873207282676,0
2022-11-18 04:00:00,56.86409258563282,0
2022-11-18 05:00:00,56.80118288022594,0
2022-11-18 06:00:00,55.76310204625673,0
2022-11-18 07:00:00,51.98179689166671,0
2022-11-18 08:00:00,51.236710593584945,0
2022-11-18 09:00:00,51.31023513621943,0
2022-11-18 10:00:00,53.69139247878024,0
2022-11-18 11:00:00,52.14947833921424,0
2022-11-18 12:00:00,54.228610897896445,0
2022-11-18 13:00:00,51.73563831914216,0
2022-11-18 14:00:00,46.69209639653891,0
2022-11-18 15:00:00,46.35109332498888,0
2022-11-18 16:00:00,42.69373840460858,0
2022-11-18 17:00:00,38.04854901460229,0
2022-11-18 18:00:00,37.420016957921916,0
2022-11-18 19:00:00,45.350039871966516,0
2022-11-18 20:00:00,43.87314278966987,0
2022-11-18 21:00:00,45.465095379018955,0
2022-11-18 22:00:00,47.09278729287651,0
2022-11-18 23:00:00,50.5551696508723,0
2022-11-19 00:00:00,47.003573189466586,0
2022-11-19 01:00:00,47.0892645053176,0
2022-11-19 02:00:00,42.79871747165892,0
2022-11-19 03:00:00,43.45951914224288,0
2022-11-19 04:00:00,44.12567967176535,0
2022-11-19 05:00:00,40.48518823536525,0
2022-11-19 06:00:00,42.018040540738795,0
2022-11-19 07:00:00,40.65779327603635,0
2022-11-19 08:00:00,47.50862006976003,0
2022-11-19 09:00:00,46.22282306265033,0
2022-11-19 10:00:00,46.90188001842055,0
2022-11-19 11:00:00,52.70511706203347,0
2022-11-19 12:00:00,48.96223695521184,0
2022-11-19 13:00:00,48.25923114864092,0
2022-11-19 14:00:00,48.68899018436656,0
2022-11-19 15:00:00,49.82820865314506,0
2022-11-19 16:00:00,49.55890011563736,0
2022-11-19 17:00:00,42.90022490720496,0
2022-11-19 18:00:00,44.467105065499425,0
2022-11-19 19:00:00,45.47926523786771,0
2022-11-19 20:00:00,46.57079706903438,0
2022-11-19 21:00:00,55.30107830613575,0
2022-11-19 22:00:00,63.34317934133688,0
2022-11-19 23:00:00,56.55192092894216,0
2022-11-20 00:00:00,59.35209262301118,0
2022-11-20 01:00:00,52.58395053844448,0
2022-11-20 02:00:00,52.86239726213508,0
2022-11-20 03:00:00,52.202130174879976,0
2022-11-20 04:00:00,52.86945356628761,0
2022-11-20 05:00:00,53.37766509854855,0
2022-11-20 06:00:00,53.54508339574731,0
2022-11-20 07:00:00,58.78685980715505,0
2022-11-20 08:00:00,41.114871981094886,0
2022-11-20 09:00:00,43.624979629398254,0
2022-11-20 10:00:00,43.102826052843014,0
2022-11-20 11:00:00,32.299885160856526,0
2022-11-20 12:00:00,32.264556293769495,0
2022-11-20 13:00:00,41.97074547489127,0
2022-11-20 14:00:00,38.44072376968365,0
2022-11-20 15:00:00,43.049672180877614,0
2022-11-20 16:00:00,43.8738370992462,0
2022-11-20 17:00:00,39.6595954280327,0
2022-11-20 18:00:00,45.87100964164181,0
2022-11-20 19:00:00,46.17224033810988,0
2022-11-20 20:00:00,40.548266980046186,0
2022-11-20 21:00:00,23.979486019402508,1
2022-11-20 22:00:00,25.302026643744746,1
2022-11-20 23:00:00,24.625647384165678,1
2022-11-21 00:00:00,24.115308672052116,1
2022-11-21 01:00:00,21.627921579432225,1
2022-11-21 02:00:00,15.597321892010163,1
2022-11-21 03:00:00,22.81479066972108,1
2022-11-21 04:00:00,30.597708451899113,0
2022-11-21 05:00:00,37.646715856546535,0
2022-11-21 06:00:00,31.64451419925605,0
2022-11-21 07:00:00,29.67100782080134,1
2022-11-21 08:00:00,29.48721829917652,1
2022-11-21 09:00:00,36.019787162306756,0
2022-11-21 10:00:00,37.82291460277205,0
2022-11-21 11:00:00,35.52319988626702,0
2022-11-21 12:00:00,38.22006867845805,0
2022-11-21 13:00:00,43.10585415190535,0
2022-11-21 14:00:00,42.54789342639443,0
2022-11-21 15:00:00,40.330035515441494,0
2022-11-21 16:00:00,34.83409974500802,0
2022-11-21 17:00:00,34.00322426475905,0
2022-11-21 18:00:00,32.04806787846721,0
2022-11-21 19:00:00,23.030434556446153,1
2022-11-21 20:00:00,28.36472632906238,1
2022-11-21 21:00:00,24.351609166317317,1
2022-11-21 22:00:00,31.322580305761853,0
2022-11-21 23:00:00,34.45367569133749,0
2022-11-22 00:00:00,40.223271993058944,0
2022-11-22 01:00:00,38.05783849684406,0
2022-11-22 02:00:00,43.49077801338641,0
2022-11-22 03:00:00,41.121374937938874,0
2022-11-22 04:00:00,39.91903444040461,0
2022-11-22 05:00:00,39.0594738616406,0
2022-11-22 06:00:00,34.1666664328579,0
2022-11-22 07:00:00,39.48913875316153,0
2022-11-22 08:00:00,38.095788021079414,0
2022-11-22 09:00:00,36.26287059957389,0
2022-11-22 10:00:00,43.84935417296834,0
2022-11-22 11:00:00,41.49602072824958,0
2022-11-22 12:00:00,46.898409341436384,0
2022-11-22 13:00:00,61.71201774373281,0
2022-11-22 14:00:00,59.01693602616036,0
2022-11-22 15:00:00,63.15163593069461,0
2022-11-22 16:00:00,59.31273602042166,0
2022-11-22 17:00:00,54.966769578329966,0
2022-11-22 18:00:00,57.30790584025831,0
2022-11-22 19:00:00,58.328127498219764,0
2022-11-22 20:00:00,56.55413105065815,0
2022-11-22 21:00:00,57.17940745048582,0
2022-11-22 22:00:00,58.742522954653296,0
2022-11-22 23:00:00,60.62464867123839,0
2022-11-23 00:00:00,57.58413104289639,0
2022-11-23 01:00:00,59.541325636980886,0
2022-11-23 02:00:00,69.97468090879237,0
2022-11-23 03:00:00,71.97384744513337,-1
2022-11-23 04:00:00,67.02497842213218,0
2022-11-23 05:00:00,64.1570824707285,0
2022-11-23 06:00:00,65.42139345812294,0
2022-11-23 07:00:00,68.10055579343025,0
2022-11-23 08:00:00,65.2986409685537,0
2022-11-23 09:00:00,66.12330442103861,0
2022-11-23 10:00:00,67.8106690135574,0
2022-11-23 11:00:00,65.99886969595323,0
2022-11-23 12:00:00,60.66034678611861,0
2022-11-23 13:00:00,53.34931596011817,0
2022-11-23 14:00:00,56.64721578707315,0
2022-11-23 15:00:00,54.17501012468727,0
2022-11-23 16:00:00,49.10246831018229,0
2022-11-23 17:00:00,52.201652197457435,0
2022-11-23 18:00:00,58.69137356358433,0
2022-11-23 19:00:00,55.48311157415953,0
2022-11-23 20:00:00,61.451955492728885,0
2022-11-23 21:00:00,54.25143078220209,0
2022-11-23 22:00:00,55.38765580209211,0
2022-11-23 23:00:00,59.153511765963174,0
2022-11-24 00:00:00,56.90796500424273,0
2022-11-24 01:00:00,63.713106266839674,0
2022-11-24 02:00:00,60.65055286191792,0
2022-11-24 03:00:00,61.37525171294571,0
2022-11-24 04:00:00,60.45899701073192,0
2022-11-24 05:00:00,57.79613878020023,0
2022-11-24 06:00:00,60.40024177323083,0
2022-11-24 07:00:00,54.80252514605148,0
2022-11-24 08:00:00,52.983654674417814,0
2022-11-24 09:00:00,53.57215010989754,0
2022-11-24 10:00:00,50.80212228058893,0
2022-11-24 11:00:00,51.89973390911924,0
2022-11-24 12:00:00,49.637664346795624,0
2022-11-24 13:00:00,52.583902594665666,0
2022-11-24 14:00:00,48.98978319229413,0
2022-11-24 15:00:00,50.637670713480325,0
2022-11-24 16:00:00,54.75361787043764,0
2022-11-24 17:00:00,52.11310897909845,0
2022-11-24 18:00:00,52.00806872618551,0
2022-11-24 19:00:00,51.497060563368876,0
2022-11-24 20:00:00,50.63478121949651,0
2022-11-24 21:00:00,49.55891935406018,0
2022-11-24 22:00:00,54.465959498444725,0
2022-11-24 23:00:00,53.29009131139404,0
2022-11-25 00:00:00,46.82841272961291,0
2022-11-25 01:00:00,46.66147704290401,0
2022-11-25 02:00:00,46.855301237912464,0
2022-11-25 03:00:00,43.37139777741268,0
2022-11-25 04:00:00,36.08169971387404,0
2022-11-25 05:00:00,34.260381845809945,0
2022-11-25 06:00:00,41.412508570061,0
2022-11-25 07:00:00,44.97845828023776,0
2022-11-25 08:00:00,43.888646147692356,0
2022-11-25 09:00:00,43.27424214135406,0
2022-11-25 10:00:00,47.16040919889435,0
2022-11-25 11:00:00,52.46470216249784,0
2022-11-25 12:00:00,49.89608198191116,0
2022-11-25 13:00:00,48.52818661909641,0
2022-11-25 14:00:00,53.27233528039516,0
2022-11-25 15:00:00,50.54345858927939,0
2022-11-25 16:00:00,47.75693543503763,0
2022-11-25 17:00:00,50.3916846012266,0
2022-11-25 18:00:00,48.82853025739178,0
2022-11-25 19:00:00,51.92949200399329,0
2022-11-25 20:00:00,52.25222716780055,0
2022-11-25 21:00:00,49.15184919078325,0
2022-11-25 22:00:00,52.48783084471216,0
2022-11-25 23:00:00,51.79022193426011,0
2022-11-26 00:00:00,57.97552528252421,0
2022-11-26 01:00:00,62.986431425586986,0
2022-11-26 02:00:00,62.31214776577036,0
2022-11-26 03:00:00,61.60195731792424,0
2022-11-26 04:00:00,62.311265422759476,0
2022-11-26 05:00:00,61.026850782102244,0
2022-11-26 06:00:00,51.08487293696705,0
2022-11-26 07:00:00,54.37431108479389,0
2022-11-26 08:00:00,52.189884770865376,0
2022-11-26 09:00:00,54.716178634872804,0
2022-11-26 10:00:00,55.52957921372353,0
2022-11-26 11:00:00,53.115834865183615,0
2022-11-26 12:00:00,53.27838986864505,0
2022-11-26 13:00:00,55.75638636653466,0
2022-11-26 14:00:00,50.733593337313465,0
2022-11-26 15:00:00,42.707826342711336,0
2022-11-26 16:00:00,42.01021346266331,0
2022-11-26 17:00:00,43.87510533623682,0
2022-11-26 18:00:00,38.59414261823035,0
2022-11-26 19:00:00,40.47057253282104,0
2022-11-26 20:00:00,42.59114315387796,0
2022-11-26 21:00:00,45.44504163629448,0
2022-11-26 22:00:00,34.60204490053313,0
2022-11-26 23:00:00,39.928790926804616,0
2022-11-27 00:00:00,41.17200742749465,0
2022-11-27 01:00:00,44.38140859062963,0
2022-11-27 02:00:00,51.16694621509363,0
2022-11-27 03:00:00,51.15191121959075,0
2022-11-27 04:00:00,56.22220848376082,0
2022-11-27 05:00:00,52.04198905569897,0
2022-11-27 06:00:00,54.37559032809045,0
2022-11-27 07:00:00,55.32320508310999,0
2022-11-27 08:00:00,50.158999427666046,0
2022-11-27 09:00:00,48.78031825812894,0
2022-11-27 10:00:00,52.20469715303232,0
2022-11-27 11:00:00,53.661415948282865,0
2022-11-27 12:00:00,54.77862399180071,0
2022-11-27 13:00:00,50.837598440851096,0
2022-11-27 14:00:00,50.946706279577505,0
2022-11-27 15:00:00,56.96392828752994,0
2022-11-27 16:00:00,50.26678215929012,0
2022-11-27 17:00:00,49.021923730814855,0
2022-11-27 18:00:00,54.5530658252513,0
2022-11-27 19:00:00,52.801192872796825,0
2022-11-27 20:00:00,53.414111371970954,0
2022-11-27 21:00:00,56.71731895845416,0
2022-11-27 22:00:00,55.80263437775381,0
2022-11-27 23:00:00,34.77012924182114,0
2022-11-28 00:00:00,37.249408251240915,0
2022-11-28 01:00:00,19.734280411216048,1
2022-11-28 02:00:00,18.91440518587908,1
2022-11-28 03:00:00,26.51006599737706,1
2022-11-28 04:00:00,30.330794245448505,0
2022-11-28 05:00:00,27.994250381377302,1
2022-11-28 06:00:00,33.971100716553686,0
2022-11-28 07:00:00,35.007366742440226,0
2022-11-28 08:00:00,36.24539161541498,0
2022-11-28 09:00:00,35.08579552871708,0
2022-11-28 10:00:00,33.72355771347319,0
2022-11-28 11:00:00,35.94243483136403,0
2022-11-28 12:00:00,33.9917043780447,0
2022-11-28 13:00:00,33.43235916932404,0
2022-11-28 14:00:00,38.92801738994333,0
2022-11-28 15:00:00,33.39920356321931,0
2022-11-28 16:00:00,50.70531601166916,0
2022-11-28 17:00:00,43.332465333051644,0
2022-11-28 18:00:00,40.33597733510595,0
2022-11-28 19:00:00,45.48250045681306,0
2022-11-28 20:00:00,48.333894399650184,0
2022-11-28 21:00:00,44.28011506143573,0
2022-11-28 22:00:00,45.83890039152009,0
2022-11-28 23:00:00,45.35196222288502,0
2022-11-29 00:00:00,42.78073524901931,0
2022-11-29 01:00:00,49.258530383121936,0
2022-11-29 02:00:00,50.32818889780997,0
2022-11-29 03:00:00,52.26226362028614,0
2022-11-29 04:00:00,62.11012651118618,0
2022-11-29 05:00:00,65.02771314477467,0
2022-11-29 06:00:00,62.95871012682892,0
2022-11-29 07:00:00,62.98241849078099,0
2022-11-29 08:00:00,64.98562026940645,0
2022-11-29 09:00:00,66.08114518561581,0
2022-11-29 10:00:00,64.67184059934752,0
2022-11-29 11:00:00,63.73693068660478,0
2022-11-29 12:00:00,62.79787053588892,0
2022-11-29 13:00:00,54.1272954358316,0
2022-11-29 14:00:00,49.05059192664447,0
2022-11-29 15:00:00,51.81160367017242,0
2022-11-29 16:00:00,53.589358014656696,0
2022-11-29 17:00:00,50.27433757606754,0
2022-11-29 18:00:00,54.22779221213494,0
2022-11-29 19:00:00,54.69030765441467,0
2022-11-29 20:00:00,60.66539042122223,0
2022-11-29 21:00:00,57.0302196827524,0
2022-11-29 22:00:00,59.8569556025538,0
2022-11-29 23:00:00,53.49865364582541,0
2022-11-30 00:00:00,74.54529709791423,-1
2022-11-30 01:00:00,75.5853167096542,-1
2022-11-30 02:00:00,77.71743954060811,-1
2022-11-30 03:00:00,68.13831717478718,0
2022-11-30 04:00:00,69.37475641539949,0
2022-11-30 05:00:00,68.25329497648232,0
2022-11-30 06:00:00,67.91914204989435,0
2022-11-30 07:00:00,68.76370350261966,0
2022-11-30 08:00:00,69.18307651780259,0
2022-11-30 09:00:00,67.86455532714784,0
2022-11-30 10:00:00,66.5515630807776,0
2022-11-30 11:00:00,67.26658091614804,0
2022-11-30 12:00:00,57.12954737919047,0
2022-11-30 13:00:00,59.223182895625555,0
2022-11-30 14:00:00,61.4972841199504,0
2022-11-30 15:00:00,62.650387755250065,0
2022-11-30 16:00:00,62.27720753362244,0
2022-11-30 17:00:00,54.89295168964925,0
2022-11-30 18:00:00,63.48038975749544,0
2022-11-30 19:00:00,69.95857514554969,0
2022-11-30 20:00:00,71.51127488360393,-1
2022-11-30 21:00:00,71.70712712327524,-1
2022-11-30 22:00:00,73.44824092843761,-1
2022-11-30 23:00:00,74.00787729197803,-1
