datetime,open,high,low,close,volume
2022-09-01 00:00:00,20041.4,20126.2,19910.0,20057.2,30830.486
2022-09-01 01:00:00,20057.2,20174.1,20044.7,20116.7,16339.79
2022-09-01 02:00:00,20116.8,20198.3,20060.0,20111.3,14055.194
2022-09-01 03:00:00,20111.3,20170.0,19920.0,20016.9,26547.663
2022-09-01 04:00:00,20017.0,20085.2,19985.9,20043.8,12111.985
2022-09-01 05:00:00,20043.8,20127.9,20022.8,20030.7,15391.347
2022-09-01 06:00:00,20030.7,20044.8,19940.0,19975.8,17764.587
2022-09-01 07:00:00,19975.7,19978.1,19790.4,19885.7,39311.497
2022-09-01 08:00:00,19885.6,19925.4,19810.1,19916.9,20543.036
2022-09-01 09:00:00,19917.0,19970.0,19822.0,19925.7,25338.932
2022-09-01 10:00:00,19925.6,20033.1,19907.5,20010.9,17583.321
2022-09-01 11:00:00,20010.9,20115.1,19965.0,20060.9,27508.783
2022-09-01 12:00:00,20061.0,20084.1,19877.3,19988.2,38076.883
2022-09-01 13:00:00,19988.1,20030.0,19900.1,19964.0,32277.767
2022-09-01 14:00:00,19964.0,19985.8,19650.0,19685.3,70581.131
2022-09-01 15:00:00,19685.9,19830.0,19644.7,19775.8,38372.973
2022-09-01 16:00:00,19775.7,19814.7,19555.0,19646.5,49670.043
2022-09-01 17:00:00,19646.5,19930.0,19622.9,19715.5,54394.377
2022-09-01 18:00:00,19715.4,19930.0,19695.8,19801.2,33419.512
2022-09-01 19:00:00,19801.2,19892.6,19770.1,19857.4,18692.173
2022-09-01 20:00:00,19857.5,20093.3,19830.4,20060.4,41912.287
2022-09-01 21:00:00,20060.4,20153.6,20029.2,20073.6,22123.496
2022-09-01 22:00:00,20073.6,20171.0,20057.7,20067.3,18091.227
2022-09-01 23:00:00,20067.3,20138.8,20046.0,20122.5,10656.231
2022-09-02 00:00:00,20122.6,20124.9,20038.2,20065.2,12602.333
2022-09-02 01:00:00,20065.2,20083.9,20000.5,20042.4,10155.196
2022-09-02 02:00:00,20042.4,20070.0,19947.9,20024.0,15686.01
2022-09-02 03:00:00,20023.9,20264.8,20023.2,20145.1,34511.231
2022-09-02 04:00:00,20145.1,20290.0,20132.3,20151.6,19579.73
2022-09-02 05:00:00,20151.6,20162.7,20070.0,20114.9,16283.85
2022-09-02 06:00:00,20115.0,20122.6,20050.0,20096.8,11606.32
2022-09-02 07:00:00,20096.8,20110.6,20023.2,20100.5,11767.122
2022-09-02 08:00:00,20100.4,20130.5,20056.5,20087.3,9570.706
2022-09-02 09:00:00,20087.2,20168.8,20066.7,20123.1,11651.176
2022-09-02 10:00:00,20123.2,20166.0,20030.7,20059.3,18372.203
2022-09-02 11:00:00,20059.2,20090.0,19978.0,20082.4,19209.317
2022-09-02 12:00:00,20082.4,20365.0,20013.0,20272.0,94138.963
2022-09-02 13:00:00,20272.0,20396.0,20237.9,20257.4,48533.167
2022-09-02 14:00:00,20257.5,20434.3,20186.6,20354.0,41796.942
2022-09-02 15:00:00,20354.1,20388.9,20273.5,20344.8,20623.073
2022-09-02 16:00:00,20344.8,20368.0,20081.5,20120.9,40188.188
2022-09-02 17:00:00,20121.0,20121.0,19744.9,19791.3,84338.582
2022-09-02 18:00:00,19791.4,20066.0,19736.0,19926.4,64002.294
2022-09-02 19:00:00,19926.4,19979.5,19770.0,19899.3,34085.070999999996
2022-09-02 20:00:00,19899.3,19972.0,19850.9,19957.0,14541.379
2022-09-02 21:00:00,19957.0,20018.7,19914.3,19962.0,11954.325
2022-09-02 22:00:00,19961.9,20006.2,19868.0,19978.1,15008.343
2022-09-02 23:00:00,19978.0,19989.8,19914.3,19941.0,8842.295
2022-09-03 00:00:00,19941.0,20050.0,19911.6,19991.8,15231.882
2022-09-03 01:00:00,19991.8,19998.4,19920.0,19945.6,9178.685
2022-09-03 02:00:00,19945.5,19957.6,19882.3,19931.4,8779.255
2022-09-03 03:00:00,19931.3,19931.4,19854.3,19890.3,10229.918
2022-09-03 04:00:00,19890.3,19928.0,19880.5,19914.9,6000.403
2022-09-03 05:00:00,19914.9,19957.5,19914.8,19935.5,5816.426
2022-09-03 06:00:00,19935.6,19939.8,19816.5,19877.4,13680.094
2022-09-03 07:00:00,19877.4,19903.3,19740.1,19808.2,21375.866
2022-09-03 08:00:00,19808.1,19848.3,19755.0,19773.6,15615.321
2022-09-03 09:00:00,19773.5,19811.1,19700.6,19787.7,19050.762
2022-09-03 10:00:00,19787.7,19862.1,19784.7,19839.5,12243.51
2022-09-03 11:00:00,19839.4,19845.0,19760.0,19790.0,12869.374
2022-09-03 12:00:00,19789.9,19853.3,19780.6,19843.3,11705.114
2022-09-03 13:00:00,19843.3,19894.0,19810.0,19850.4,10567.9
2022-09-03 14:00:00,19850.4,19854.0,19766.2,19807.4,11235.788
2022-09-03 15:00:00,19807.4,19824.8,19740.1,19764.3,11968.106
2022-09-03 16:00:00,19764.3,19826.4,19764.3,19780.6,9733.848
2022-09-03 17:00:00,19780.6,19821.4,19745.2,19808.1,12248.35
2022-09-03 18:00:00,19808.1,19819.2,19727.5,19743.0,8590.243
2022-09-03 19:00:00,19742.9,19810.0,19628.7,19702.9,29303.882
2022-09-03 20:00:00,19702.9,19740.2,19666.6,19735.9,9163.596
2022-09-03 21:00:00,19735.8,19763.5,19717.7,19739.7,4988.874
2022-09-03 22:00:00,19739.8,19812.0,19739.7,19784.8,9271.869
2022-09-03 23:00:00,19784.8,19840.0,19754.2,19820.7,6391.923
2022-09-04 00:00:00,19820.7,19847.9,19778.1,19794.9,9474.576
2022-09-04 01:00:00,19794.9,19825.0,19763.1,19770.1,7329.919
2022-09-04 02:00:00,19770.0,19804.3,19763.9,19782.5,4573.549
2022-09-04 03:00:00,19782.6,19804.5,19728.1,19766.0,6437.378
2022-09-04 04:00:00,19766.0,19801.7,19746.3,19794.3,5646.289
2022-09-04 05:00:00,19794.4,19797.6,19752.0,19758.8,5048.678
2022-09-04 06:00:00,19758.8,19776.6,19670.0,19693.0,14050.841
2022-09-04 07:00:00,19693.0,19722.2,19600.0,19618.5,16582.773
2022-09-04 08:00:00,19618.4,19748.0,19570.0,19724.2,34083.082
2022-09-04 09:00:00,19724.1,19828.0,19717.2,19764.7,22087.834
2022-09-04 10:00:00,19764.7,19789.2,19736.7,19750.0,10921.327
2022-09-04 11:00:00,19749.9,19850.4,19700.0,19843.0,16342.481
2022-09-04 12:00:00,19843.0,19930.0,19766.1,19866.6,35871.863
2022-09-04 13:00:00,19866.6,19877.8,19680.0,19702.4,24922.517
2022-09-04 14:00:00,19702.4,19745.0,19631.2,19741.0,28029.740999999998
2022-09-04 15:00:00,19741.0,19786.0,19669.6,19781.6,14292.564
2022-09-04 16:00:00,19781.6,19907.5,19713.0,19881.9,34114.284999999996
2022-09-04 17:00:00,19882.0,19947.6,19822.0,19829.7,25760.296
2022-09-04 18:00:00,19829.7,19878.2,19791.3,19840.0,13318.63
2022-09-04 19:00:00,19840.1,19915.0,19812.0,19872.7,11161.78
2022-09-04 20:00:00,19872.8,19928.0,19856.6,19894.2,8105.851
2022-09-04 21:00:00,19894.2,19924.7,19822.0,19848.7,10228.225
2022-09-04 22:00:00,19848.7,19876.6,19809.0,19825.4,9725.615
2022-09-04 23:00:00,19825.4,20022.4,19818.3,19992.7,28688.09
2022-09-05 00:00:00,19992.7,20046.7,19865.0,19906.4,24500.011
2022-09-05 01:00:00,19906.4,19958.8,19801.0,19831.8,17846.297
2022-09-05 02:00:00,19831.8,19856.1,19803.4,19842.1,11111.015
2022-09-05 03:00:00,19842.1,19894.1,19803.3,19871.9,10370.516
2022-09-05 04:00:00,19871.9,19900.0,19827.3,19878.0,8357.326
2022-09-05 05:00:00,19878.0,19878.0,19668.0,19712.0,40163.29
2022-09-05 06:00:00,19712.1,19789.5,19692.0,19772.0,15351.553
2022-09-05 07:00:00,19772.0,19783.8,19700.0,19740.0,11397.538
2022-09-05 08:00:00,19739.9,19780.6,19712.8,19767.6,10909.679
2022-09-05 09:00:00,19767.6,19794.7,19720.0,19754.8,12981.123
2022-09-05 10:00:00,19754.8,19777.7,19651.0,19686.3,22336.892
2022-09-05 11:00:00,19686.4,19715.2,19620.2,19692.9,22456.001
2022-09-05 12:00:00,19692.9,19749.0,19659.5,19715.9,17205.839
2022-09-05 13:00:00,19715.9,19782.0,19702.0,19731.0,16609.655
2022-09-05 14:00:00,19731.0,19889.1,19713.7,19834.6,22538.847999999998
2022-09-05 15:00:00,19834.7,19944.0,19827.5,19848.1,48909.574
2022-09-05 16:00:00,19848.1,19904.5,19815.0,19839.4,18902.583
2022-09-05 17:00:00,19839.4,19850.8,19780.7,19816.9,10108.872
2022-09-05 18:00:00,19816.9,19839.3,19660.0,19731.2,40641.409
2022-09-05 19:00:00,19731.2,19760.0,19680.4,19700.9,11203.36
2022-09-05 20:00:00,19700.9,19785.0,19686.9,19729.1,11716.048
2022-09-05 21:00:00,19729.0,19789.0,19689.0,19743.3,8748.329
2022-09-05 22:00:00,19743.3,19812.6,19717.6,19793.7,10996.791
2022-09-05 23:00:00,19793.7,19850.0,19742.7,19784.9,21343.861
2022-09-06 00:00:00,19784.9,20167.6,19770.4,20093.6,56733.527
2022-09-06 01:00:00,20093.7,20174.7,19754.0,19763.0,61591.584
2022-09-06 02:00:00,19762.9,19815.9,19665.0,19805.9,51673.369
2022-09-06 03:00:00,19806.0,19815.9,19694.2,19780.2,16485.985
2022-09-06 04:00:00,19780.3,19839.9,19744.0,19754.1,17001.593
2022-09-06 05:00:00,19754.1,19829.3,19724.0,19772.2,16109.126
2022-09-06 06:00:00,19772.3,19880.1,19755.0,19848.2,18069.82
2022-09-06 07:00:00,19848.3,19940.0,19836.0,19900.7,28810.795
2022-09-06 08:00:00,19900.7,20017.5,19853.4,20008.3,29817.373
2022-09-06 09:00:00,20008.4,20023.2,19870.0,19905.6,26582.364
2022-09-06 10:00:00,19905.7,19992.2,19893.3,19904.9,16604.11
2022-09-06 11:00:00,19905.0,19949.8,19850.0,19909.2,17222.9
2022-09-06 12:00:00,19909.2,19987.5,19832.0,19841.1,25688.32
2022-09-06 13:00:00,19841.2,19897.0,19705.0,19775.2,46130.672
2022-09-06 14:00:00,19775.1,19850.0,19650.4,19828.3,64981.027
2022-09-06 15:00:00,19828.2,19877.9,19761.2,19810.1,23815.99
2022-09-06 16:00:00,19810.2,19847.1,19670.0,19737.7,28572.358
2022-09-06 17:00:00,19737.7,19747.6,18846.9,19088.2,181256.726
2022-09-06 18:00:00,19088.2,19119.0,18935.0,18947.4,51090.593
2022-09-06 19:00:00,18947.4,19005.8,18700.0,18813.0,56081.08
2022-09-06 20:00:00,18813.1,19000.8,18600.0,18972.9,59171.574
2022-09-06 21:00:00,18972.8,19066.6,18915.0,18968.5,19485.18
2022-09-06 22:00:00,18968.5,18988.8,18869.5,18895.1,14315.001
2022-09-06 23:00:00,18895.0,18907.6,18768.0,18781.5,18198.075
2022-09-07 00:00:00,18781.4,18861.9,18650.0,18821.5,39173.368
2022-09-07 01:00:00,18821.5,18848.0,18770.0,18779.0,13428.641
2022-09-07 02:00:00,18779.0,18817.8,18500.0,18603.7,41608.358
2022-09-07 03:00:00,18603.7,18740.0,18602.0,18736.3,16338.573
2022-09-07 04:00:00,18736.2,18749.7,18664.2,18714.9,12461.194
2022-09-07 05:00:00,18714.9,18790.0,18702.2,18750.6,14929.006
2022-09-07 06:00:00,18750.5,18833.0,18720.1,18785.6,15267.171
2022-09-07 07:00:00,18785.6,18813.3,18714.7,18791.5,16076.846
2022-09-07 08:00:00,18791.4,18848.0,18761.7,18795.2,12640.661
2022-09-07 09:00:00,18795.3,18805.0,18754.5,18777.5,8417.27
2022-09-07 10:00:00,18777.6,18788.7,18720.1,18738.3,12657.592
2022-09-07 11:00:00,18738.2,18774.4,18679.9,18729.5,15282.241
2022-09-07 12:00:00,18729.4,18776.0,18663.6,18771.3,18589.408
2022-09-07 13:00:00,18771.4,18922.7,18764.5,18830.0,47544.22
2022-09-07 14:00:00,18830.1,18960.0,18803.6,18892.3,33463.856
2022-09-07 15:00:00,18892.3,18924.9,18836.9,18863.3,17704.628
2022-09-07 16:00:00,18863.3,18980.0,18844.8,18903.5,24171.986
2022-09-07 17:00:00,18903.4,19029.0,18895.0,18986.0,21408.867000000002
2022-09-07 18:00:00,18986.0,19180.0,18948.5,19063.6,43671.715000000004
2022-09-07 19:00:00,19063.6,19188.0,18980.0,18982.1,29477.992
2022-09-07 20:00:00,18982.1,19450.0,18980.0,19374.8,74579.097
2022-09-07 21:00:00,19374.8,19455.0,19245.5,19350.5,32565.455
2022-09-07 22:00:00,19350.5,19416.9,19308.8,19328.6,18198.973
2022-09-07 23:00:00,19328.7,19344.1,19240.0,19287.0,15979.575
2022-09-08 00:00:00,19287.0,19373.8,19230.0,19294.9,22412.243
2022-09-08 01:00:00,19294.8,19317.1,19139.4,19172.8,19450.529
2022-09-08 02:00:00,19172.8,19244.4,19172.8,19226.5,9562.396
2022-09-08 03:00:00,19226.6,19245.4,19180.9,19209.1,6243.134
2022-09-08 04:00:00,19209.1,19370.0,19203.9,19342.3,18366.482
2022-09-08 05:00:00,19342.2,19356.6,19279.0,19295.9,9331.701
2022-09-08 06:00:00,19296.0,19342.5,19215.3,19228.4,12561.249
2022-09-08 07:00:00,19228.4,19259.5,19047.9,19164.0,41729.03
2022-09-08 08:00:00,19164.0,19224.0,19138.2,19217.9,12856.03
2022-09-08 09:00:00,19218.0,19233.9,19133.6,19177.6,14235.313
2022-09-08 10:00:00,19177.6,19350.0,19166.0,19296.2,27277.122
2022-09-08 11:00:00,19296.1,19400.0,19270.0,19303.1,17861.226
2022-09-08 12:00:00,19303.1,19370.6,19091.4,19137.0,46686.487
2022-09-08 13:00:00,19137.0,19350.0,19003.8,19215.1,75682.167
2022-09-08 14:00:00,19215.0,19312.0,19082.7,19307.8,44910.833
2022-09-08 15:00:00,19307.8,19339.0,19214.8,19240.4,25485.075
2022-09-08 16:00:00,19240.5,19251.3,19080.0,19178.7,38273.971
2022-09-08 17:00:00,19178.7,19236.8,19109.8,19191.1,21514.349
2022-09-08 18:00:00,19191.2,19239.2,19160.4,19194.2,9297.225
2022-09-08 19:00:00,19194.2,19342.4,19176.5,19341.7,15608.960000000001
2022-09-08 20:00:00,19341.7,19450.0,19320.2,19366.8,24883.264
2022-09-08 21:00:00,19366.8,19368.5,19280.0,19322.1,8916.007
2022-09-08 22:00:00,19322.1,19322.2,19245.5,19294.0,8178.213
2022-09-08 23:00:00,19294.0,19329.6,19270.2,19309.3,5945.638
2022-09-09 00:00:00,19309.3,19386.4,19283.0,19355.9,10152.502
2022-09-09 01:00:00,19355.9,19380.0,19317.6,19325.0,6974.537
2022-09-09 02:00:00,19325.0,19443.5,19322.1,19384.4,13372.178
2022-09-09 03:00:00,19384.5,19965.8,19378.4,19936.0,82729.602
2022-09-09 04:00:00,19936.0,20460.8,19916.5,20350.4,105535.888
2022-09-09 05:00:00,20350.4,20737.9,20331.2,20526.3,78676.57
2022-09-09 06:00:00,20526.4,20804.9,20472.4,20684.9,51725.201
2022-09-09 07:00:00,20684.9,20750.0,20580.0,20623.6,36953.415
2022-09-09 08:00:00,20623.6,20988.0,20618.5,20766.6,49212.478
2022-09-09 09:00:00,20766.5,20784.6,20626.1,20742.3,33243.14
2022-09-09 10:00:00,20742.2,21188.0,20710.0,21068.4,78824.953
2022-09-09 11:00:00,21068.4,21086.0,20872.3,20931.7,37786.17
2022-09-09 12:00:00,20931.7,21299.0,20916.9,21070.3,48311.356999999996
2022-09-09 13:00:00,21070.3,21092.7,20912.2,20998.8,39406.359
2022-09-09 14:00:00,20998.8,21119.2,20956.1,21092.4,31886.169
2022-09-09 15:00:00,21092.5,21345.0,21050.2,21258.5,57437.955
2022-09-09 16:00:00,21258.5,21400.0,21136.0,21288.4,53244.097
2022-09-09 17:00:00,21288.4,21438.0,21162.0,21237.4,35611.089
2022-09-09 18:00:00,21237.4,21244.3,21117.0,21161.9,25195.385
2022-09-09 19:00:00,21162.0,21300.5,21148.8,21280.0,21289.623
2022-09-09 20:00:00,21280.1,21331.7,21200.0,21287.1,16505.877
2022-09-09 21:00:00,21287.1,21330.0,21178.0,21241.7,14559.809
2022-09-09 22:00:00,21241.7,21395.0,21220.0,21340.1,16966.901
2022-09-09 23:00:00,21340.0,21666.0,21240.6,21352.0,46895.845
2022-09-10 00:00:00,21352.0,21382.3,21153.6,21250.3,26183.076
2022-09-10 01:00:00,21250.2,21342.2,21249.1,21281.9,10149.726
2022-09-10 02:00:00,21282.3,21309.7,21191.0,21294.7,10570.083
2022-09-10 03:00:00,21294.7,21375.8,21274.3,21294.5,9906.499
2022-09-10 04:00:00,21294.4,21448.7,21288.1,21447.4,15874.384
2022-09-10 05:00:00,21447.4,21670.0,21411.2,21532.2,40932.105
2022-09-10 06:00:00,21532.2,21572.0,21454.6,21515.5,15714.147
2022-09-10 07:00:00,21515.5,21545.8,21240.0,21274.9,28558.826
2022-09-10 08:00:00,21275.0,21378.3,21274.4,21318.2,14162.231
2022-09-10 09:00:00,21318.2,21384.0,21305.0,21313.7,8530.486
2022-09-10 10:00:00,21313.8,21370.1,21246.0,21333.4,12419.306
2022-09-10 11:00:00,21333.3,21368.6,21275.7,21279.0,9074.593
2022-09-10 12:00:00,21278.9,21355.6,21157.0,21302.4,25102.129
2022-09-10 13:00:00,21302.4,21305.5,21123.8,21167.0,20152.094
2022-09-10 14:00:00,21167.0,21277.0,21112.2,21234.4,17320.556
2022-09-10 15:00:00,21234.5,21294.7,21183.8,21213.3,12192.682
2022-09-10 16:00:00,21213.3,21442.0,21166.5,21401.1,30870.069
2022-09-10 17:00:00,21401.1,21415.0,21271.5,21281.4,15530.745
2022-09-10 18:00:00,21281.4,21480.0,21276.1,21436.1,19188.954
2022-09-10 19:00:00,21436.1,21637.7,21425.5,21569.4,31252.291
2022-09-10 20:00:00,21569.4,21588.9,21349.9,21414.3,26563.759
2022-09-10 21:00:00,21414.2,21825.0,21411.1,21594.0,37486.807
2022-09-10 22:00:00,21594.0,21800.0,21577.1,21750.5,36855.441
2022-09-10 23:00:00,21750.6,21781.5,21634.1,21639.5,16952.217
2022-09-11 00:00:00,21639.5,21673.0,21530.2,21540.4,16079.499
2022-09-11 01:00:00,21540.4,21660.0,21522.2,21600.7,15144.68
2022-09-11 02:00:00,21600.7,21616.3,21436.8,21500.2,15814.735
2022-09-11 03:00:00,21500.1,21558.6,21500.1,21537.4,8228.362
2022-09-11 04:00:00,21537.4,21632.0,21527.3,21549.1,10384.064
2022-09-11 05:00:00,21549.2,21610.0,21517.0,21579.9,7545.198
2022-09-11 06:00:00,21580.0,21624.0,21336.0,21437.9,28434.13
2022-09-11 07:00:00,21437.9,21611.7,21424.0,21599.9,15995.296
2022-09-11 08:00:00,21600.0,21726.0,21550.0,21663.7,22132.312
2022-09-11 09:00:00,21663.7,21683.5,21574.3,21591.4,12884.699
2022-09-11 10:00:00,21591.3,21666.4,21560.6,21584.3,10219.468
2022-09-11 11:00:00,21584.3,21690.0,21584.2,21601.9,12950.377
2022-09-11 12:00:00,21601.9,21647.1,21500.0,21607.9,18003.023
2022-09-11 13:00:00,21607.9,21618.4,21500.0,21531.5,10856.671
2022-09-11 14:00:00,21531.5,21556.9,21450.1,21502.7,14083.364
2022-09-11 15:00:00,21502.8,21761.5,21489.0,21633.9,29665.352
2022-09-11 16:00:00,21634.0,21719.4,21582.5,21669.2,16447.518
2022-09-11 17:00:00,21669.3,21883.4,21590.0,21621.4,34865.33
2022-09-11 18:00:00,21621.5,21672.8,21518.2,21541.7,16912.446
2022-09-11 19:00:00,21541.8,21619.4,21535.0,21610.5,9575.05
2022-09-11 20:00:00,21610.5,21670.3,21438.5,21628.2,28333.792
2022-09-11 21:00:00,21628.3,21734.5,21450.0,21502.7,26500.254
2022-09-11 22:00:00,21502.8,21678.0,21502.7,21629.9,20577.803
2022-09-11 23:00:00,21629.9,21848.8,21572.1,21820.3,19345.903
2022-09-12 00:00:00,21820.3,21849.7,21630.0,21632.0,26113.361
2022-09-12 01:00:00,21632.0,22388.0,21560.7,22036.5,106747.704
2022-09-12 02:00:00,22036.5,22093.2,21655.0,21759.9,56049.714
2022-09-12 03:00:00,21760.0,21821.0,21540.0,21649.2,42170.125
2022-09-12 04:00:00,21649.2,21737.9,21617.1,21706.9,14768.611
2022-09-12 05:00:00,21706.9,21780.0,21661.4,21775.9,11769.644
2022-09-12 06:00:00,21775.9,21837.9,21691.0,21810.1,14028.642
2022-09-12 07:00:00,21810.1,22222.0,21792.4,22180.9,61005.3
2022-09-12 08:00:00,22180.8,22321.0,22105.8,22222.5,50764.203
2022-09-12 09:00:00,22222.6,22250.0,22111.2,22160.3,22980.258
2022-09-12 10:00:00,22160.4,22219.0,21961.1,22148.0,38712.523
2022-09-12 11:00:00,22148.0,22450.0,22096.8,22301.0,54078.283
2022-09-12 12:00:00,22301.0,22426.5,22204.3,22346.3,33255.953
2022-09-12 13:00:00,22346.3,22450.0,22270.0,22383.6,37012.593
2022-09-12 14:00:00,22383.7,22471.0,22281.0,22304.6,36491.27
2022-09-12 15:00:00,22304.6,22338.0,22003.9,22106.0,48211.004
2022-09-12 16:00:00,22105.9,22268.1,22010.0,22209.9,39237.75
2022-09-12 17:00:00,22209.9,22377.6,22133.3,22348.5,24836.17
2022-09-12 18:00:00,22348.4,22409.6,22266.0,22390.3,19450.451
2022-09-12 19:00:00,22390.2,22446.0,22346.5,22415.0,15808.902
2022-09-12 20:00:00,22414.9,22474.0,22353.4,22395.8,21389.262
2022-09-12 21:00:00,22395.9,22419.4,22244.0,22330.7,18091.259000000002
2022-09-12 22:00:00,22330.7,22394.1,22249.2,22312.3,15171.181
2022-09-12 23:00:00,22312.2,22391.6,22300.8,22386.0,10457.769
2022-09-13 00:00:00,22386.0,22440.0,22102.5,22205.3,37203.765
2022-09-13 01:00:00,22205.4,22278.0,22144.0,22230.3,12767.079
2022-09-13 02:00:00,22230.3,22266.8,22048.4,22248.0,24230.807
2022-09-13 03:00:00,22247.9,22272.0,22150.8,22225.7,9800.01
2022-09-13 04:00:00,22225.7,22360.0,22172.8,22277.7,18070.293
2022-09-13 05:00:00,22277.7,22424.0,22260.7,22378.2,15680.108
2022-09-13 06:00:00,22378.2,22659.9,22236.0,22309.0,50512.3
2022-09-13 07:00:00,22309.1,22435.1,22252.8,22267.8,29673.612
2022-09-13 08:00:00,22267.9,22307.5,22181.5,22224.3,20056.624
2022-09-13 09:00:00,22224.3,22433.4,22224.3,22377.7,27310.964
2022-09-13 10:00:00,22377.7,22597.9,22345.3,22521.5,32496.628
2022-09-13 11:00:00,22521.5,22706.0,22444.0,22516.3,49105.306
2022-09-13 12:00:00,22516.2,22850.0,21350.0,21397.2,232134.419
2022-09-13 13:00:00,21397.3,21520.0,21163.0,21188.3,105112.5
2022-09-13 14:00:00,21188.4,21259.0,20855.0,21001.4,93640.803
2022-09-13 15:00:00,21001.4,21067.6,20729.0,20823.9,62091.212
2022-09-13 16:00:00,20823.9,20893.0,20660.0,20758.7,58239.149
2022-09-13 17:00:00,20758.7,20920.6,20715.3,20754.2,36192.574
2022-09-13 18:00:00,20754.2,20778.6,20215.0,20240.2,86139.253
2022-09-13 19:00:00,20240.2,20340.0,20030.5,20272.0,88525.914
2022-09-13 20:00:00,20272.0,20408.4,20222.2,20228.0,34801.588
2022-09-13 21:00:00,20228.1,20240.0,19840.0,20119.0,46604.574
2022-09-13 22:00:00,20118.9,20257.2,20060.0,20213.6,28320.716
2022-09-13 23:00:00,20213.7,20235.0,20100.0,20162.5,20059.729
2022-09-14 00:00:00,20162.6,20209.0,20031.1,20190.4,26048.596
2022-09-14 01:00:00,20190.6,20308.0,20174.0,20290.6,20490.232
2022-09-14 02:00:00,20290.6,20528.5,20277.6,20434.0,39494.263
2022-09-14 03:00:00,20434.0,20452.5,20286.8,20313.2,22076.259000000002
2022-09-14 04:00:00,20313.2,20395.2,20269.9,20379.7,13736.246
2022-09-14 05:00:00,20379.7,20379.7,20287.8,20305.8,8644.852
2022-09-14 06:00:00,20305.7,20317.6,20204.1,20231.9,16005.874
2022-09-14 07:00:00,20231.9,20317.5,20124.6,20235.3,19537.996
2022-09-14 08:00:00,20235.4,20413.1,20182.0,20373.2,26935.777000000002
2022-09-14 09:00:00,20373.3,20393.0,20302.4,20339.9,12889.932
2022-09-14 10:00:00,20339.9,20376.1,20301.6,20331.1,8971.294
2022-09-14 11:00:00,20331.0,20353.2,20050.0,20219.8,30732.916999999998
2022-09-14 12:00:00,20219.9,20343.5,20061.8,20300.3,55221.447
2022-09-14 13:00:00,20300.2,20380.3,20173.1,20297.2,35756.939
2022-09-14 14:00:00,20297.2,20308.6,20100.0,20281.6,30429.592
2022-09-14 15:00:00,20281.7,20317.7,20098.1,20165.6,21356.306
2022-09-14 16:00:00,20165.6,20207.3,20097.2,20134.2,20393.188
2022-09-14 17:00:00,20134.2,20228.9,20088.0,20094.6,23441.641
2022-09-14 18:00:00,20094.6,20126.1,19600.0,19766.1,107922.424
2022-09-14 19:00:00,19766.1,19988.0,19703.0,19935.1,35568.379
2022-09-14 20:00:00,19935.1,19977.0,19884.6,19934.1,13128.514
2022-09-14 21:00:00,19934.1,20220.0,19843.9,20191.4,27211.807
2022-09-14 22:00:00,20191.4,20384.4,20127.6,20286.6,30382.625
2022-09-14 23:00:00,20286.6,20298.5,20178.0,20217.0,15425.497
2022-09-15 00:00:00,20217.0,20258.7,20134.0,20149.2,17627.632999999998
2022-09-15 01:00:00,20149.3,20188.9,19950.1,20184.8,27365.029000000002
2022-09-15 02:00:00,20184.8,20184.9,20009.6,20090.0,14418.721
2022-09-15 03:00:00,20089.9,20099.9,19903.5,20015.9,21924.492
2022-09-15 04:00:00,20015.9,20085.1,19947.4,20016.1,16513.732
2022-09-15 05:00:00,20016.1,20194.8,19994.5,20138.5,18157.276
2022-09-15 06:00:00,20138.5,20303.3,19970.0,20094.6,49446.502
2022-09-15 07:00:00,20093.2,20315.0,20061.0,20195.2,32921.215
2022-09-15 08:00:00,20195.1,20213.3,20010.2,20141.0,25664.325
2022-09-15 09:00:00,20141.1,20190.2,20036.8,20120.0,18147.026
2022-09-15 10:00:00,20120.1,20197.6,20090.1,20141.0,13519.523
2022-09-15 11:00:00,20141.0,20200.0,20070.0,20140.9,15425.723
2022-09-15 12:00:00,20140.9,20188.7,20050.0,20116.0,24793.197
2022-09-15 13:00:00,20116.0,20138.7,19973.6,20109.9,38222.496
2022-09-15 14:00:00,20109.9,20175.0,19635.0,19697.9,83337.157
2022-09-15 15:00:00,19697.9,19844.0,19453.0,19728.8,87365.605
2022-09-15 16:00:00,19728.8,19864.5,19640.0,19856.4,33984.401
2022-09-15 17:00:00,19856.4,19936.3,19782.3,19820.3,23690.821
2022-09-15 18:00:00,19820.4,19873.0,19722.6,19751.7,20107.966
2022-09-15 19:00:00,19751.7,19834.4,19660.0,19774.9,21454.828
2022-09-15 20:00:00,19774.9,19846.4,19750.4,19843.7,9419.686
2022-09-15 21:00:00,19843.6,19880.8,19779.6,19818.2,9548.712
2022-09-15 22:00:00,19818.2,19818.2,19561.5,19721.0,24564.584000000003
2022-09-15 23:00:00,19721.1,19748.5,19625.2,19690.8,18241.417
2022-09-16 00:00:00,19690.8,19779.1,19573.1,19778.0,23911.619
2022-09-16 01:00:00,19778.0,19810.0,19695.6,19721.4,11489.515
2022-09-16 02:00:00,19721.4,19757.9,19669.2,19742.6,11674.976
2022-09-16 03:00:00,19742.6,19766.0,19682.7,19738.4,9129.209
2022-09-16 04:00:00,19738.3,19849.6,19736.8,19811.8,14711.043
2022-09-16 05:00:00,19811.8,19828.9,19735.1,19745.7,8674.02
2022-09-16 06:00:00,19745.7,19797.8,19723.7,19755.2,8809.866
2022-09-16 07:00:00,19755.2,19788.5,19715.1,19730.5,8542.428
2022-09-16 08:00:00,19730.4,19750.0,19603.0,19679.1,24931.732
2022-09-16 09:00:00,19679.1,19782.6,19679.1,19746.2,14933.246
2022-09-16 10:00:00,19746.2,19831.7,19732.2,19786.2,15099.79
2022-09-16 11:00:00,19786.1,19878.0,19764.6,19856.0,17960.14
2022-09-16 12:00:00,19856.1,19863.1,19670.0,19682.0,24517.162
2022-09-16 13:00:00,19682.0,19767.4,19385.2,19519.3,62316.857
2022-09-16 14:00:00,19519.4,19790.0,19490.0,19653.3,59574.082
2022-09-16 15:00:00,19653.3,19730.5,19564.2,19653.3,31744.023
2022-09-16 16:00:00,19653.3,19653.3,19452.0,19526.4,34852.861
2022-09-16 17:00:00,19526.4,19547.9,19300.0,19435.3,56545.872
2022-09-16 18:00:00,19435.2,19572.4,19366.9,19549.5,28411.22
2022-09-16 19:00:00,19549.6,19641.4,19543.5,19605.9,19253.175
2022-09-16 20:00:00,19605.9,19748.9,19602.8,19746.6,16907.376
2022-09-16 21:00:00,19746.7,19819.5,19700.5,19736.5,17148.115999999998
2022-09-16 22:00:00,19736.6,19764.6,19685.3,19719.1,12837.937
2022-09-16 23:00:00,19719.1,19794.2,19683.0,19792.5,10632.539
2022-09-17 00:00:00,19792.4,20068.8,19757.6,19937.7,36536.012
2022-09-17 01:00:00,19937.7,20048.6,19935.5,19990.6,16854.075
2022-09-17 02:00:00,19990.5,20000.0,19860.0,19898.0,17009.245
2022-09-17 03:00:00,19898.0,19915.9,19868.3,19875.0,6657.432
2022-09-17 04:00:00,19875.1,19985.0,19870.2,19927.1,11826.081
2022-09-17 05:00:00,19927.2,19927.2,19808.0,19849.9,15663.034
2022-09-17 06:00:00,19850.0,19870.0,19775.0,19829.4,10367.529999999999
2022-09-17 07:00:00,19829.3,19856.4,19790.5,19834.0,8433.305
2022-09-17 08:00:00,19834.1,19885.4,19834.0,19869.0,8138.349
2022-09-17 09:00:00,19868.9,19907.5,19852.5,19867.5,7419.309
2022-09-17 10:00:00,19867.5,19891.4,19802.1,19855.1,9181.215
2022-09-17 11:00:00,19855.1,19861.6,19800.0,19800.8,6106.277
2022-09-17 12:00:00,19800.8,19866.6,19739.4,19849.6,16737.126
2022-09-17 13:00:00,19849.5,19900.0,19836.0,19889.7,9913.064
2022-09-17 14:00:00,19889.8,19944.5,19861.4,19912.8,15731.162
2022-09-17 15:00:00,19912.8,20019.0,19867.9,19951.6,16642.556
2022-09-17 16:00:00,19951.7,20182.6,19926.0,20118.8,42915.77
2022-09-17 17:00:00,20118.8,20167.9,20034.9,20070.8,16990.748
2022-09-17 18:00:00,20070.9,20092.0,20015.2,20060.0,9522.606
2022-09-17 19:00:00,20059.9,20067.4,19966.9,20001.2,9974.393
2022-09-17 20:00:00,20001.1,20078.0,19974.0,20068.8,9322.678
2022-09-17 21:00:00,20068.8,20083.5,19930.0,20026.1,13523.833
2022-09-17 22:00:00,20026.0,20128.5,20013.5,20116.4,11554.804
2022-09-17 23:00:00,20116.4,20137.0,20085.1,20102.0,7657.954
2022-09-18 00:00:00,20102.0,20105.3,19950.0,19974.0,17969.924
2022-09-18 01:00:00,19974.0,20046.5,19964.1,19988.2,9547.703
2022-09-18 02:00:00,19988.1,20038.0,19988.1,20026.5,4808.151
2022-09-18 03:00:00,20026.4,20029.4,19938.4,19990.9,10520.663
2022-09-18 04:00:00,19991.0,20022.6,19941.6,20004.0,6956.802
2022-09-18 05:00:00,20003.9,20074.8,19989.2,20059.6,6570.142
2022-09-18 06:00:00,20059.7,20087.6,20022.5,20031.1,6991.348
2022-09-18 07:00:00,20031.0,20076.9,20023.4,20041.2,6038.3150000000005
2022-09-18 08:00:00,20041.3,20093.9,20013.3,20042.6,8606.072
2022-09-18 09:00:00,20042.6,20065.2,19805.0,19824.5,33705.348
2022-09-18 10:00:00,19824.5,20039.1,19750.1,19909.5,45516.791
2022-09-18 11:00:00,19909.5,19942.1,19871.2,19915.2,11079.357
2022-09-18 12:00:00,19915.2,20019.0,19854.5,19976.6,18726.34
2022-09-18 13:00:00,19976.7,20006.2,19926.0,19955.7,13366.246
2022-09-18 14:00:00,19955.7,19955.7,19707.0,19800.1,39878.03
2022-09-18 15:00:00,19800.1,19865.1,19760.2,19804.5,19630.2
2022-09-18 16:00:00,19804.4,19869.9,19621.2,19739.8,47742.798
2022-09-18 17:00:00,19739.8,19759.1,19601.0,19626.4,30995.303
2022-09-18 18:00:00,19626.3,19713.0,19556.7,19630.0,30542.409
2022-09-18 19:00:00,19630.0,19737.5,19590.2,19715.6,16501.23
2022-09-18 20:00:00,19715.5,19742.5,19663.0,19714.0,11034.861
2022-09-18 21:00:00,19714.0,19714.0,19390.0,19451.4,48747.023
2022-09-18 22:00:00,19451.3,19470.1,19325.8,19435.4,34866.35
2022-09-18 23:00:00,19435.5,19516.1,19368.6,19404.5,19575.068
2022-09-19 00:00:00,19404.5,19507.0,19381.2,19449.0,16273.331
2022-09-19 01:00:00,19448.9,19489.4,19384.8,19437.8,10274.645
2022-09-19 02:00:00,19437.7,19467.0,18655.0,18754.9,106739.627
2022-09-19 03:00:00,18755.0,18821.6,18683.9,18766.2,30402.186
2022-09-19 04:00:00,18766.2,18863.9,18757.0,18804.5,20581.511
2022-09-19 05:00:00,18804.4,18823.9,18281.6,18448.4,46728.296
2022-09-19 06:00:00,18448.3,18559.9,18215.0,18464.4,74204.829
2022-09-19 07:00:00,18464.5,18498.9,18380.5,18459.6,34037.644
2022-09-19 08:00:00,18459.7,18516.2,18401.0,18406.4,18989.645
2022-09-19 09:00:00,18406.3,18464.3,18360.0,18449.9,19575.39
2022-09-19 10:00:00,18449.9,18773.2,18428.1,18766.0,49451.771
2022-09-19 11:00:00,18765.9,18788.0,18608.3,18672.6,32752.813
2022-09-19 12:00:00,18672.6,18863.2,18665.0,18806.6,30783.825
2022-09-19 13:00:00,18806.6,19174.8,18727.9,19095.9,71528.375
2022-09-19 14:00:00,19095.8,19424.4,19008.0,19295.4,99950.126
2022-09-19 15:00:00,19295.4,19340.4,19044.7,19071.1,55582.042
2022-09-19 16:00:00,19071.1,19224.7,19053.9,19198.6,26767.48
2022-09-19 17:00:00,19198.5,19208.5,18920.0,18956.4,33916.944
2022-09-19 18:00:00,18956.3,19159.1,18868.2,19147.9,35314.947
2022-09-19 19:00:00,19147.8,19572.1,19143.4,19504.7,73576.51
2022-09-19 20:00:00,19504.7,19650.0,19408.0,19509.9,39741.432
2022-09-19 21:00:00,19510.0,19686.3,19476.8,19509.9,27743.451
2022-09-19 22:00:00,19509.8,19669.6,19455.0,19594.6,23434.319
2022-09-19 23:00:00,19594.5,19625.6,19506.4,19528.6,15425.213
2022-09-20 00:00:00,19528.6,19625.0,19427.2,19509.9,27872.547
2022-09-20 01:00:00,19510.0,19513.0,19366.1,19455.6,17492.633
2022-09-20 02:00:00,19455.7,19479.9,19402.3,19461.1,9308.973
2022-09-20 03:00:00,19461.0,19463.8,19148.4,19353.7,37633.58
2022-09-20 04:00:00,19353.8,19354.0,19255.6,19325.0,14373.303
2022-09-20 05:00:00,19325.0,19424.2,19311.2,19361.7,15041.432999999999
2022-09-20 06:00:00,19361.7,19393.9,19295.4,19373.0,11509.496000000001
2022-09-20 07:00:00,19373.0,19581.5,19223.0,19349.9,52799.041
2022-09-20 08:00:00,19349.9,19417.6,19280.0,19295.0,23358.438000000002
2022-09-20 09:00:00,19295.0,19316.4,19148.2,19222.5,27945.163
2022-09-20 10:00:00,19222.6,19309.9,19170.2,19301.7,21114.361
2022-09-20 11:00:00,19301.8,19336.0,19190.1,19209.6,22780.527
2022-09-20 12:00:00,19209.6,19219.9,19045.0,19117.2,45951.113
2022-09-20 13:00:00,19117.3,19127.3,18759.7,18911.8,100249.511
2022-09-20 14:00:00,18911.8,19105.8,18860.1,19061.3,53829.066
2022-09-20 15:00:00,19061.4,19256.9,18980.7,19225.6,50348.216
2022-09-20 16:00:00,19225.7,19316.7,18958.7,19090.2,52017.527
2022-09-20 17:00:00,19090.2,19102.4,18690.1,18756.8,65138.619
2022-09-20 18:00:00,18756.8,19003.1,18745.8,18962.5,48125.654
2022-09-20 19:00:00,18962.5,19092.9,18945.7,18985.2,30429.98
2022-09-20 20:00:00,18985.3,19066.7,18931.2,18962.9,15917.794
2022-09-20 21:00:00,18963.0,19087.5,18868.5,18870.2,19312.572
2022-09-20 22:00:00,18870.2,18959.9,18828.0,18953.2,15350.254
2022-09-20 23:00:00,18953.2,18959.9,18777.6,18866.8,16724.131
2022-09-21 00:00:00,18866.7,18949.4,18824.9,18925.0,18540.19
2022-09-21 01:00:00,18925.0,18956.3,18862.7,18879.6,10285.11
2022-09-21 02:00:00,18879.6,19050.0,18873.6,19003.4,15942.164
2022-09-21 03:00:00,19003.4,19020.0,18970.7,19011.8,6845.179
2022-09-21 04:00:00,19011.7,19023.3,18953.5,18994.0,8350.434
2022-09-21 05:00:00,18993.9,19123.0,18888.2,18914.8,22076.957
2022-09-21 06:00:00,18914.6,18983.7,18784.2,18866.0,36729.568
2022-09-21 07:00:00,18866.0,18965.6,18790.0,18938.8,21851.711
2022-09-21 08:00:00,18938.7,18942.9,18811.4,18865.7,15146.143
2022-09-21 09:00:00,18865.7,19026.0,18832.0,18988.8,20707.253
2022-09-21 10:00:00,18988.9,19147.4,18931.8,19094.9,30805.155
2022-09-21 11:00:00,19094.9,19198.0,19071.4,19155.6,25383.455
2022-09-21 12:00:00,19155.5,19276.3,19109.0,19234.5,33689.045
2022-09-21 13:00:00,19234.5,19333.0,19214.1,19263.6,38715.283
2022-09-21 14:00:00,19263.6,19476.2,19203.2,19245.5,63746.272
2022-09-21 15:00:00,19245.5,19298.7,19077.0,19182.5,55327.197
2022-09-21 16:00:00,19182.6,19353.0,19161.0,19227.0,24057.282
2022-09-21 17:00:00,19226.9,20000.0,19220.9,19846.4,74891.726
2022-09-21 18:00:00,19839.4,20154.1,18343.0,19627.5,283799.101
2022-09-21 19:00:00,19627.5,19686.7,18975.1,18990.3,136781.481
2022-09-21 20:00:00,18990.3,19063.9,18824.8,18916.3,47208.796
2022-09-21 21:00:00,18916.2,18916.2,18309.9,18455.4,78058.499
2022-09-21 22:00:00,18455.4,18489.4,18084.3,18472.6,69887.982
2022-09-21 23:00:00,18472.5,18564.2,18409.7,18447.5,29242.996
2022-09-22 00:00:00,18447.5,18534.5,18345.2,18377.5,31669.714
2022-09-22 01:00:00,18377.5,18517.9,18348.0,18501.2,22545.729
2022-09-22 02:00:00,18501.2,18767.4,18467.3,18733.8,34754.339
2022-09-22 03:00:00,18733.8,18777.6,18626.0,18677.6,23023.556
2022-09-22 04:00:00,18677.7,18796.0,18652.0,18694.8,20394.917
2022-09-22 05:00:00,18694.7,18718.7,18610.1,18659.5,16948.489999999998
2022-09-22 06:00:00,18659.4,18868.5,18653.2,18759.2,38044.79
2022-09-22 07:00:00,18759.2,18962.1,18719.3,18923.8,32414.005
2022-09-22 08:00:00,18923.8,19279.2,18897.3,19195.0,69189.126
2022-09-22 09:00:00,19195.0,19224.4,19088.0,19171.5,36308.325
2022-09-22 10:00:00,19171.5,19236.2,19066.8,19140.1,25989.017
2022-09-22 11:00:00,19140.2,19267.0,19021.3,19220.1,42333.317
2022-09-22 12:00:00,19220.0,19310.0,19132.0,19191.9,43445.195
2022-09-22 13:00:00,19191.8,19211.3,18882.0,18893.2,67305.012
2022-09-22 14:00:00,18893.2,19066.0,18841.0,18869.3,58334.787
2022-09-22 15:00:00,18869.4,19018.8,18782.7,18975.5,43153.709
2022-09-22 16:00:00,18975.5,19085.3,18767.6,19030.2,45306.214
2022-09-22 17:00:00,19030.1,19115.7,18934.0,19061.4,25222.198
2022-09-22 18:00:00,19061.4,19215.0,18960.6,19185.6,36512.181
2022-09-22 19:00:00,19185.6,19483.1,19185.6,19304.2,54649.778
2022-09-22 20:00:00,19304.2,19349.7,19233.6,19241.0,18933.849000000002
2022-09-22 21:00:00,19240.9,19279.2,19150.0,19165.0,13965.427
2022-09-22 22:00:00,19165.0,19426.9,19163.3,19387.0,27097.508
2022-09-22 23:00:00,19387.0,19504.8,19352.0,19392.5,25357.208
2022-09-23 00:00:00,19392.5,19459.6,19296.0,19300.1,18659.413
2022-09-23 01:00:00,19300.0,19370.7,19218.0,19347.1,17596.436
2022-09-23 02:00:00,19347.1,19353.1,19222.8,19286.0,11271.322
2022-09-23 03:00:00,19286.1,19440.0,19275.4,19384.0,18338.084
2022-09-23 04:00:00,19384.0,19492.0,19305.1,19402.4,19480.692
2022-09-23 05:00:00,19402.5,19454.3,19347.5,19347.5,14083.587
2022-09-23 06:00:00,19347.6,19407.0,19307.0,19323.5,12391.717
2022-09-23 07:00:00,19323.5,19326.1,19191.1,19216.4,21621.702
2022-09-23 08:00:00,19216.5,19265.4,19023.0,19061.7,35974.614
2022-09-23 09:00:00,19061.7,19135.3,18954.2,19075.0,36342.619
2022-09-23 10:00:00,19074.8,19109.0,18914.4,18954.0,29965.587
2022-09-23 11:00:00,18954.0,18981.0,18828.0,18854.5,39392.156
2022-09-23 12:00:00,18854.4,18943.7,18817.5,18888.3,33729.916
2022-09-23 13:00:00,18888.3,19063.2,18612.4,18627.3,84983.611
2022-09-23 14:00:00,18627.2,18732.6,18518.5,18665.0,81097.862
2022-09-23 15:00:00,18665.0,18850.0,18574.0,18704.4,51054.892
2022-09-23 16:00:00,18704.4,18777.0,18561.1,18757.7,40642.224
2022-09-23 17:00:00,18757.7,18840.7,18626.0,18764.1,43954.861
2022-09-23 18:00:00,18764.0,18819.9,18612.7,18626.2,44926.393
2022-09-23 19:00:00,18626.2,18816.4,18611.9,18798.7,43274.826
2022-09-23 20:00:00,18798.3,18946.9,18798.1,18841.1,30153.648
2022-09-23 21:00:00,18841.1,19036.0,18791.2,18999.9,23210.807
2022-09-23 22:00:00,18999.9,19333.0,18987.4,19325.4,50089.224
2022-09-23 23:00:00,19325.4,19398.0,19228.6,19280.7,36257.553
2022-09-24 00:00:00,19280.7,19304.5,19060.0,19138.3,31445.236
2022-09-24 01:00:00,19138.4,19212.0,19067.3,19110.1,16272.118
2022-09-24 02:00:00,19110.1,19185.0,19068.4,19118.0,14724.737000000001
2022-09-24 03:00:00,19118.0,19138.0,19020.0,19113.3,13803.942000000001
2022-09-24 04:00:00,19113.4,19177.0,19076.1,19154.9,10681.263
2022-09-24 05:00:00,19155.0,19163.5,19084.6,19126.5,10863.879
2022-09-24 06:00:00,19126.6,19151.0,19044.7,19068.5,11182.04
2022-09-24 07:00:00,19068.6,19074.5,18914.4,18985.6,23866.623
2022-09-24 08:00:00,18985.6,19075.6,18931.8,19072.3,18990.954999999998
2022-09-24 09:00:00,19072.2,19113.0,18954.6,19014.7,17247.082
2022-09-24 10:00:00,19014.7,19056.8,18968.0,19030.0,9365.092
2022-09-24 11:00:00,19030.1,19088.3,18996.2,19044.7,10537.621000000001
2022-09-24 12:00:00,19044.8,19193.9,19044.7,19146.1,20158.855
2022-09-24 13:00:00,19146.0,19217.0,19100.1,19108.7,18563.066
2022-09-24 14:00:00,19108.8,19133.0,19047.1,19076.4,16947.606
2022-09-24 15:00:00,19076.5,19117.4,19000.9,19115.2,16192.593
2022-09-24 16:00:00,19115.2,19187.8,19070.8,19084.0,16247.554
2022-09-24 17:00:00,19084.0,19165.0,19045.0,19076.2,10549.555
2022-09-24 18:00:00,19076.2,19129.0,19042.5,19118.9,7365.105
2022-09-24 19:00:00,19119.0,19125.6,19079.5,19093.0,6318.681
2022-09-24 20:00:00,19093.0,19140.8,19066.2,19134.1,6902.232
2022-09-24 21:00:00,19134.0,19140.7,18823.0,18941.4,30672.84
2022-09-24 22:00:00,18941.5,18941.5,18798.0,18875.6,25579.206
2022-09-24 23:00:00,18875.6,18941.6,18850.0,18911.0,12680.334
2022-09-25 00:00:00,18910.9,18973.2,18902.1,18952.1,11258.674
2022-09-25 01:00:00,18952.0,18985.4,18909.4,18968.0,7275.931
2022-09-25 02:00:00,18967.9,18970.7,18911.0,18938.5,6206.95
2022-09-25 03:00:00,18938.6,19052.0,18922.0,19044.5,13639.966
2022-09-25 04:00:00,19044.4,19059.9,18994.5,18999.5,6905.1630000000005
2022-09-25 05:00:00,18999.5,19026.3,18929.2,18983.0,10313.119999999999
2022-09-25 06:00:00,18983.0,19057.6,18974.0,19017.7,7492.702
2022-09-25 07:00:00,19017.8,19121.9,19001.0,19089.2,16419.627
2022-09-25 08:00:00,19089.1,19114.2,19066.8,19075.0,7843.887
2022-09-25 09:00:00,19075.0,19082.6,19020.0,19033.3,8430.017
2022-09-25 10:00:00,19033.2,19095.8,18973.5,19062.2,14424.188
2022-09-25 11:00:00,19062.2,19196.0,19056.5,19108.0,17131.944
2022-09-25 12:00:00,19108.1,19135.0,19040.0,19079.8,14557.187
2022-09-25 13:00:00,19079.8,19079.9,18853.8,18925.2,37801.866
2022-09-25 14:00:00,18925.3,18947.0,18834.0,18907.0,26116.91
2022-09-25 15:00:00,18907.1,19002.3,18903.5,18978.3,15228.516
2022-09-25 16:00:00,18978.4,19115.9,18936.7,18964.9,26977.244
2022-09-25 17:00:00,18964.3,19027.0,18865.0,18996.2,32573.057
2022-09-25 18:00:00,18996.3,19004.9,18856.0,18923.0,20004.806
2022-09-25 19:00:00,18923.0,18981.0,18860.0,18906.5,13576.245
2022-09-25 20:00:00,18906.6,18943.0,18876.4,18894.3,8798.895
2022-09-25 21:00:00,18894.4,18933.0,18670.0,18736.0,24746.040999999997
2022-09-25 22:00:00,18736.1,18900.0,18621.0,18778.5,43511.445
2022-09-25 23:00:00,18778.5,18834.9,18720.0,18799.7,19227.222
2022-09-26 00:00:00,18799.7,18927.2,18738.2,18766.2,30354.114
2022-09-26 01:00:00,18765.7,18905.9,18711.9,18871.7,26564.047
2022-09-26 02:00:00,18871.6,18932.5,18833.1,18848.0,13998.091
2022-09-26 03:00:00,18848.0,18939.7,18826.1,18862.7,12052.462
2022-09-26 04:00:00,18862.7,18908.7,18786.5,18800.5,13325.991
2022-09-26 05:00:00,18800.5,18813.1,18725.3,18760.2,20058.235
2022-09-26 06:00:00,18760.3,18818.0,18682.4,18690.1,24237.863
2022-09-26 07:00:00,18690.2,18924.1,18671.0,18902.3,39322.819
2022-09-26 08:00:00,18902.3,19280.0,18892.8,19264.6,70423.24
2022-09-26 09:00:00,19264.7,19311.5,19055.4,19076.6,62600.012
2022-09-26 10:00:00,19076.6,19178.8,19023.4,19084.0,30141.748
2022-09-26 11:00:00,19083.9,19111.0,18795.7,18864.7,57467.771
2022-09-26 12:00:00,18864.7,19142.4,18808.0,19085.4,51245.567
2022-09-26 13:00:00,19085.3,19231.6,19020.0,19180.8,56482.617
2022-09-26 14:00:00,19180.7,19273.1,19110.4,19130.1,55636.602
2022-09-26 15:00:00,19130.1,19138.0,18973.2,19103.9,42672.248
2022-09-26 16:00:00,19103.8,19112.6,18958.6,19074.8,32275.673
2022-09-26 17:00:00,19074.9,19138.7,19000.0,19104.2,22826.817
2022-09-26 18:00:00,19104.2,19212.6,19056.8,19159.3,27796.068
2022-09-26 19:00:00,19159.4,19255.0,19112.3,19191.0,30754.243
2022-09-26 20:00:00,19190.9,19198.1,19096.0,19104.1,15264.745
2022-09-26 21:00:00,19104.1,19138.2,19061.8,19085.6,10125.54
2022-09-26 22:00:00,19085.7,19195.0,19062.2,19131.2,14397.821
2022-09-26 23:00:00,19131.3,19245.5,19106.6,19216.3,17783.184
2022-09-27 00:00:00,19216.3,19363.0,19182.0,19336.0,36642.898
2022-09-27 01:00:00,19336.0,19882.4,19327.7,19758.7,95345.37
2022-09-27 02:00:00,19758.7,20100.0,19662.0,20083.9,51697.771
2022-09-27 03:00:00,20083.9,20296.1,19952.1,20091.9,87054.81599999999
2022-09-27 04:00:00,20092.0,20127.1,19981.0,20039.4,34092.401
2022-09-27 05:00:00,20039.4,20217.8,19951.1,20199.6,34645.694
2022-09-27 06:00:00,20199.6,20368.0,20129.9,20183.9,49473.735
2022-09-27 07:00:00,20183.9,20276.1,20159.8,20174.2,26924.551
2022-09-27 08:00:00,20174.2,20219.0,20096.7,20137.5,25855.054
2022-09-27 09:00:00,20137.5,20210.0,20084.0,20173.2,23736.192
2022-09-27 10:00:00,20173.2,20271.8,20170.5,20213.6,22388.752
2022-09-27 11:00:00,20213.5,20332.0,20169.6,20221.1,33741.861
2022-09-27 12:00:00,20221.0,20375.0,20201.7,20260.1,40914.269
2022-09-27 13:00:00,20260.1,20336.8,20076.0,20185.2,86161.913
2022-09-27 14:00:00,20185.2,20229.4,20073.6,20196.3,47121.272000000004
2022-09-27 15:00:00,20196.3,20241.6,19860.4,19885.3,49881.799
2022-09-27 16:00:00,19885.3,19948.1,18909.0,19102.1,246246.652
2022-09-27 17:00:00,19102.1,19107.0,18850.1,18946.9,112530.963
2022-09-27 18:00:00,18947.0,19147.8,18801.5,19130.1,64939.872
2022-09-27 19:00:00,19130.1,19169.0,18955.5,19068.7,44239.834
2022-09-27 20:00:00,19068.7,19094.5,18945.5,19067.2,25390.968
2022-09-27 21:00:00,19067.2,19069.6,18911.7,18984.0,18682.794
2022-09-27 22:00:00,18984.1,19090.7,18916.8,19066.6,22674.012
2022-09-27 23:00:00,19066.6,19159.2,19057.8,19070.1,20182.715
2022-09-28 00:00:00,19070.1,19228.3,19060.2,19085.8,30078.683
2022-09-28 01:00:00,19085.8,19136.1,18930.1,18997.9,34833.437
2022-09-28 02:00:00,18997.9,19007.4,18460.0,18623.8,105023.162
2022-09-28 03:00:00,18623.9,18766.0,18612.2,18736.0,31997.146
2022-09-28 04:00:00,18736.0,18817.8,18704.0,18757.5,19864.602
2022-09-28 05:00:00,18757.4,18825.0,18650.0,18814.8,23585.661
2022-09-28 06:00:00,18814.7,18870.8,18673.0,18685.5,29249.118
2022-09-28 07:00:00,18685.5,18797.4,18610.3,18770.6,31909.182
2022-09-28 08:00:00,18770.5,18783.5,18688.1,18731.6,17769.233
2022-09-28 09:00:00,18731.7,18736.3,18558.6,18643.9,38887.570999999996
2022-09-28 10:00:00,18643.8,19140.0,18565.2,18996.2,128301.792
2022-09-28 11:00:00,18996.2,19032.4,18852.1,18947.6,47668.014
2022-09-28 12:00:00,18947.6,19118.7,18929.6,19063.2,43850.268000000004
2022-09-28 13:00:00,19063.5,19190.0,19008.7,19113.6,70995.223
2022-09-28 14:00:00,19113.5,19470.0,19023.6,19372.8,104696.463
2022-09-28 15:00:00,19372.9,19496.6,19357.5,19477.9,54340.744
2022-09-28 16:00:00,19477.9,19667.0,19460.1,19501.0,72104.968
2022-09-28 17:00:00,19501.1,19600.0,19250.0,19337.9,69607.872
2022-09-28 18:00:00,19337.9,19630.8,19276.4,19547.2,47229.708
2022-09-28 19:00:00,19547.2,19645.8,19456.6,19534.7,32907.1
2022-09-28 20:00:00,19534.7,19615.7,19482.0,19560.2,25372.992
2022-09-28 21:00:00,19560.3,19787.6,19515.1,19606.8,33766.299
2022-09-28 22:00:00,19606.9,19657.5,19408.2,19477.5,27626.622
2022-09-28 23:00:00,19477.4,19549.3,19380.5,19407.3,19556.912
2022-09-29 00:00:00,19407.4,19518.2,19361.6,19430.0,24401.213
2022-09-29 01:00:00,19429.9,19596.0,19412.3,19488.7,18917.714
2022-09-29 02:00:00,19488.6,19527.0,19271.0,19429.7,37031.439
2022-09-29 03:00:00,19429.8,19528.7,19377.5,19497.3,16797.569
2022-09-29 04:00:00,19497.4,19620.0,19487.7,19572.2,16666.005
2022-09-29 05:00:00,19572.1,19582.8,19405.6,19446.6,19929.844
2022-09-29 06:00:00,19446.5,19446.6,19287.1,19375.3,41276.096
2022-09-29 07:00:00,19375.3,19396.1,19259.4,19353.1,33244.981
2022-09-29 08:00:00,19353.2,19391.7,19294.0,19337.0,23783.652000000002
2022-09-29 09:00:00,19337.1,19498.8,19316.2,19471.7,29637.68
2022-09-29 10:00:00,19471.7,19480.0,19400.8,19427.8,19069.025
2022-09-29 11:00:00,19427.9,19537.0,19367.4,19454.3,32108.971
2022-09-29 12:00:00,19454.2,19467.1,19094.0,19205.6,86657.894
2022-09-29 13:00:00,19205.5,19357.0,18907.0,18981.0,102863.591
2022-09-29 14:00:00,18980.9,19253.6,18827.2,19190.1,113782.403
2022-09-29 15:00:00,19190.0,19330.0,19155.6,19280.7,62338.975
2022-09-29 16:00:00,19280.7,19648.8,19142.0,19441.4,98502.363
2022-09-29 17:00:00,19441.3,19525.0,19252.8,19257.4,51969.563
2022-09-29 18:00:00,19257.4,19422.3,19114.2,19293.7,63062.95
2022-09-29 19:00:00,19293.6,19482.0,19290.0,19399.3,31928.028000000002
2022-09-29 20:00:00,19399.3,19529.0,19373.5,19499.4,18911.314
2022-09-29 21:00:00,19499.4,19509.6,19406.8,19425.5,10521.904
2022-09-29 22:00:00,19425.5,19529.9,19411.1,19447.5,15928.326000000001
2022-09-29 23:00:00,19447.6,19620.0,19423.0,19582.5,22346.724000000002
2022-09-30 00:00:00,19582.5,19698.6,19431.0,19541.6,46526.94
2022-09-30 01:00:00,19541.6,19542.1,19433.9,19500.7,17086.135
2022-09-30 02:00:00,19500.7,19501.8,19335.3,19355.0,23091.377
2022-09-30 03:00:00,19355.0,19415.0,19305.0,19394.0,17582.33
2022-09-30 04:00:00,19394.0,19463.1,19381.8,19424.2,12664.055
2022-09-30 05:00:00,19424.1,19491.0,19416.2,19439.9,10358.539999999999
2022-09-30 06:00:00,19440.0,19500.0,19387.5,19438.6,13732.025
2022-09-30 07:00:00,19438.6,19633.6,19436.0,19560.8,41631.326
2022-09-30 08:00:00,19560.8,19625.0,19517.6,19618.0,20452.06
2022-09-30 09:00:00,19618.0,19622.5,19483.8,19521.6,18326.335
2022-09-30 10:00:00,19521.6,19556.4,19437.9,19479.8,20969.253
2022-09-30 11:00:00,19479.8,19509.2,19383.9,19430.3,23324.039
2022-09-30 12:00:00,19430.3,19500.0,19066.0,19290.5,109289.819
2022-09-30 13:00:00,19290.5,19477.0,19231.9,19465.3,62396.862
2022-09-30 14:00:00,19465.3,20045.0,19431.4,19981.4,147158.182
2022-09-30 15:00:00,19982.6,20172.7,19674.8,19749.4,129437.184
2022-09-30 16:00:00,19749.5,19865.2,19551.0,19704.9,105040.083
2022-09-30 17:00:00,19705.0,19809.3,19585.0,19669.0,42025.121
2022-09-30 18:00:00,19669.0,19827.8,19599.6,19660.3,37950.444
2022-09-30 19:00:00,19660.2,19760.0,19457.0,19467.0,44267.189
2022-09-30 20:00:00,19466.8,19531.4,19343.0,19416.2,54350.574
2022-09-30 21:00:00,19416.2,19416.2,19272.0,19352.0,23306.31
2022-09-30 22:00:00,19352.1,19392.0,19222.9,19378.0,32590.764
2022-09-30 23:00:00,19378.0,19461.3,19351.1,19411.7,17905.987
2022-10-01 00:00:00,19411.6,19474.0,19338.0,19393.1,18441.044
2022-10-01 01:00:00,19393.1,19424.1,19361.3,19413.2,8934.251
2022-10-01 02:00:00,19413.2,19427.9,19376.6,19405.1,6643.363
2022-10-01 03:00:00,19405.1,19431.0,19354.9,19408.0,7935.015
2022-10-01 04:00:00,19408.0,19412.6,19364.4,19398.4,9146.746000000001
2022-10-01 05:00:00,19398.3,19408.3,19266.0,19312.8,19544.511
2022-10-01 06:00:00,19312.8,19319.5,19263.9,19286.4,12286.105
2022-10-01 07:00:00,19286.4,19338.1,19254.9,19305.5,12346.264
2022-10-01 08:00:00,19305.5,19341.9,19297.0,19328.4,9927.384
2022-10-01 09:00:00,19328.5,19357.0,19300.2,19323.5,8768.095
2022-10-01 10:00:00,19323.5,19358.6,19275.5,19320.8,9705.77
2022-10-01 11:00:00,19320.9,19340.0,19140.0,19304.2,33404.517
2022-10-01 12:00:00,19304.3,19306.0,19230.3,19288.0,13130.762
2022-10-01 13:00:00,19287.9,19396.5,19271.1,19323.5,21004.089
2022-10-01 14:00:00,19323.4,19338.0,19275.6,19311.3,11480.887999999999
2022-10-01 15:00:00,19311.3,19358.5,19297.0,19322.8,9193.789999999999
2022-10-01 16:00:00,19322.9,19345.0,19237.0,19285.9,17553.14
2022-10-01 17:00:00,19286.0,19308.1,19236.5,19266.8,10513.639
2022-10-01 18:00:00,19266.8,19300.0,19200.0,19290.4,11283.815
2022-10-01 19:00:00,19290.3,19319.4,19202.9,19257.0,12937.167
2022-10-01 20:00:00,19257.0,19270.0,19190.4,19243.2,10347.47
2022-10-01 21:00:00,19243.1,19307.8,19235.0,19281.3,6308.98
2022-10-01 22:00:00,19281.2,19328.0,19266.0,19313.8,8123.77
2022-10-01 23:00:00,19313.8,19332.0,19281.6,19304.0,5496.434
2022-10-02 00:00:00,19304.0,19319.0,19225.8,19269.3,9849.817
2022-10-02 01:00:00,19269.3,19303.9,19250.8,19299.2,6120.159
2022-10-02 02:00:00,19299.2,19338.8,19294.9,19307.3,7363.538
2022-10-02 03:00:00,19307.3,19321.8,19276.0,19301.2,6655.728
2022-10-02 04:00:00,19301.2,19328.2,19287.4,19326.9,4836.876
2022-10-02 05:00:00,19326.8,19389.0,19288.2,19322.9,18515.612
2022-10-02 06:00:00,19322.9,19374.4,19260.9,19271.9,16879.697
2022-10-02 07:00:00,19271.9,19302.2,19213.6,19276.5,13586.135
2022-10-02 08:00:00,19276.5,19292.9,19242.9,19275.4,7070.973
2022-10-02 09:00:00,19275.3,19280.2,19215.0,19253.9,8809.403
2022-10-02 10:00:00,19253.9,19253.9,19025.0,19095.1,52435.771
2022-10-02 11:00:00,19095.2,19261.6,19073.0,19180.9,29361.365
2022-10-02 12:00:00,19181.0,19239.6,19125.2,19151.0,19604.064
2022-10-02 13:00:00,19150.9,19190.6,19118.7,19152.0,11193.733
2022-10-02 14:00:00,19151.9,19174.5,19060.0,19096.0,17711.859
2022-10-02 15:00:00,19096.0,19154.7,19092.0,19137.5,11525.853
2022-10-02 16:00:00,19137.1,19225.1,19121.9,19191.4,17253.018
2022-10-02 17:00:00,19191.4,19217.8,19156.5,19189.3,7216.369
2022-10-02 18:00:00,19189.3,19211.0,19133.7,19209.3,9641.66
2022-10-02 19:00:00,19209.3,19339.2,19209.3,19253.6,26193.926
2022-10-02 20:00:00,19253.6,19267.2,19218.0,19223.3,6372.738
2022-10-02 21:00:00,19223.2,19229.6,19094.6,19189.9,18425.572
2022-10-02 22:00:00,19189.8,19292.7,19127.5,19161.6,27227.498
2022-10-02 23:00:00,19161.7,19171.8,18896.0,19049.4,61119.087
2022-10-03 00:00:00,19049.3,19118.0,18950.8,19084.0,24565.925
2022-10-03 01:00:00,19083.9,19250.0,19081.1,19210.9,24644.088
2022-10-03 02:00:00,19210.9,19228.9,19116.7,19129.3,18443.604
2022-10-03 03:00:00,19129.2,19203.6,19129.2,19159.4,8069.459
2022-10-03 04:00:00,19159.4,19164.8,19084.0,19090.0,12173.25
2022-10-03 05:00:00,19090.0,19281.7,19054.1,19235.3,24960.288
2022-10-03 06:00:00,19235.3,19309.9,19150.0,19187.1,24976.812
2022-10-03 07:00:00,19187.1,19233.9,19137.3,19190.0,15101.342
2022-10-03 08:00:00,19190.0,19215.5,19155.5,19187.6,9258.655
2022-10-03 09:00:00,19187.6,19188.6,19116.3,19170.9,13453.598
2022-10-03 10:00:00,19170.9,19226.6,19124.5,19225.5,15690.948
2022-10-03 11:00:00,19225.4,19250.0,19177.0,19240.5,13947.039
2022-10-03 12:00:00,19240.5,19277.3,19180.6,19245.9,19001.106
2022-10-03 13:00:00,19245.9,19333.0,19126.8,19170.3,58570.669
2022-10-03 14:00:00,19170.4,19485.0,19170.4,19406.6,80232.655
2022-10-03 15:00:00,19406.7,19489.9,19315.4,19329.9,41881.534
2022-10-03 16:00:00,19330.0,19412.8,19300.1,19403.5,26693.438000000002
2022-10-03 17:00:00,19403.4,19596.7,19403.4,19540.0,50130.597
2022-10-03 18:00:00,19540.0,19646.8,19535.4,19605.4,33212.473
2022-10-03 19:00:00,19605.5,19624.7,19426.3,19537.7,44165.192
2022-10-03 20:00:00,19537.8,19598.2,19503.7,19586.4,13448.916
2022-10-03 21:00:00,19586.3,19589.9,19515.0,19546.5,8357.337
2022-10-03 22:00:00,19546.4,19595.8,19506.4,19513.3,10742.795
2022-10-03 23:00:00,19513.3,19723.7,19513.2,19622.0,30094.609
2022-10-04 00:00:00,19621.9,19719.7,19520.0,19555.1,23684.114
2022-10-04 01:00:00,19555.0,19574.3,19500.1,19500.1,9899.228
2022-10-04 02:00:00,19500.1,19551.6,19480.1,19537.6,10273.263
2022-10-04 03:00:00,19537.6,19626.9,19531.1,19588.1,14559.403
2022-10-04 04:00:00,19588.0,19635.0,19546.4,19584.8,11684.74
2022-10-04 05:00:00,19584.8,19662.5,19576.2,19601.8,16106.834
2022-10-04 06:00:00,19601.7,19870.0,19590.1,19832.0,56961.215000000004
2022-10-04 07:00:00,19832.0,19969.5,19829.5,19957.0,49977.49
2022-10-04 08:00:00,19957.0,20159.3,19845.2,19879.7,93564.81599999999
2022-10-04 09:00:00,19879.8,19978.2,19805.4,19932.9,33441.75
2022-10-04 10:00:00,19932.8,20041.0,19891.0,19955.7,26672.006
2022-10-04 11:00:00,19955.6,19969.0,19860.9,19930.0,18662.438
2022-10-04 12:00:00,19930.0,19982.6,19899.1,19973.9,24118.852
2022-10-04 13:00:00,19974.0,20149.0,19944.6,20089.9,58431.465
2022-10-04 14:00:00,20090.0,20300.0,20035.0,20102.9,75090.324
2022-10-04 15:00:00,20103.0,20123.0,20041.8,20092.2,22442.356
2022-10-04 16:00:00,20092.2,20105.9,19950.9,19988.4,34675.654
2022-10-04 17:00:00,19988.4,20035.9,19871.0,20017.5,36954.894
2022-10-04 18:00:00,20017.5,20168.1,20011.1,20115.5,24613.807
2022-10-04 19:00:00,20115.5,20272.0,20037.0,20213.5,32469.584
2022-10-04 20:00:00,20213.6,20500.0,20142.3,20322.7,68158.076
2022-10-04 21:00:00,20322.8,20395.0,20250.0,20281.2,24355.526
2022-10-04 22:00:00,20281.1,20327.5,20230.0,20293.4,14158.14
2022-10-04 23:00:00,20293.3,20379.9,20268.4,20333.0,15722.787
2022-10-05 00:00:00,20332.9,20356.1,20136.6,20181.5,26098.605
2022-10-05 01:00:00,20181.5,20278.0,20172.7,20209.0,14031.986
2022-10-05 02:00:00,20208.9,20250.0,20181.0,20186.4,8803.084
2022-10-05 03:00:00,20186.4,20230.0,20151.4,20184.9,9904.16
2022-10-05 04:00:00,20185.0,20219.8,20071.1,20117.2,19809.129
2022-10-05 05:00:00,20117.1,20198.0,20101.7,20190.7,13031.794
2022-10-05 06:00:00,20190.6,20290.0,20152.2,20244.5,20324.193
2022-10-05 07:00:00,20244.5,20277.0,20193.1,20218.9,17037.734
2022-10-05 08:00:00,20218.8,20236.9,20002.8,20128.9,47544.228
2022-10-05 09:00:00,20128.9,20149.8,20052.1,20085.7,14471.984
2022-10-05 10:00:00,20085.8,20149.8,20072.7,20119.2,14767.753
2022-10-05 11:00:00,20119.1,20126.5,19953.0,20026.1,32119.536
2022-10-05 12:00:00,20026.1,20066.0,19958.4,20017.0,28839.38
2022-10-05 13:00:00,20017.1,20037.0,19810.0,19915.3,80011.102
2022-10-05 14:00:00,19915.4,19938.2,19707.0,19872.5,72838.593
2022-10-05 15:00:00,19872.6,20014.5,19851.3,19994.6,37092.218
2022-10-05 16:00:00,19994.6,20298.7,19946.0,20227.1,71896.184
2022-10-05 17:00:00,20227.0,20325.0,20150.0,20156.1,44533.904
2022-10-05 18:00:00,20156.1,20264.5,20078.0,20259.0,31359.56
2022-10-05 19:00:00,20259.0,20350.0,20097.0,20112.5,36472.74
2022-10-05 20:00:00,20112.5,20166.3,19964.3,19977.5,26062.281
2022-10-05 21:00:00,19977.4,20088.6,19971.2,20042.5,16650.677
2022-10-05 22:00:00,20042.5,20205.8,20010.0,20182.7,23744.79
2022-10-05 23:00:00,20182.6,20191.6,20110.0,20150.0,12131.534
2022-10-06 00:00:00,20149.9,20386.4,20134.6,20262.5,44512.826
2022-10-06 01:00:00,20262.5,20424.6,20240.0,20363.9,31286.362
2022-10-06 02:00:00,20364.0,20436.0,20280.6,20322.8,30472.777
2022-10-06 03:00:00,20322.7,20381.6,20268.0,20346.6,15108.777
2022-10-06 04:00:00,20346.6,20443.9,20314.8,20346.7,24234.389
2022-10-06 05:00:00,20346.6,20368.6,20241.2,20295.1,26818.246
2022-10-06 06:00:00,20295.2,20295.9,20160.0,20169.5,31343.643
2022-10-06 07:00:00,20169.4,20242.7,20154.0,20214.7,20850.484
2022-10-06 08:00:00,20214.7,20245.4,20100.0,20138.7,30551.78
2022-10-06 09:00:00,20138.7,20183.0,20077.1,20092.9,20133.986
2022-10-06 10:00:00,20092.8,20149.8,20077.3,20125.0,14191.354
2022-10-06 11:00:00,20124.9,20252.4,20121.2,20238.0,27004.804
2022-10-06 12:00:00,20238.0,20322.0,20156.4,20184.6,44109.481999999996
2022-10-06 13:00:00,20184.6,20293.4,20032.0,20104.7,78675.309
2022-10-06 14:00:00,20104.7,20113.7,19867.5,20096.2,117103.216
2022-10-06 15:00:00,20096.1,20112.9,19982.9,20004.4,38489.503
2022-10-06 16:00:00,20004.3,20098.0,19934.0,20042.2,34268.322
2022-10-06 17:00:00,20042.3,20264.1,20009.0,20108.3,45987.898
2022-10-06 18:00:00,20108.3,20108.3,19977.4,20011.9,22971.133
2022-10-06 19:00:00,20011.9,20057.0,19981.3,20005.9,14703.281
2022-10-06 20:00:00,20005.9,20069.0,19993.0,20044.4,11192.886
2022-10-06 21:00:00,20044.3,20044.4,19876.4,19903.0,24261.428
2022-10-06 22:00:00,19903.0,19939.6,19843.3,19893.3,19734.045000000002
2022-10-06 23:00:00,19893.3,19966.2,19861.1,19954.0,14028.738
2022-10-07 00:00:00,19954.0,20044.2,19936.9,19981.9,15554.45
2022-10-07 01:00:00,19981.8,20013.2,19953.4,19985.9,8083.629
2022-10-07 02:00:00,19985.9,20046.0,19958.0,20008.9,9085.142
2022-10-07 03:00:00,20008.8,20026.0,19970.0,19976.0,8634.717
2022-10-07 04:00:00,19976.1,20004.3,19925.0,19934.1,8933.792
2022-10-07 05:00:00,19934.0,19989.6,19901.0,19960.7,13185.872
2022-10-07 06:00:00,19960.8,19971.5,19800.0,19846.4,30469.34
2022-10-07 07:00:00,19846.5,19935.0,19837.2,19916.8,17666.043
2022-10-07 08:00:00,19916.7,20010.3,19905.6,19964.3,20514.352
2022-10-07 09:00:00,19964.3,20017.7,19950.8,19971.5,11127.081
2022-10-07 10:00:00,19971.5,19999.9,19918.2,19988.1,12699.355
2022-10-07 11:00:00,19988.1,20009.0,19953.2,19990.3,12336.765
2022-10-07 12:00:00,19990.3,20067.0,19454.2,19608.8,170330.639
2022-10-07 13:00:00,19608.8,19696.9,19493.0,19594.5,83867.15
2022-10-07 14:00:00,19594.5,19692.9,19548.0,19633.9,39475.438
2022-10-07 15:00:00,19633.8,19643.8,19514.4,19574.1,28747.505
2022-10-07 16:00:00,19574.1,19599.7,19304.4,19399.7,72191.281
2022-10-07 17:00:00,19399.7,19483.3,19361.1,19412.0,24413.366
2022-10-07 18:00:00,19412.0,19469.9,19366.0,19446.4,16348.215
2022-10-07 19:00:00,19446.3,19476.2,19403.8,19453.0,14903.983
2022-10-07 20:00:00,19453.1,19566.1,19433.7,19540.0,18609.165
2022-10-07 21:00:00,19540.0,19635.7,19520.0,19561.8,19163.846
2022-10-07 22:00:00,19561.7,19588.4,19531.0,19542.1,8402.157
2022-10-07 23:00:00,19542.2,19556.1,19500.0,19520.9,8663.819
2022-10-08 00:00:00,19520.9,19619.6,19507.9,19559.0,12194.312
2022-10-08 01:00:00,19559.0,19588.8,19536.0,19584.1,6084.793
2022-10-08 02:00:00,19584.1,19590.0,19534.8,19553.0,5936.458
2022-10-08 03:00:00,19552.9,19556.6,19478.0,19494.5,10993.218
2022-10-08 04:00:00,19494.5,19513.6,19416.3,19437.0,13837.832
2022-10-08 05:00:00,19437.0,19514.9,19432.0,19499.8,8939.203
2022-10-08 06:00:00,19499.7,19537.2,19462.0,19504.9,8096.409
2022-10-08 07:00:00,19504.8,19517.9,19483.5,19489.8,6690.209
2022-10-08 08:00:00,19489.8,19505.4,19441.1,19459.3,8955.145999999999
2022-10-08 09:00:00,19459.3,19504.0,19459.3,19492.2,6584.447
2022-10-08 10:00:00,19492.3,19518.4,19478.5,19494.1,7138.503
2022-10-08 11:00:00,19494.0,19539.3,19479.0,19526.3,10115.11
2022-10-08 12:00:00,19526.4,19532.6,19466.1,19505.0,8633.228
2022-10-08 13:00:00,19504.9,19507.1,19460.1,19470.1,8245.816
2022-10-08 14:00:00,19470.0,19494.9,19411.0,19490.2,14604.614
2022-10-08 15:00:00,19490.2,19496.3,19453.6,19480.0,6670.7699999999995
2022-10-08 16:00:00,19479.9,19522.8,19460.3,19517.5,9816.873
2022-10-08 17:00:00,19517.5,19521.7,19466.0,19491.7,6940.805
2022-10-08 18:00:00,19491.7,19503.8,19450.6,19466.6,6739.876
2022-10-08 19:00:00,19466.6,19467.1,19430.0,19460.1,7825.488
2022-10-08 20:00:00,19460.0,19473.9,19404.1,19442.8,12182.406
2022-10-08 21:00:00,19442.8,19450.8,19200.0,19309.4,29763.775999999998
2022-10-08 22:00:00,19309.4,19365.5,19259.2,19351.9,21636.081000000002
2022-10-08 23:00:00,19352.0,19436.6,19349.6,19406.2,14631.828
2022-10-09 00:00:00,19406.3,19444.2,19373.1,19386.6,9831.718
2022-10-09 01:00:00,19386.6,19418.6,19355.9,19394.9,7779.416
2022-10-09 02:00:00,19394.9,19406.0,19352.5,19354.0,6513.9220000000005
2022-10-09 03:00:00,19354.1,19379.3,19320.4,19357.9,9166.722
2022-10-09 04:00:00,19358.0,19380.5,19310.0,19379.4,9562.766
2022-10-09 05:00:00,19379.4,19409.6,19370.3,19398.8,8287.061
2022-10-09 06:00:00,19398.8,19429.0,19376.4,19417.6,9182.756
2022-10-09 07:00:00,19417.6,19426.9,19394.9,19398.2,6728.1849999999995
2022-10-09 08:00:00,19398.3,19421.1,19365.0,19387.8,9004.901
2022-10-09 09:00:00,19387.9,19412.2,19375.1,19406.0,6419.783
2022-10-09 10:00:00,19406.1,19547.1,19395.7,19480.0,27048.842
2022-10-09 11:00:00,19480.0,19550.0,19451.2,19461.0,18492.161
2022-10-09 12:00:00,19460.9,19535.0,19458.8,19490.7,13561.996
2022-10-09 13:00:00,19490.7,19513.3,19455.7,19457.5,8695.752
2022-10-09 14:00:00,19457.5,19520.0,19452.7,19491.4,11316.537
2022-10-09 15:00:00,19491.4,19538.3,19491.4,19524.5,10317.916
2022-10-09 16:00:00,19524.5,19543.0,19471.3,19496.4,12096.272
2022-10-09 17:00:00,19496.4,19501.0,19461.1,19476.9,5571.467
2022-10-09 18:00:00,19477.0,19520.0,19461.0,19514.5,7017.069
2022-10-09 19:00:00,19514.4,19530.0,19333.0,19459.8,28232.686999999998
2022-10-09 20:00:00,19459.9,19479.7,19413.0,19473.9,8688.269
2022-10-09 21:00:00,19473.9,19493.9,19436.4,19471.0,4948.994
2022-10-09 22:00:00,19471.0,19471.1,19359.3,19390.3,17075.798
2022-10-09 23:00:00,19390.3,19442.0,19360.0,19430.0,11637.805
2022-10-10 00:00:00,19430.0,19513.0,19390.0,19484.1,17864.272
2022-10-10 01:00:00,19484.2,19513.0,19452.6,19491.9,10799.807999999999
2022-10-10 02:00:00,19492.0,19493.8,19441.5,19462.4,8782.945
2022-10-10 03:00:00,19462.4,19472.6,19418.1,19441.2,6938.289
2022-10-10 04:00:00,19441.1,19467.3,19412.3,19458.7,7084.111
2022-10-10 05:00:00,19458.7,19462.2,19372.3,19403.5,13531.556999999999
2022-10-10 06:00:00,19403.4,19427.6,19361.0,19384.3,12093.806
2022-10-10 07:00:00,19384.3,19434.0,19381.0,19401.3,8479.587
2022-10-10 08:00:00,19401.3,19409.0,19113.7,19228.3,82732.939
2022-10-10 09:00:00,19228.3,19332.9,19215.4,19320.6,28271.907
2022-10-10 10:00:00,19320.5,19342.8,19261.1,19267.5,18742.79
2022-10-10 11:00:00,19267.6,19369.0,19267.5,19323.2,19126.879
2022-10-10 12:00:00,19323.3,19425.0,19303.0,19410.0,23454.163
2022-10-10 13:00:00,19409.9,19430.0,19286.4,19308.3,33797.728
2022-10-10 14:00:00,19308.2,19390.9,19214.0,19252.1,43229.37
2022-10-10 15:00:00,19252.1,19312.4,19222.8,19261.7,25170.482
2022-10-10 16:00:00,19261.7,19281.8,19100.0,19136.9,51510.121
2022-10-10 17:00:00,19136.8,19355.5,19115.2,19317.2,39407.066
2022-10-10 18:00:00,19317.1,19324.6,19177.9,19216.6,26874.011
2022-10-10 19:00:00,19216.5,19257.6,19185.6,19204.9,16033.224
2022-10-10 20:00:00,19205.0,19253.3,19204.9,19237.5,7343.831
2022-10-10 21:00:00,19237.6,19279.9,19215.7,19240.0,6121.635
2022-10-10 22:00:00,19240.0,19245.5,19000.0,19123.6,40890.615
2022-10-10 23:00:00,19123.6,19190.7,19105.4,19124.0,12639.768
2022-10-11 00:00:00,19124.1,19125.7,18935.7,19039.6,56586.637
2022-10-11 01:00:00,19039.6,19061.9,18953.2,19028.3,19372.226
2022-10-11 02:00:00,19028.4,19053.0,18950.0,19052.5,19076.731
2022-10-11 03:00:00,19052.4,19090.0,19027.5,19039.7,12002.646
2022-10-11 04:00:00,19039.6,19071.5,19010.1,19036.9,11388.42
2022-10-11 05:00:00,19036.9,19066.8,19017.6,19024.5,10303.118
2022-10-11 06:00:00,19024.5,19114.6,19005.0,19052.0,22209.98
2022-10-11 07:00:00,19052.1,19098.0,19020.0,19075.1,18427.924
2022-10-11 08:00:00,19075.1,19140.0,19073.2,19100.5,18624.844
2022-10-11 09:00:00,19100.5,19110.0,19025.0,19057.4,14781.199
2022-10-11 10:00:00,19057.5,19100.0,19035.4,19085.0,13538.525
2022-10-11 11:00:00,19085.0,19157.3,19067.2,19149.9,16264.485
2022-10-11 12:00:00,19149.9,19260.0,19130.0,19142.2,51346.354999999996
2022-10-11 13:00:00,19142.2,19162.9,18951.0,18982.5,55951.175
2022-10-11 14:00:00,18982.5,19090.0,18850.0,19028.0,84554.487
2022-10-11 15:00:00,19028.0,19188.0,19025.5,19137.6,38101.523
2022-10-11 16:00:00,19137.6,19175.7,19078.0,19145.9,28564.987
2022-10-11 17:00:00,19145.9,19152.5,19097.5,19122.4,15024.234
2022-10-11 18:00:00,19122.4,19127.8,18936.2,18968.0,31808.403
2022-10-11 19:00:00,18968.0,19034.1,18910.3,18991.3,31154.492
2022-10-11 20:00:00,18991.3,19055.5,18982.3,19013.4,10795.103
2022-10-11 21:00:00,19013.4,19050.0,18990.0,19002.1,7285.577
2022-10-11 22:00:00,19002.1,19052.1,18991.4,19033.6,6967.768
2022-10-11 23:00:00,19033.5,19059.5,19000.0,19055.0,9227.485
2022-10-12 00:00:00,19055.0,19122.4,19019.8,19084.0,20808.797
2022-10-12 01:00:00,19084.1,19090.8,19026.1,19057.1,10104.826
2022-10-12 02:00:00,19057.1,19072.4,19023.9,19060.1,9056.376
2022-10-12 03:00:00,19060.2,19084.9,19037.0,19041.5,6075.412
2022-10-12 04:00:00,19041.5,19115.6,19037.6,19089.8,15488.971
2022-10-12 05:00:00,19089.8,19137.7,19064.1,19106.9,10932.468
2022-10-12 06:00:00,19106.9,19193.9,19081.6,19143.4,21189.845
2022-10-12 07:00:00,19143.4,19155.6,19073.0,19103.4,16119.543
2022-10-12 08:00:00,19103.4,19149.0,19081.3,19133.8,12880.858
2022-10-12 09:00:00,19133.8,19190.0,19125.8,19162.3,15519.114
2022-10-12 10:00:00,19162.3,19178.8,19116.0,19145.2,12736.462
2022-10-12 11:00:00,19145.1,19161.1,19100.1,19107.2,11771.492
2022-10-12 12:00:00,19107.2,19179.9,18924.3,19069.0,64403.401
2022-10-12 13:00:00,19069.0,19147.9,19028.1,19110.0,41998.564
2022-10-12 14:00:00,19110.1,19133.0,19052.4,19084.0,20339.303
2022-10-12 15:00:00,19084.0,19142.0,19080.7,19130.5,14356.992
2022-10-12 16:00:00,19130.6,19145.0,19070.7,19090.1,12619.116
2022-10-12 17:00:00,19090.1,19104.8,19052.6,19083.4,9394.957
2022-10-12 18:00:00,19083.5,19155.1,19030.6,19108.5,30687.424
2022-10-12 19:00:00,19108.4,19170.0,19094.2,19132.3,11382.531
2022-10-12 20:00:00,19132.3,19162.8,19122.4,19162.8,6800.726
2022-10-12 21:00:00,19162.7,19184.9,19152.5,19170.5,8875.188
2022-10-12 22:00:00,19170.4,19240.0,19142.9,19144.0,17139.443
2022-10-12 23:00:00,19143.9,19162.0,19132.5,19148.0,6088.479
2022-10-13 00:00:00,19148.1,19166.7,19116.3,19141.5,9068.569
2022-10-13 01:00:00,19141.5,19148.0,19079.5,19100.8,10746.901
2022-10-13 02:00:00,19100.9,19106.4,19010.0,19079.6,20679.311
2022-10-13 03:00:00,19079.6,19109.2,19070.6,19080.7,7262.796
2022-10-13 04:00:00,19080.7,19090.3,19061.5,19087.9,5844.598
2022-10-13 05:00:00,19087.9,19105.0,19032.3,19083.5,11948.861
2022-10-13 06:00:00,19083.5,19093.0,19039.0,19052.5,9937.278
2022-10-13 07:00:00,19052.4,19052.5,18945.0,19000.1,38862.227
2022-10-13 08:00:00,19000.0,19034.8,18956.7,19002.2,16955.438
2022-10-13 09:00:00,19002.2,19024.8,18972.0,18987.6,11571.153
2022-10-13 10:00:00,18987.6,18996.7,18550.0,18682.4,114475.841
2022-10-13 11:00:00,18682.4,18820.0,18649.0,18744.9,46232.53
2022-10-13 12:00:00,18745.0,19036.6,17917.8,18377.9,193009.392
2022-10-13 13:00:00,18377.8,18473.8,18262.5,18420.5,79065.875
2022-10-13 14:00:00,18420.5,18486.9,18380.2,18404.8,45380.731
2022-10-13 15:00:00,18404.8,19043.7,18394.5,18947.7,160998.752
2022-10-13 16:00:00,18947.7,19186.2,18892.8,19077.5,85104.975
2022-10-13 17:00:00,19077.5,19232.0,19056.0,19148.7,46522.519
2022-10-13 18:00:00,19148.7,19498.6,19132.7,19409.0,75856.672
2022-10-13 19:00:00,19409.4,19454.8,19309.5,19360.9,43462.797
2022-10-13 20:00:00,19360.9,19488.0,19346.6,19373.5,30664.277000000002
2022-10-13 21:00:00,19373.5,19426.6,19320.0,19391.4,12418.437
2022-10-13 22:00:00,19391.3,19444.9,19375.8,19421.1,14083.07
2022-10-13 23:00:00,19421.2,19433.6,19350.0,19365.5,14462.001
2022-10-14 00:00:00,19365.4,19436.5,19330.1,19398.3,19500.369
2022-10-14 01:00:00,19398.3,19947.9,19385.0,19854.2,94664.77
2022-10-14 02:00:00,19854.1,19891.7,19762.9,19818.6,41515.585
2022-10-14 03:00:00,19818.5,19875.0,19769.8,19806.3,18759.898
2022-10-14 04:00:00,19806.2,19840.2,19787.1,19803.7,14628.778
2022-10-14 05:00:00,19803.7,19843.3,19710.4,19796.0,23622.331000000002
2022-10-14 06:00:00,19796.0,19822.4,19769.0,19783.6,13564.149
2022-10-14 07:00:00,19783.5,19795.8,19560.5,19633.2,51076.832
2022-10-14 08:00:00,19633.2,19663.2,19552.0,19609.7,27648.573
2022-10-14 09:00:00,19609.7,19658.9,19520.0,19641.0,25875.082
2022-10-14 10:00:00,19640.9,19735.0,19623.4,19678.7,32942.485
2022-10-14 11:00:00,19678.7,19738.8,19578.9,19588.3,23365.442
2022-10-14 12:00:00,19588.4,19843.5,19558.2,19792.0,52023.407
2022-10-14 13:00:00,19792.0,19808.4,19620.0,19657.5,48594.192
2022-10-14 14:00:00,19657.5,19657.9,19343.0,19456.9,117423.223
2022-10-14 15:00:00,19456.9,19507.1,19300.0,19352.9,52911.236
2022-10-14 16:00:00,19352.9,19395.0,19213.0,19297.0,54105.484000000004
2022-10-14 17:00:00,19297.0,19368.0,19280.4,19355.1,18482.417
2022-10-14 18:00:00,19355.1,19355.1,19120.0,19206.8,42404.961
2022-10-14 19:00:00,19206.9,19260.0,19096.5,19160.0,37587.623
2022-10-14 20:00:00,19160.1,19209.7,19112.4,19167.1,15062.737
2022-10-14 21:00:00,19167.1,19196.8,19059.6,19098.3,14504.02
2022-10-14 22:00:00,19098.2,19153.4,19077.6,19150.2,12043.112
2022-10-14 23:00:00,19150.1,19188.4,19134.3,19164.6,9146.503999999999
2022-10-15 00:00:00,19164.6,19218.8,19163.6,19191.7,9567.853000000001
2022-10-15 01:00:00,19191.7,19198.0,19163.3,19166.0,6642.005
2022-10-15 02:00:00,19166.0,19196.6,19125.9,19186.6,8940.298999999999
2022-10-15 03:00:00,19186.7,19210.0,19171.0,19190.7,5778.446
2022-10-15 04:00:00,19190.7,19199.6,19166.4,19178.3,4893.374
2022-10-15 05:00:00,19178.2,19184.4,19146.0,19167.4,5396.327
2022-10-15 06:00:00,19167.5,19178.9,19150.0,19159.2,4773.011
2022-10-15 07:00:00,19159.2,19174.0,19120.2,19159.0,7646.227
2022-10-15 08:00:00,19159.1,19163.0,19027.3,19061.1,26545.089
2022-10-15 09:00:00,19061.0,19116.4,19055.4,19099.0,14421.445
2022-10-15 10:00:00,19099.1,19176.9,19087.1,19147.1,14598.636
2022-10-15 11:00:00,19147.0,19160.8,19133.1,19160.8,6026.477
2022-10-15 12:00:00,19160.8,19188.0,19145.5,19157.8,9754.442
2022-10-15 13:00:00,19157.8,19175.3,19080.7,19161.0,19466.502
2022-10-15 14:00:00,19160.9,19175.0,19110.0,19136.0,10584.999
2022-10-15 15:00:00,19136.1,19136.2,19111.1,19119.5,5353.791
2022-10-15 16:00:00,19119.5,19154.9,19101.1,19117.7,8202.719
2022-10-15 17:00:00,19117.8,19127.9,19088.0,19100.1,5694.915
2022-10-15 18:00:00,19100.1,19133.4,19094.9,19108.4,5375.359
2022-10-15 19:00:00,19108.4,19118.3,19045.0,19091.9,11299.865
2022-10-15 20:00:00,19091.9,19101.5,19074.3,19088.3,4611.08
2022-10-15 21:00:00,19088.4,19091.5,19035.2,19062.1,7119.0960000000005
2022-10-15 22:00:00,19062.1,19079.7,19031.5,19049.7,11276.37
2022-10-15 23:00:00,19049.7,19122.3,18966.0,19060.4,27551.858
2022-10-16 00:00:00,19060.4,19136.6,19058.0,19130.7,9470.511
2022-10-16 01:00:00,19130.8,19159.7,19100.1,19134.7,8518.793
2022-10-16 02:00:00,19134.8,19155.0,19094.0,19106.1,5584.468
2022-10-16 03:00:00,19106.0,19127.0,19098.0,19111.4,4080.902
2022-10-16 04:00:00,19111.4,19149.9,19101.0,19127.0,5495.436
2022-10-16 05:00:00,19127.1,19150.0,19112.2,19139.3,5342.835
2022-10-16 06:00:00,19139.3,19144.5,19105.9,19123.0,4919.987
2022-10-16 07:00:00,19123.0,19138.0,19109.0,19124.2,3622.781
2022-10-16 08:00:00,19124.1,19188.0,19124.1,19157.9,14736.715
2022-10-16 09:00:00,19157.9,19159.0,19125.6,19130.8,7707.99
2022-10-16 10:00:00,19130.7,19139.5,19080.0,19119.1,10253.873
2022-10-16 11:00:00,19119.0,19146.1,19109.2,19136.7,5539.29
2022-10-16 12:00:00,19136.7,19140.1,19107.3,19123.9,5508.851000000001
2022-10-16 13:00:00,19123.8,19134.3,19110.0,19118.4,4206.703
2022-10-16 14:00:00,19118.4,19129.7,19095.5,19120.3,7049.219
2022-10-16 15:00:00,19120.3,19168.6,19115.5,19148.6,11613.04
2022-10-16 16:00:00,19148.7,19160.1,19115.9,19127.9,7409.836
2022-10-16 17:00:00,19127.9,19153.7,19123.2,19125.5,4499.65
2022-10-16 18:00:00,19125.5,19141.6,19108.4,19123.3,3794.342
2022-10-16 19:00:00,19123.2,19376.8,19120.7,19369.9,40091.974
2022-10-16 20:00:00,19369.8,19415.9,19253.0,19320.0,31336.296
2022-10-16 21:00:00,19320.0,19354.3,19092.0,19138.5,23298.352
2022-10-16 22:00:00,19138.4,19355.0,19108.2,19289.8,31053.377
2022-10-16 23:00:00,19289.8,19306.6,19217.0,19251.9,12785.971
2022-10-17 00:00:00,19251.8,19296.6,19200.0,19220.0,13082.65
2022-10-17 01:00:00,19220.0,19227.8,19158.2,19166.9,11094.835
2022-10-17 02:00:00,19166.9,19202.5,19159.6,19193.5,6639.696
2022-10-17 03:00:00,19193.5,19196.0,19148.0,19178.4,7626.5869999999995
2022-10-17 04:00:00,19178.3,19230.0,19156.0,19220.2,9379.681
2022-10-17 05:00:00,19220.3,19275.0,19217.1,19263.7,10447.669
2022-10-17 06:00:00,19263.8,19311.6,19213.0,19229.6,13399.779
2022-10-17 07:00:00,19229.7,19308.0,19223.1,19285.0,14627.880000000001
2022-10-17 08:00:00,19285.0,19292.0,19237.0,19251.0,9163.793
2022-10-17 09:00:00,19251.0,19365.3,19242.1,19327.6,18245.154
2022-10-17 10:00:00,19327.7,19410.0,19326.1,19386.4,30709.912
2022-10-17 11:00:00,19386.3,19541.1,19361.0,19452.8,54757.551
2022-10-17 12:00:00,19452.8,19578.6,19414.5,19509.3,36116.710999999996
2022-10-17 13:00:00,19509.2,19666.0,19509.2,19574.6,56705.12
2022-10-17 14:00:00,19574.6,19638.6,19432.0,19464.9,55833.698000000004
2022-10-17 15:00:00,19464.8,19570.0,19421.6,19524.5,33065.745
2022-10-17 16:00:00,19524.4,19580.0,19468.5,19501.9,22660.559
2022-10-17 17:00:00,19501.8,19527.7,19450.0,19513.3,18731.228
2022-10-17 18:00:00,19513.3,19538.1,19430.4,19508.6,16589.668
2022-10-17 19:00:00,19508.7,19549.9,19479.6,19519.3,11658.817
2022-10-17 20:00:00,19519.3,19554.5,19500.4,19520.0,10526.377
2022-10-17 21:00:00,19520.0,19540.0,19480.5,19509.5,7572.148
2022-10-17 22:00:00,19509.5,19618.9,19463.0,19507.3,26239.451
2022-10-17 23:00:00,19507.3,19565.5,19498.0,19540.6,7445.05
2022-10-18 00:00:00,19540.7,19603.6,19500.0,19587.9,14185.377999999999
2022-10-18 01:00:00,19588.0,19613.0,19510.6,19528.0,11930.047
2022-10-18 02:00:00,19527.9,19539.3,19475.9,19485.1,10953.94
2022-10-18 03:00:00,19485.0,19569.0,19484.0,19539.9,14322.272
2022-10-18 04:00:00,19539.9,19607.4,19535.1,19572.4,13704.948
2022-10-18 05:00:00,19572.5,19579.6,19528.8,19545.0,9162.982
2022-10-18 06:00:00,19545.0,19706.4,19524.5,19634.3,31087.174
2022-10-18 07:00:00,19634.3,19679.5,19555.0,19655.8,27779.246
2022-10-18 08:00:00,19655.8,19663.0,19518.0,19526.2,28504.925
2022-10-18 09:00:00,19526.2,19553.6,19457.5,19521.3,30876.981
2022-10-18 10:00:00,19521.3,19574.0,19495.3,19521.9,15916.033
2022-10-18 11:00:00,19522.0,19594.0,19520.4,19555.8,13390.182999999999
2022-10-18 12:00:00,19555.7,19648.0,19555.7,19620.6,22672.925
2022-10-18 13:00:00,19620.5,19674.0,19521.9,19534.9,39889.508
2022-10-18 14:00:00,19534.9,19565.3,19358.0,19409.5,64984.837
2022-10-18 15:00:00,19409.4,19444.0,19275.0,19364.1,59939.395
2022-10-18 16:00:00,19364.1,19434.4,19338.5,19403.9,29639.595
2022-10-18 17:00:00,19404.0,19428.0,19355.1,19399.0,14584.359
2022-10-18 18:00:00,19399.1,19402.0,19168.1,19211.6,42290.63
2022-10-18 19:00:00,19211.7,19211.7,19081.0,19209.6,51152.368
2022-10-18 20:00:00,19209.6,19425.9,19190.0,19357.7,44166.446
2022-10-18 21:00:00,19357.7,19366.0,19203.5,19286.3,21046.818
2022-10-18 22:00:00,19286.3,19326.9,19248.2,19312.2,11271.068
2022-10-18 23:00:00,19312.3,19360.0,19296.7,19320.9,10891.096
2022-10-19 00:00:00,19320.9,19349.8,19225.0,19226.1,15250.408
2022-10-19 01:00:00,19226.2,19319.0,19210.0,19305.3,10733.439
2022-10-19 02:00:00,19305.3,19310.5,19242.2,19285.6,8634.389
2022-10-19 03:00:00,19285.5,19300.0,19250.0,19276.0,6697.01
2022-10-19 04:00:00,19276.0,19300.0,19250.0,19269.1,7007.676
2022-10-19 05:00:00,19269.0,19297.1,19225.0,19246.9,12590.477
2022-10-19 06:00:00,19246.9,19273.7,19136.0,19183.1,23786.573
2022-10-19 07:00:00,19183.1,19237.3,19164.3,19210.0,15605.232
2022-10-19 08:00:00,19210.0,19223.7,19140.0,19188.1,16221.994999999999
2022-10-19 09:00:00,19188.1,19274.8,19185.9,19259.9,14512.407
2022-10-19 10:00:00,19259.8,19266.2,19170.7,19207.7,12718.044
2022-10-19 11:00:00,19207.8,19217.6,19133.4,19193.2,21950.859
2022-10-19 12:00:00,19193.2,19194.3,19099.0,19156.6,21212.103
2022-10-19 13:00:00,19156.5,19231.0,19050.0,19117.0,43578.601
2022-10-19 14:00:00,19117.1,19220.0,19094.3,19145.0,27927.119
2022-10-19 15:00:00,19145.1,19300.0,19129.7,19259.8,32154.668
2022-10-19 16:00:00,19259.8,19271.3,19164.2,19173.1,19207.111
2022-10-19 17:00:00,19173.0,19185.0,19082.0,19174.9,28031.845
2022-10-19 18:00:00,19175.0,19215.0,19155.0,19180.6,10172.312
2022-10-19 19:00:00,19180.7,19223.7,19144.8,19223.6,10291.983
2022-10-19 20:00:00,19223.7,19239.4,19124.8,19187.1,15952.681
2022-10-19 21:00:00,19187.1,19200.1,19147.6,19185.8,5259.682
2022-10-19 22:00:00,19185.9,19189.8,19096.2,19136.0,13165.158
2022-10-19 23:00:00,19136.0,19154.6,19070.8,19116.7,11708.686
2022-10-20 00:00:00,19116.6,19158.8,18882.4,18963.4,40391.424
2022-10-20 01:00:00,18963.4,19044.3,18921.8,19036.2,24441.453
2022-10-20 02:00:00,19036.3,19075.0,19006.3,19053.2,12071.449
2022-10-20 03:00:00,19053.2,19058.7,19005.1,19033.2,8152.5779999999995
2022-10-20 04:00:00,19033.2,19199.6,19031.7,19173.9,26025.578
2022-10-20 05:00:00,19174.0,19185.9,19108.0,19129.5,17343.948
2022-10-20 06:00:00,19129.5,19134.5,19085.9,19125.6,11807.264
2022-10-20 07:00:00,19125.6,19162.1,19088.0,19138.0,13699.235
2022-10-20 08:00:00,19138.0,19156.0,19098.0,19104.2,10197.603
2022-10-20 09:00:00,19104.2,19188.2,19100.1,19178.0,11729.877
2022-10-20 10:00:00,19178.0,19249.2,19126.3,19190.9,25077.918
2022-10-20 11:00:00,19191.0,19218.3,19179.2,19199.0,12095.844
2022-10-20 12:00:00,19198.9,19270.8,19121.9,19126.6,38823.662
2022-10-20 13:00:00,19126.6,19209.8,19120.0,19163.0,24446.25
2022-10-20 14:00:00,19162.9,19350.0,19161.7,19316.3,45870.665
2022-10-20 15:00:00,19316.3,19329.0,19235.0,19244.3,17847.775
2022-10-20 16:00:00,19244.2,19244.3,19133.4,19173.4,35501.181
2022-10-20 17:00:00,19173.4,19177.8,19055.0,19091.6,30985.515
2022-10-20 18:00:00,19091.6,19091.6,18954.7,19054.7,50373.272
2022-10-20 19:00:00,19054.7,19109.6,19020.0,19055.8,21675.727
2022-10-20 20:00:00,19055.8,19078.5,18912.4,19021.3,24563.445
2022-10-20 21:00:00,19021.2,19092.0,18985.2,19063.0,11446.239
2022-10-20 22:00:00,19063.1,19084.5,18991.8,19026.1,11946.763
2022-10-20 23:00:00,19026.1,19042.7,18971.3,19034.7,11112.383
2022-10-21 00:00:00,19034.8,19058.1,18991.7,19039.6,13100.08
2022-10-21 01:00:00,19039.7,19067.1,19016.0,19057.8,7877.88
2022-10-21 02:00:00,19057.8,19126.8,19051.0,19101.8,13179.408
2022-10-21 03:00:00,19101.9,19115.0,19036.1,19044.0,8763.6
2022-10-21 04:00:00,19044.0,19071.6,19017.1,19040.0,8014.048
2022-10-21 05:00:00,19039.9,19055.1,19021.2,19034.9,6309.015
2022-10-21 06:00:00,19035.0,19063.6,19020.0,19027.4,8178.436
2022-10-21 07:00:00,19027.4,19075.1,18982.2,19019.4,15846.149
2022-10-21 08:00:00,19019.4,19033.0,18931.4,18973.0,22075.226
2022-10-21 09:00:00,18973.0,19019.9,18885.3,19002.2,30092.045000000002
2022-10-21 10:00:00,19002.2,19009.2,18947.6,18993.4,12567.902
2022-10-21 11:00:00,18993.4,19000.0,18930.0,18934.3,11545.838
2022-10-21 12:00:00,18934.2,18935.9,18600.0,18870.1,97684.095
2022-10-21 13:00:00,18870.0,19070.0,18850.0,19054.0,81517.307
2022-10-21 14:00:00,19054.0,19119.8,18931.8,18966.4,61103.728
2022-10-21 15:00:00,18966.5,19170.0,18940.0,19158.7,35228.794
2022-10-21 16:00:00,19158.6,19217.9,19094.9,19116.9,49848.36
2022-10-21 17:00:00,19116.9,19167.0,19080.0,19140.0,23030.487
2022-10-21 18:00:00,19140.0,19198.0,19111.3,19130.3,16809.715
2022-10-21 19:00:00,19130.4,19238.7,19127.2,19178.8,25593.917
2022-10-21 20:00:00,19178.8,19240.0,19146.3,19168.1,15473.571
2022-10-21 21:00:00,19168.1,19168.2,19128.0,19146.0,7070.129
2022-10-21 22:00:00,19146.0,19184.8,19142.9,19179.9,5974.7029999999995
2022-10-21 23:00:00,19180.0,19182.0,19150.0,19150.9,4994.472
2022-10-22 00:00:00,19151.0,19170.0,19137.8,19156.8,6562.0779999999995
2022-10-22 01:00:00,19156.8,19175.6,19138.2,19148.7,4514.033
2022-10-22 02:00:00,19148.7,19156.3,19108.2,19118.8,7569.234
2022-10-22 03:00:00,19118.8,19150.0,19103.5,19142.0,7039.427
2022-10-22 04:00:00,19142.0,19153.1,19137.9,19137.9,3648.052
2022-10-22 05:00:00,19138.0,19146.0,19130.0,19133.3,3885.663
2022-10-22 06:00:00,19133.2,19143.5,19124.7,19136.7,4053.226
2022-10-22 07:00:00,19136.8,19167.9,19136.7,19155.3,5454.714
2022-10-22 08:00:00,19155.2,19168.0,19143.9,19147.9,4201.194
2022-10-22 09:00:00,19147.9,19165.5,19128.4,19132.0,6311.312
2022-10-22 10:00:00,19132.0,19160.0,19130.7,19156.6,4465.497
2022-10-22 11:00:00,19156.6,19178.6,19150.6,19168.9,5998.899
2022-10-22 12:00:00,19168.9,19195.5,19143.3,19173.5,10153.298999999999
2022-10-22 13:00:00,19173.6,19250.0,19173.5,19182.9,20501.391
2022-10-22 14:00:00,19182.9,19228.6,19182.9,19226.4,9562.539
2022-10-22 15:00:00,19226.4,19245.0,19200.0,19223.7,12160.87
2022-10-22 16:00:00,19223.8,19236.8,19162.0,19185.0,12876.535
2022-10-22 17:00:00,19185.0,19201.6,19135.0,19141.9,11796.555
2022-10-22 18:00:00,19141.9,19169.4,19122.0,19160.6,9126.696
2022-10-22 19:00:00,19160.7,19177.8,19153.5,19175.1,4770.607
2022-10-22 20:00:00,19175.0,19217.1,19164.1,19206.8,6563.059
2022-10-22 21:00:00,19206.8,19213.8,19179.8,19195.0,6364.442
2022-10-22 22:00:00,19195.1,19198.3,19176.2,19185.1,3749.203
2022-10-22 23:00:00,19185.0,19196.8,19182.7,19195.1,2726.517
2022-10-23 00:00:00,19195.1,19211.1,19179.5,19186.6,5039.486
2022-10-23 01:00:00,19186.5,19193.5,19155.0,19170.5,5137.043
2022-10-23 02:00:00,19170.5,19200.0,19167.6,19186.3,5095.378
2022-10-23 03:00:00,19186.4,19192.4,19175.3,19188.9,3450.835
2022-10-23 04:00:00,19188.8,19214.0,19161.0,19176.3,8666.687
2022-10-23 05:00:00,19176.3,19183.9,19157.5,19167.4,5272.438
2022-10-23 06:00:00,19167.3,19178.1,19145.8,19167.2,6786.19
2022-10-23 07:00:00,19167.2,19167.7,19136.0,19151.6,8402.159
2022-10-23 08:00:00,19151.6,19174.4,19138.6,19173.3,6715.631
2022-10-23 09:00:00,19173.4,19176.6,19168.0,19172.9,4075.658
2022-10-23 10:00:00,19173.0,19177.1,19152.4,19160.0,4237.632
2022-10-23 11:00:00,19160.0,19160.7,19118.0,19142.0,12311.087
2022-10-23 12:00:00,19142.1,19150.0,19050.0,19142.9,19748.515
2022-10-23 13:00:00,19142.9,19173.3,19135.6,19169.2,9356.074999999999
2022-10-23 14:00:00,19169.2,19204.9,19166.8,19181.6,12975.959
2022-10-23 15:00:00,19181.6,19200.4,19171.1,19180.6,6914.793
2022-10-23 16:00:00,19180.6,19197.0,19160.3,19168.9,6405.149
2022-10-23 17:00:00,19168.9,19496.6,19164.2,19468.7,58759.176
2022-10-23 18:00:00,19468.7,19527.0,19395.4,19434.5,47129.175
2022-10-23 19:00:00,19434.6,19518.3,19432.6,19492.2,12793.905
2022-10-23 20:00:00,19492.3,19517.0,19436.1,19490.3,17884.106
2022-10-23 21:00:00,19490.4,19620.0,19440.0,19533.1,24675.861
2022-10-23 22:00:00,19533.1,19690.0,19533.1,19584.1,48239.478
2022-10-23 23:00:00,19584.1,19598.0,19511.0,19560.7,18539.126
2022-10-24 00:00:00,19560.6,19593.3,19480.1,19510.4,21102.554
2022-10-24 01:00:00,19510.4,19520.0,19358.9,19406.5,30396.425
2022-10-24 02:00:00,19406.4,19459.4,19385.3,19406.2,12905.280999999999
2022-10-24 03:00:00,19406.2,19424.8,19333.0,19384.0,21731.336
2022-10-24 04:00:00,19384.0,19384.0,19265.0,19328.8,26746.825
2022-10-24 05:00:00,19328.7,19346.3,19286.4,19327.7,11324.312
2022-10-24 06:00:00,19327.8,19357.9,19277.2,19284.9,13604.645
2022-10-24 07:00:00,19284.9,19333.0,19235.4,19318.4,28851.287
2022-10-24 08:00:00,19318.4,19334.0,19287.4,19330.0,13735.101
2022-10-24 09:00:00,19329.9,19399.0,19304.2,19375.1,16604.775
2022-10-24 10:00:00,19375.1,19435.8,19360.0,19395.7,20917.665
2022-10-24 11:00:00,19395.8,19435.0,19352.7,19412.6,14125.574
2022-10-24 12:00:00,19412.5,19439.8,19310.0,19364.9,23896.078
2022-10-24 13:00:00,19364.9,19390.9,19284.2,19341.8,37626.311
2022-10-24 14:00:00,19341.8,19345.0,19146.0,19264.7,68506.217
2022-10-24 15:00:00,19264.7,19300.5,19234.2,19291.7,18490.159
2022-10-24 16:00:00,19291.8,19308.2,19242.1,19263.1,14743.61
2022-10-24 17:00:00,19263.0,19292.0,19215.4,19276.4,13475.012
2022-10-24 18:00:00,19276.4,19339.1,19274.0,19325.8,12559.057999999999
2022-10-24 19:00:00,19325.7,19415.2,19322.3,19335.9,19627.781
2022-10-24 20:00:00,19335.9,19371.6,19292.1,19371.0,11201.282
2022-10-24 21:00:00,19371.0,19406.9,19323.3,19357.3,10141.672
2022-10-24 22:00:00,19357.3,19363.6,19289.4,19348.7,8692.793
2022-10-24 23:00:00,19348.7,19353.2,19310.0,19318.1,5670.783
2022-10-25 00:00:00,19318.1,19326.6,19264.6,19301.7,12194.519
2022-10-25 01:00:00,19301.6,19308.5,19242.2,19288.7,12906.344
2022-10-25 02:00:00,19288.7,19306.2,19267.5,19303.0,5083.747
2022-10-25 03:00:00,19302.9,19356.0,19300.3,19332.7,9572.325
2022-10-25 04:00:00,19332.7,19369.0,19323.5,19331.6,5803.193
2022-10-25 05:00:00,19331.7,19335.8,19287.1,19330.6,8341.56
2022-10-25 06:00:00,19330.7,19357.4,19314.1,19319.0,7302.847
2022-10-25 07:00:00,19319.1,19327.7,19264.0,19296.9,12187.921
2022-10-25 08:00:00,19296.9,19312.0,19261.2,19284.9,8722.969000000001
2022-10-25 09:00:00,19285.0,19285.0,19248.1,19254.7,14070.545
2022-10-25 10:00:00,19254.7,19288.4,19228.0,19286.4,12480.622
2022-10-25 11:00:00,19286.3,19315.0,19267.0,19291.0,10333.961
2022-10-25 12:00:00,19291.0,19329.8,19250.0,19315.0,15533.779
2022-10-25 13:00:00,19315.1,19513.5,19315.0,19469.4,63794.864
2022-10-25 14:00:00,19469.4,19537.2,19435.1,19478.7,40906.255
2022-10-25 15:00:00,19478.7,19799.9,19475.0,19740.3,99140.82400000001
2022-10-25 16:00:00,19740.3,19837.5,19711.9,19806.0,53166.222
2022-10-25 17:00:00,19806.0,20189.2,19803.1,20108.6,124436.052
2022-10-25 18:00:00,20108.7,20400.0,20071.1,20261.9,89031.543
2022-10-25 19:00:00,20262.0,20415.0,20201.0,20266.8,51042.547
2022-10-25 20:00:00,20266.7,20289.6,19997.9,20180.0,63752.912
2022-10-25 21:00:00,20180.0,20270.8,20088.2,20219.5,22379.683
2022-10-25 22:00:00,20219.6,20225.3,19970.6,20053.1,21965.791
2022-10-25 23:00:00,20053.2,20119.6,20028.0,20068.3,13155.509
2022-10-26 00:00:00,20068.3,20168.5,20041.1,20155.4,18480.95
2022-10-26 01:00:00,20155.3,20284.1,20076.9,20219.7,28633.399
2022-10-26 02:00:00,20219.7,20240.0,20161.4,20199.8,12839.785
2022-10-26 03:00:00,20199.9,20297.7,20173.2,20238.6,13293.103
2022-10-26 04:00:00,20238.6,20263.4,20168.9,20192.1,12371.828
2022-10-26 05:00:00,20192.1,20221.0,20126.0,20180.1,12799.436
2022-10-26 06:00:00,20180.1,20237.0,20162.2,20208.7,15932.329
2022-10-26 07:00:00,20208.7,20368.3,20191.2,20333.7,36653.462
2022-10-26 08:00:00,20333.6,20800.0,20270.0,20658.7,99694.217
2022-10-26 09:00:00,20658.8,20709.1,20532.0,20586.0,38024.192
2022-10-26 10:00:00,20586.1,20674.9,20531.1,20655.2,21017.153
2022-10-26 11:00:00,20655.2,20738.9,20557.9,20595.9,25777.604
2022-10-26 12:00:00,20596.0,20612.7,20436.0,20539.3,36792.687
2022-10-26 13:00:00,20539.2,20612.4,20329.1,20542.9,71294.21399999999
2022-10-26 14:00:00,20542.9,21030.0,20542.5,20820.1,154633.666
2022-10-26 15:00:00,20820.0,20929.8,20773.7,20835.7,39733.268
2022-10-26 16:00:00,20835.6,20985.4,20704.6,20753.7,51323.279
2022-10-26 17:00:00,20753.8,20819.6,20657.0,20811.1,32348.082
2022-10-26 18:00:00,20811.2,20859.9,20650.0,20687.0,27250.414
2022-10-26 19:00:00,20687.0,20780.0,20631.7,20754.4,19532.34
2022-10-26 20:00:00,20754.5,20864.6,20688.6,20736.2,29112.787
2022-10-26 21:00:00,20736.2,20752.0,20690.0,20729.3,6513.903
2022-10-26 22:00:00,20729.2,20897.4,20688.6,20808.2,22990.097
2022-10-26 23:00:00,20808.2,20896.8,20721.8,20758.3,14822.787
2022-10-27 00:00:00,20758.4,20837.8,20706.2,20742.4,12980.849
2022-10-27 01:00:00,20742.4,20790.7,20689.2,20715.1,10130.55
2022-10-27 02:00:00,20715.1,20784.4,20668.0,20672.9,13290.720000000001
2022-10-27 03:00:00,20673.0,20763.6,20561.5,20744.3,23096.087
2022-10-27 04:00:00,20744.3,20858.0,20725.5,20789.0,12905.526
2022-10-27 05:00:00,20789.0,20863.7,20775.9,20791.5,10905.798999999999
2022-10-27 06:00:00,20791.5,20821.7,20690.0,20708.7,14918.344000000001
2022-10-27 07:00:00,20708.7,20758.0,20670.0,20703.6,15402.76
2022-10-27 08:00:00,20703.6,20742.9,20672.0,20700.1,15274.668
2022-10-27 09:00:00,20700.0,20700.1,20494.4,20602.5,34854.946
2022-10-27 10:00:00,20602.4,20614.5,20450.0,20540.0,29640.62
2022-10-27 11:00:00,20540.1,20619.0,20522.8,20613.1,21000.722
2022-10-27 12:00:00,20613.1,20773.1,20510.0,20713.0,64174.802
2022-10-27 13:00:00,20713.0,20730.0,20420.0,20512.2,50749.741
2022-10-27 14:00:00,20512.2,20724.5,20486.2,20559.4,50095.913
2022-10-27 15:00:00,20558.8,20658.0,20532.0,20554.0,20981.45
2022-10-27 16:00:00,20554.1,20594.4,20488.3,20564.3,17122.806
2022-10-27 17:00:00,20564.4,20638.8,20541.0,20573.0,15028.458999999999
2022-10-27 18:00:00,20572.9,20589.3,20540.2,20571.1,7396.713
2022-10-27 19:00:00,20571.2,20670.0,20571.2,20620.0,13630.794
2022-10-27 20:00:00,20620.0,20625.6,20222.4,20383.2,103042.925
2022-10-27 21:00:00,20383.2,20404.7,20312.0,20395.7,14651.941
2022-10-27 22:00:00,20395.7,20410.0,20170.0,20258.7,26275.931
2022-10-27 23:00:00,20258.7,20287.9,20188.2,20285.5,17356.979
2022-10-28 00:00:00,20285.6,20326.9,20150.0,20273.6,25451.428
2022-10-28 01:00:00,20273.6,20317.5,20214.9,20312.3,14663.023
2022-10-28 02:00:00,20312.4,20312.4,20175.0,20214.5,20232.422
2022-10-28 03:00:00,20214.5,20286.4,20200.0,20284.3,10650.025
2022-10-28 04:00:00,20284.3,20297.0,20235.1,20242.5,9096.923
2022-10-28 05:00:00,20242.5,20283.0,20212.4,20280.2,9629.688
2022-10-28 06:00:00,20280.2,20299.8,20244.8,20248.0,7785.47
2022-10-28 07:00:00,20248.0,20257.9,20050.1,20069.9,47038.026
2022-10-28 08:00:00,20069.9,20195.0,20010.1,20169.0,40071.122
2022-10-28 09:00:00,20169.0,20222.4,20141.1,20193.0,13864.235
2022-10-28 10:00:00,20193.0,20238.0,20120.6,20165.7,15537.056
2022-10-28 11:00:00,20165.7,20200.0,20104.0,20163.4,13556.436
2022-10-28 12:00:00,20163.4,20288.0,19951.0,20199.8,54251.419
2022-10-28 13:00:00,20199.9,20585.0,20177.9,20460.4,80732.861
2022-10-28 14:00:00,20460.5,20550.0,20317.8,20487.1,55643.966
2022-10-28 15:00:00,20487.2,20530.5,20402.4,20473.2,23680.813
2022-10-28 16:00:00,20473.2,20740.0,20438.8,20691.9,60438.734000000004
2022-10-28 17:00:00,20692.0,20722.6,20620.1,20620.5,22337.154
2022-10-28 18:00:00,20620.4,20657.8,20570.7,20620.1,17634.865999999998
2022-10-28 19:00:00,20620.0,20623.5,20527.6,20597.3,13888.297
2022-10-28 20:00:00,20597.3,20725.0,20596.2,20617.8,19143.109
2022-10-28 21:00:00,20617.9,20654.0,20557.0,20583.9,8479.24
2022-10-28 22:00:00,20583.8,20627.1,20570.8,20621.5,6285.525
2022-10-28 23:00:00,20621.6,20626.5,20567.3,20582.8,5447.044
2022-10-29 00:00:00,20582.7,20617.2,20547.8,20613.6,9224.733
2022-10-29 01:00:00,20613.6,20630.0,20597.7,20619.0,5196.621
2022-10-29 02:00:00,20619.0,20770.0,20617.4,20724.6,22014.696
2022-10-29 03:00:00,20724.5,20822.6,20680.4,20745.2,20552.526
2022-10-29 04:00:00,20745.2,20759.5,20650.9,20670.1,12154.676
2022-10-29 05:00:00,20670.1,20737.1,20608.9,20647.6,16794.369
2022-10-29 06:00:00,20647.7,20704.0,20641.4,20674.0,6577.0960000000005
2022-10-29 07:00:00,20674.1,20768.3,20655.0,20765.7,15022.024
2022-10-29 08:00:00,20765.8,20977.9,20716.6,20912.7,52810.968
2022-10-29 09:00:00,20912.6,20960.0,20866.0,20944.4,18370.912
2022-10-29 10:00:00,20944.4,21088.0,20708.9,20765.9,58478.138
2022-10-29 11:00:00,20766.0,20795.7,20637.0,20688.7,29009.587
2022-10-29 12:00:00,20688.6,20767.1,20669.3,20757.5,20204.97
2022-10-29 13:00:00,20757.4,20775.0,20680.4,20772.1,17113.028
2022-10-29 14:00:00,20772.2,20929.0,20746.0,20799.0,37011.276
2022-10-29 15:00:00,20798.9,20939.0,20784.4,20913.2,29157.757
2022-10-29 16:00:00,20913.2,20950.0,20838.1,20851.7,24630.092
2022-10-29 17:00:00,20851.6,20974.9,20766.8,20800.1,24080.281
2022-10-29 18:00:00,20800.1,20862.7,20743.2,20841.8,18299.629
2022-10-29 19:00:00,20841.8,20847.2,20780.4,20827.1,8033.024
2022-10-29 20:00:00,20827.1,20865.5,20811.7,20840.2,7053.997
2022-10-29 21:00:00,20840.3,20890.9,20826.7,20835.0,6428.152
2022-10-29 22:00:00,20835.1,20850.8,20696.0,20747.7,16610.647
2022-10-29 23:00:00,20747.7,20804.4,20718.0,20796.7,7387.9710000000005
2022-10-30 00:00:00,20796.7,20828.0,20696.0,20703.2,11200.571
2022-10-30 01:00:00,20703.2,20772.3,20694.6,20768.2,5274.271
2022-10-30 02:00:00,20768.3,20789.0,20733.9,20745.3,5802.782
2022-10-30 03:00:00,20745.2,20795.6,20745.2,20767.7,5020.013
2022-10-30 04:00:00,20767.7,20777.0,20731.5,20735.1,4490.338
2022-10-30 05:00:00,20735.1,20794.0,20735.0,20792.9,6548.1900000000005
2022-10-30 06:00:00,20792.9,20900.0,20779.4,20882.3,19001.656
2022-10-30 07:00:00,20882.3,20925.2,20813.5,20842.5,13840.357
2022-10-30 08:00:00,20841.8,20876.0,20710.1,20773.4,19425.711
2022-10-30 09:00:00,20773.4,20813.6,20626.0,20683.7,22148.357
2022-10-30 10:00:00,20683.7,20706.5,20622.1,20674.9,13897.24
2022-10-30 11:00:00,20675.0,20780.0,20652.8,20760.2,16554.177
2022-10-30 12:00:00,20760.2,20771.0,20667.9,20715.6,12324.16
2022-10-30 13:00:00,20715.6,20721.2,20607.1,20639.8,19704.779
2022-10-30 14:00:00,20639.7,20736.9,20617.4,20730.5,14566.545
2022-10-30 15:00:00,20730.5,20734.6,20632.4,20667.6,12118.1
2022-10-30 16:00:00,20667.7,20693.4,20520.4,20592.4,22684.222
2022-10-30 17:00:00,20592.4,20665.8,20555.8,20650.1,15842.975
2022-10-30 18:00:00,20650.0,20690.7,20631.2,20667.3,6844.183
2022-10-30 19:00:00,20667.2,20687.2,20618.0,20637.3,6424.101
2022-10-30 20:00:00,20637.2,20739.4,20637.2,20671.3,8278.307
2022-10-30 21:00:00,20671.4,20698.0,20657.0,20679.0,3787.679
2022-10-30 22:00:00,20679.0,20685.9,20503.0,20575.8,20597.553
2022-10-30 23:00:00,20575.9,20627.1,20540.0,20615.6,9013.423
2022-10-31 00:00:00,20615.5,20664.3,20525.9,20532.8,14661.822
2022-10-31 01:00:00,20532.7,20562.3,20450.0,20512.0,16702.787
2022-10-31 02:00:00,20512.1,20528.6,20416.0,20460.1,14613.396999999999
2022-10-31 03:00:00,20460.0,20516.7,20450.9,20507.9,9186.515
2022-10-31 04:00:00,20507.8,20568.9,20500.9,20551.6,8667.008
2022-10-31 05:00:00,20551.7,20582.8,20518.2,20535.5,9818.284
2022-10-31 06:00:00,20535.4,20555.1,20445.2,20507.2,14243.266
2022-10-31 07:00:00,20507.2,20539.6,20451.7,20537.2,7592.754
2022-10-31 08:00:00,20537.2,20537.2,20441.4,20478.8,12142.348
2022-10-31 09:00:00,20478.9,20722.0,20460.7,20704.7,32200.222999999998
2022-10-31 10:00:00,20704.7,20838.7,20680.0,20741.6,37001.877
2022-10-31 11:00:00,20741.6,20818.7,20703.3,20722.1,18812.177
2022-10-31 12:00:00,20722.1,20738.4,20640.0,20688.9,18321.966
2022-10-31 13:00:00,20688.9,20746.3,20250.4,20315.4,58259.987
2022-10-31 14:00:00,20315.4,20414.6,20225.4,20326.5,73666.524
2022-10-31 15:00:00,20326.5,20448.6,20276.0,20390.4,27941.596
2022-10-31 16:00:00,20390.5,20523.5,20318.5,20366.3,36726.458
2022-10-31 17:00:00,20366.2,20414.0,20335.4,20363.3,12709.912
2022-10-31 18:00:00,20363.3,20460.0,20346.1,20424.2,10758.756
2022-10-31 19:00:00,20424.1,20426.9,20350.1,20358.8,11225.242
2022-10-31 20:00:00,20358.8,20431.9,20343.6,20392.5,8273.139
2022-10-31 21:00:00,20392.2,20420.5,20380.1,20397.1,4722.402
2022-10-31 22:00:00,20397.2,20488.7,20365.4,20467.3,12027.604
2022-10-31 23:00:00,20467.4,20514.1,20450.6,20482.0,8521.222
