datetime,EMA_5,EMA_10,signal
2022-09-01 00:00:00,20069.18,20008.07,1
2022-09-01 01:00:00,20069.18,20008.07,1
2022-09-01 02:00:00,20069.18,20008.07,1
2022-09-01 03:00:00,20069.18,20008.07,1
2022-09-01 04:00:00,20069.18,20008.07,1
2022-09-01 05:00:00,20056.353333333333,20008.07,1
2022-09-01 06:00:00,20029.50222222222,20008.07,1
2022-09-01 07:00:00,19981.568148148148,20008.07,-1
2022-09-01 08:00:00,19960.012098765434,20008.07,-1
2022-09-01 09:00:00,19948.57473251029,20008.07,-1
2022-09-01 10:00:00,19969.349821673528,20008.584545454545,-1
2022-09-01 11:00:00,19999.866547782352,20018.09644628099,-1
2022-09-01 12:00:00,19995.977698521572,20012.660728775354,-1
2022-09-01 13:00:00,19985.318465681048,20003.813323543473,-1
2022-09-01 14:00:00,19885.312310454035,19945.90181017193,-1
2022-09-01 15:00:00,19848.808206969356,19914.97420832249,-1
2022-09-01 16:00:00,19781.37213797957,19866.160715900216,-1
2022-09-01 17:00:00,19759.41475865305,19838.767858463812,-1
2022-09-01 18:00:00,19773.343172435365,19831.93733874312,-1
2022-09-01 19:00:00,19801.36211495691,19836.566913517097,-1
2022-09-01 20:00:00,19887.708076637944,19877.26383833217,1
2022-09-01 21:00:00,19949.672051091962,19912.96132227177,1
2022-09-01 22:00:00,19988.881367394642,19941.022900040538,1
2022-09-01 23:00:00,20033.42091159643,19974.018736396803,1
2022-09-02 00:00:00,20044.013941064288,19990.59714796102,1
2022-09-02 01:00:00,20043.475960709526,20000.015848331743,1
2022-09-02 02:00:00,20036.983973806353,20004.376603180517,1
2022-09-02 03:00:00,20073.022649204235,20029.962675329512,1
2022-09-02 04:00:00,20099.21509946949,20052.078552542327,1
2022-09-02 05:00:00,20104.443399646327,20063.500633898268,1
2022-09-02 06:00:00,20101.89559976422,20069.555064098582,1
2022-09-02 07:00:00,20101.430399842815,20075.181416080657,1
2022-09-02 08:00:00,20096.720266561875,20077.38479497508,1
2022-09-02 09:00:00,20105.513511041252,20085.696650434154,1
2022-09-02 10:00:00,20090.109007360836,20080.897259446127,1
2022-09-02 11:00:00,20087.53933824056,20081.170485001374,1
2022-09-02 12:00:00,20149.026225493708,20115.86676045567,1
2022-09-02 13:00:00,20185.150816995807,20141.600076736453,1
2022-09-02 14:00:00,20241.433877997206,20180.21824460255,1
2022-09-02 15:00:00,20275.88925199814,20210.142200129358,1
2022-09-02 16:00:00,20224.22616799876,20193.91634556038,1
2022-09-02 17:00:00,20079.917445332507,20120.713373640312,-1
2022-09-02 18:00:00,20028.744963555007,20085.383669342074,-1
2022-09-02 19:00:00,19985.596642370005,20051.55027491624,-1
2022-09-02 20:00:00,19976.06442824667,20034.35931584056,-1
2022-09-02 21:00:00,19971.376285497783,20021.20307659682,-1
2022-09-02 22:00:00,19973.61752366519,20013.366153579213,-1
2022-09-02 23:00:00,19962.745015776796,20000.208671110264,-1
2022-09-03 00:00:00,19972.430010517863,19998.679821817488,-1
2022-09-03 01:00:00,19963.486673678577,19989.0289451234,-1
2022-09-03 02:00:00,19952.79111578572,19978.550955100964,-1
2022-09-03 03:00:00,19931.960743857147,19962.505326900788,-1
2022-09-03 04:00:00,19926.2738292381,19953.849812918827,-1
2022-09-03 05:00:00,19929.34921949207,19950.51348329722,-1
2022-09-03 06:00:00,19912.032812994716,19937.220122697727,-1
2022-09-03 07:00:00,19877.421875329812,19913.761918570865,-1
2022-09-03 08:00:00,19842.81458355321,19888.27793337616,-1
2022-09-03 09:00:00,19824.44305570214,19869.991036398675,-1
2022-09-03 10:00:00,19829.462037134763,19864.447211598916,-1
2022-09-03 11:00:00,19816.30802475651,19850.91135494457,-1
2022-09-03 12:00:00,19825.305349837672,19849.52747222737,-1
2022-09-03 13:00:00,19833.670233225115,19849.686113640575,-1
2022-09-03 14:00:00,19824.913488816746,19841.99772934229,-1
2022-09-03 15:00:00,19804.7089925445,19827.870869461873,-1
2022-09-03 16:00:00,19796.672661696335,19819.27616592335,-1
2022-09-03 17:00:00,19800.481774464224,19817.244135755467,-1
2022-09-03 18:00:00,19781.32118297615,19803.745201981743,-1
2022-09-03 19:00:00,19755.180788650767,19785.409710712334,-1
2022-09-03 20:00:00,19748.753859100514,19776.40794512827,-1
2022-09-03 21:00:00,19745.73590606701,19769.733773286767,-1
2022-09-03 22:00:00,19758.75727071134,19772.473087234626,-1
2022-09-03 23:00:00,19779.404847140893,19781.24161682833,-1
2022-09-04 00:00:00,19784.56989809393,19783.72495922318,1
2022-09-04 01:00:00,19779.74659872929,19781.24769390987,-1
2022-09-04 02:00:00,19780.66439915286,19781.475385926256,-1
2022-09-04 03:00:00,19775.776266101908,19778.66167939421,-1
2022-09-04 04:00:00,19781.95084406794,19781.505010413443,1
2022-09-04 05:00:00,19774.23389604529,19777.376826701908,-1
2022-09-04 06:00:00,19747.155930696863,19762.03558548338,-1
2022-09-04 07:00:00,19704.270620464576,19735.93820630458,-1
2022-09-04 08:00:00,19710.91374697639,19733.803986976476,-1
2022-09-04 09:00:00,19728.84249798426,19739.42144388984,-1
2022-09-04 10:00:00,19735.894998656175,19741.34481772805,-1
2022-09-04 11:00:00,19771.596665770783,19759.827578141132,1
2022-09-04 12:00:00,19803.26444384719,19779.240745751835,1
2022-09-04 13:00:00,19769.642962564794,19765.269701069683,1
2022-09-04 14:00:00,19760.09530837653,19760.857028147922,-1
2022-09-04 15:00:00,19767.263538917687,19764.62847757557,1
2022-09-04 16:00:00,19805.47569261179,19785.95057256183,1
2022-09-04 17:00:00,19813.550461741193,19793.905013914224,1
2022-09-04 18:00:00,19822.36697449413,19802.28592047527,1
2022-09-04 19:00:00,19839.144649662754,19815.08848038886,1
2022-09-04 20:00:00,19857.496433108503,19829.472393045427,1
2022-09-04 21:00:00,19854.564288739006,19832.968321582623,1
2022-09-04 22:00:00,19844.84285915934,19831.592263113052,1
2022-09-04 23:00:00,19894.128572772897,19860.884578910678,1
2022-09-05 00:00:00,19898.219048515268,19869.160110017827,1
2022-09-05 01:00:00,19876.079365676847,19862.367362741858,1
2022-09-05 02:00:00,19864.752910451232,19858.68238769788,1
2022-09-05 03:00:00,19867.135273634158,19861.08558993463,1
2022-09-05 04:00:00,19870.75684908944,19864.160937219243,1
2022-09-05 05:00:00,19817.837899392962,19836.495312270286,-1
2022-09-05 06:00:00,19802.558599595308,19824.768891857508,-1
2022-09-05 07:00:00,19781.70573306354,19809.356366065233,-1
2022-09-05 08:00:00,19777.00382204236,19801.764299507915,-1
2022-09-05 09:00:00,19769.60254802824,19793.22533596102,-1
2022-09-05 10:00:00,19741.83503201883,19773.784365786287,-1
2022-09-05 11:00:00,19725.523354679222,19759.078117461504,-1
2022-09-05 12:00:00,19722.31556978615,19751.22755065032,-1
2022-09-05 13:00:00,19725.210379857435,19747.549814168444,-1
2022-09-05 14:00:00,19761.673586571625,19763.37712068327,-1
2022-09-05 15:00:00,19790.48239104775,19778.78128055904,1
2022-09-05 16:00:00,19806.7882606985,19789.80286591194,1
2022-09-05 17:00:00,19810.15884046567,19794.729617564313,1
2022-09-05 18:00:00,19783.839226977114,19783.178778007165,1
2022-09-05 19:00:00,19756.192817984745,19768.21900018768,-1
2022-09-05 20:00:00,19747.161878656498,19761.10645469901,-1
2022-09-05 21:00:00,19745.874585771,19757.868917481006,-1
2022-09-05 22:00:00,19761.816390514,19764.383659757186,-1
2022-09-05 23:00:00,19769.510927009334,19768.113903437697,1
2022-09-06 00:00:00,19877.540618006224,19827.29319372175,1
2022-09-06 01:00:00,19839.36041200415,19815.603522135978,1
2022-09-06 02:00:00,19828.206941336102,19813.83924538398,1
2022-09-06 03:00:00,19812.204627557403,19807.723018950528,1
2022-09-06 04:00:00,19792.836418371604,19797.973379141342,-1
2022-09-06 05:00:00,19785.957612247737,19793.28731020655,-1
2022-09-06 06:00:00,19806.705074831825,19803.27143562354,1
2022-09-06 07:00:00,19838.03671655455,19820.98572005562,1
2022-09-06 08:00:00,19894.7911443697,19855.04286186369,1
2022-09-06 09:00:00,19898.39409624647,19864.235068797563,1
2022-09-06 10:00:00,19900.56273083098,19871.62869265255,1
2022-09-06 11:00:00,19903.441820553988,19878.459839442992,1
2022-09-06 12:00:00,19882.66121370266,19871.667141362446,1
2022-09-06 13:00:00,19846.84080913511,19854.127661114726,-1
2022-09-06 14:00:00,19840.660539423407,19849.43172273023,-1
2022-09-06 15:00:00,19830.473692948937,19842.280500415643,-1
2022-09-06 16:00:00,19799.54912863263,19823.265863976434,-1
2022-09-06 17:00:00,19562.43275242175,19689.617525071626,-1
2022-09-06 18:00:00,19357.421834947836,19554.668884149512,-1
2022-09-06 19:00:00,19175.947889965224,19419.81999612233,-1
2022-09-06 20:00:00,19108.26525997682,19338.561815009176,-1
2022-09-06 21:00:00,19061.676839984546,19271.27784864387,-1
2022-09-06 22:00:00,19006.151226656366,19202.881876163166,-1
2022-09-06 23:00:00,18931.26748443758,19126.266989588046,-1
2022-09-07 00:00:00,18894.67832295839,19070.854809662946,-1
2022-09-07 01:00:00,18856.11888197226,19017.790298815136,-1
2022-09-07 02:00:00,18771.979254648177,18942.50115357602,-1
2022-09-07 03:00:00,18760.08616976545,18905.010034744017,-1
2022-09-07 04:00:00,18745.02411317697,18870.44457388147,-1
2022-09-07 05:00:00,18746.88274211798,18848.654651357563,-1
2022-09-07 06:00:00,18759.78849474532,18837.19016929255,-1
2022-09-07 07:00:00,18770.35899649688,18828.88286578481,-1
2022-09-07 08:00:00,18778.63933099792,18822.758708369387,-1
2022-09-07 09:00:00,18778.259553998614,18814.529852302225,-1
2022-09-07 10:00:00,18764.939702665743,18800.669879156365,-1
2022-09-07 11:00:00,18753.12646844383,18787.729901127936,-1
2022-09-07 12:00:00,18759.184312295885,18784.742646377403,-1
2022-09-07 13:00:00,18782.78954153059,18792.971256126963,-1
2022-09-07 14:00:00,18819.29302768706,18811.03102774024,1
2022-09-07 15:00:00,18833.96201845804,18820.534477242014,1
2022-09-07 16:00:00,18857.141345638694,18835.619117743467,1
2022-09-07 17:00:00,18900.0942304258,18862.961096335563,1
2022-09-07 18:00:00,18954.5961536172,18899.440897001823,1
2022-09-07 19:00:00,18963.764102411467,18914.469824819673,1
2022-09-07 20:00:00,19100.77606827431,18998.166220307005,1
2022-09-07 21:00:00,19184.01737884954,19062.226907523913,1
2022-09-07 22:00:00,19232.211585899695,19110.6583788832,1
2022-09-07 23:00:00,19250.474390599797,19142.720491813525,1
2022-09-08 00:00:00,19265.28292706653,19170.389493301973,1
2022-09-08 01:00:00,19234.45528471102,19170.827767247065,1
2022-09-08 02:00:00,19231.803523140683,19180.94999138396,1
2022-09-08 03:00:00,19224.23568209379,19186.068174768694,1
2022-09-08 04:00:00,19263.590454729194,19214.473961174383,1
2022-09-08 05:00:00,19274.360303152796,19229.278695506313,1
2022-09-08 06:00:00,19259.040202101867,19229.118932686983,1
2022-09-08 07:00:00,19227.36013473458,19217.279126743895,1
2022-09-08 08:00:00,19224.206756489722,19217.392012790457,1
2022-09-08 09:00:00,19208.671170993148,19210.15710137401,-1
2022-09-08 10:00:00,19237.847447328768,19225.801264760554,1
2022-09-08 11:00:00,19259.598298219178,19239.855580258634,1
2022-09-08 12:00:00,19218.732198812788,19221.154565666155,-1
2022-09-08 13:00:00,19217.521465875194,19220.053735545036,-1
2022-09-08 14:00:00,19247.614310583464,19236.007601809575,1
2022-09-08 15:00:00,19245.209540388976,19236.80621966238,1
2022-09-08 16:00:00,19223.03969359265,19226.24145245104,-1
2022-09-08 17:00:00,19212.39312906177,19219.852097459938,-1
2022-09-08 18:00:00,19206.328752707846,19215.18807973995,-1
2022-09-08 19:00:00,19251.45250180523,19238.19024705996,1
2022-09-08 20:00:00,19289.901667870156,19261.573838503602,1
2022-09-08 21:00:00,19300.63444524677,19272.57859513931,1
2022-09-08 22:00:00,19298.422963497847,19276.473396023073,1
2022-09-08 23:00:00,19302.048642331898,19282.441869473423,1
2022-09-09 00:00:00,19319.999094887935,19295.797893205527,1
2022-09-09 01:00:00,19321.666063258624,19301.107367168155,1
2022-09-09 02:00:00,19342.577375505753,19316.25148222849,1
2022-09-09 03:00:00,19540.384917003837,19428.933030914217,1
2022-09-09 04:00:00,19810.389944669227,19596.472479838903,1
2022-09-09 05:00:00,20049.026629779484,19765.5320289591,1
2022-09-09 06:00:00,20260.98441985299,19932.68984187563,1
2022-09-09 07:00:00,20381.856279901993,20058.30987062551,1
2022-09-09 08:00:00,20510.10418660133,20187.089894148143,1
2022-09-09 09:00:00,20587.502791067553,20288.037186121208,1
2022-09-09 10:00:00,20747.801860711705,20429.92133409917,1
2022-09-09 11:00:00,20809.101240474472,20521.153818808412,1
2022-09-09 12:00:00,20896.16749364965,20620.998579025065,1
2022-09-09 13:00:00,20930.378329099767,20689.68974647505,1
2022-09-09 14:00:00,20984.38555273318,20762.909792570495,1
2022-09-09 15:00:00,21075.757035155453,20853.017103012226,1
2022-09-09 16:00:00,21146.63802343697,20932.177629737274,1
2022-09-09 17:00:00,21176.89201562465,20987.672606148677,1
2022-09-09 18:00:00,21171.894677083103,21019.350314121646,1
2022-09-09 19:00:00,21207.92978472207,21066.741166099528,1
2022-09-09 20:00:00,21234.31985648138,21106.806408626882,1
2022-09-09 21:00:00,21236.77990432092,21131.33251614927,1
2022-09-09 22:00:00,21271.219936213947,21169.290240485763,1
2022-09-09 23:00:00,21298.14662414263,21202.51019676108,1
2022-09-10 00:00:00,21282.197749428422,21211.19925189543,1
2022-09-10 01:00:00,21282.09849961895,21224.053933368985,1
2022-09-10 02:00:00,21286.29899974597,21236.89867275644,1
2022-09-10 03:00:00,21289.032666497314,21247.371641346177,1
2022-09-10 04:00:00,21341.821777664878,21283.740433828687,1
2022-09-10 05:00:00,21405.281185109918,21328.91490040529,1
2022-09-10 06:00:00,21442.02079007328,21362.839463967965,1
2022-09-10 07:00:00,21386.313860048853,21346.850470519243,1
2022-09-10 08:00:00,21363.60924003257,21341.6412940612,1
2022-09-10 09:00:00,21346.97282668838,21336.561058777344,1
2022-09-10 10:00:00,21342.448551125588,21335.986320817825,1
2022-09-10 11:00:00,21321.299034083728,21325.62517157822,-1
2022-09-10 12:00:00,21314.99935605582,21321.402413109452,-1
2022-09-10 13:00:00,21265.666237370548,21293.32924708955,-1
2022-09-10 14:00:00,21255.244158247035,21282.61483852781,-1
2022-09-10 15:00:00,21241.26277216469,21270.01214061366,-1
2022-09-10 16:00:00,21294.541848109795,21293.84629686572,1
2022-09-10 17:00:00,21290.1612320732,21291.583333799223,-1
2022-09-10 18:00:00,21338.8074880488,21317.859091290273,1
2022-09-10 19:00:00,21415.6716586992,21363.59380196477,1
2022-09-10 20:00:00,21415.2144391328,21372.813110698447,1
2022-09-10 21:00:00,21474.809626088536,21413.028908753276,1
2022-09-10 22:00:00,21566.706417392357,21474.387288979953,1
2022-09-10 23:00:00,21590.970944928238,21504.407781892685,1
2022-09-11 00:00:00,21574.113963285494,21510.95182154856,1
2022-09-11 01:00:00,21582.975975523666,21527.269672176095,1
2022-09-11 02:00:00,21555.383983682448,21522.347913598624,1
2022-09-11 03:00:00,21549.38932245497,21525.084656580693,1
2022-09-11 04:00:00,21549.292881636648,21529.451082656928,1
2022-09-11 05:00:00,21559.495254424433,21538.623613082942,1
2022-09-11 06:00:00,21518.963502949624,21520.310228886043,-1
2022-09-11 07:00:00,21545.94233529975,21534.78109636131,1
2022-09-11 08:00:00,21585.194890199837,21558.220897022886,1
2022-09-11 09:00:00,21587.263260133226,21564.25346120054,1
2022-09-11 10:00:00,21586.275506755486,21567.898286436804,1
2022-09-11 11:00:00,21591.483671170325,21574.080416175566,1
2022-09-11 12:00:00,21596.95578078022,21580.22943141637,1
2022-09-11 13:00:00,21575.137187186814,21571.36953479521,1
2022-09-11 14:00:00,21550.991458124543,21558.88416483244,-1
2022-09-11 15:00:00,21578.6276387497,21572.52340759018,1
2022-09-11 16:00:00,21608.818425833135,21590.10096984651,1
2022-09-11 17:00:00,21613.01228388876,21595.791702601688,1
2022-09-11 18:00:00,21589.241522592507,21585.9568475832,1
2022-09-11 19:00:00,21596.32768172834,21590.419238931707,1
2022-09-11 20:00:00,21606.951787818893,21597.28846821685,1
2022-09-11 21:00:00,21572.201191879263,21580.090564904694,-1
2022-09-11 22:00:00,21591.43412791951,21589.146825831114,1
2022-09-11 23:00:00,21667.72275194634,21631.174675680002,1
2022-09-12 00:00:00,21655.81516796423,21631.32473464727,1
2022-09-12 01:00:00,21782.710111976154,21704.992964711404,1
2022-09-12 02:00:00,21775.10674131744,21714.976062036603,1
2022-09-12 03:00:00,21733.13782754496,21703.016778029945,1
2022-09-12 04:00:00,21724.391885029974,21703.722818388134,1
2022-09-12 05:00:00,21741.56125668665,21716.845942317566,1
2022-09-12 06:00:00,21764.40750445777,21733.801225532556,1
2022-09-12 07:00:00,21903.23833630518,21815.091911799365,1
2022-09-12 08:00:00,22009.658890870123,21889.166109654023,1
2022-09-12 09:00:00,22059.872593913416,21938.46318062602,1
2022-09-12 10:00:00,22089.24839594228,21976.56078414856,1
2022-09-12 11:00:00,22159.83226396152,22035.549732485186,1
2022-09-12 12:00:00,22221.98817597435,22092.04978112424,1
2022-09-12 13:00:00,22275.8587839829,22145.05891182892,1
2022-09-12 14:00:00,22285.439189321936,22174.06638240548,1
2022-09-12 15:00:00,22225.626126214625,22161.69067651357,1
2022-09-12 16:00:00,22220.384084143087,22170.456008056557,1
2022-09-12 17:00:00,22263.089389428726,22202.827642955363,1
2022-09-12 18:00:00,22305.49292628582,22236.913526054384,1
2022-09-12 19:00:00,22341.995284190547,22269.292884953586,1
2022-09-12 20:00:00,22359.930189460367,22292.294178598386,1
2022-09-12 21:00:00,22350.186792973578,22299.277055216862,1
2022-09-12 22:00:00,22337.557861982386,22301.644863359248,1
2022-09-12 23:00:00,22353.705241321593,22316.982160930293,1
2022-09-13 00:00:00,22304.23682754773,22296.67631348842,1
2022-09-13 01:00:00,22279.591218365156,22284.60789285416,-1
2022-09-13 02:00:00,22269.06081224344,22277.951912335222,-1
2022-09-13 03:00:00,22254.607208162295,22268.451564637908,-1
2022-09-13 04:00:00,22262.304805441534,22270.133098340106,-1
2022-09-13 05:00:00,22300.936536961024,22289.78162591463,1
2022-09-13 06:00:00,22303.62435797402,22293.275875748335,1
2022-09-13 07:00:00,22291.682905316015,22288.643898339546,1
2022-09-13 08:00:00,22269.221936877344,22276.945007732353,-1
2022-09-13 09:00:00,22305.381291251564,22295.26409723556,1
2022-09-13 10:00:00,22377.420860834376,22336.397897738185,1
2022-09-13 11:00:00,22423.71390722292,22369.107370876696,1
2022-09-13 12:00:00,22081.54260481528,22192.396939808204,-1
2022-09-13 13:00:00,21783.795069876855,22009.833859843075,-1
2022-09-13 14:00:00,21522.99671325124,21826.482248962515,-1
2022-09-13 15:00:00,21289.964475500827,21644.194567332965,-1
2022-09-13 16:00:00,21112.87631700055,21483.195555090606,-1
2022-09-13 17:00:00,20993.317544667036,21350.650908710493,-1
2022-09-13 18:00:00,20742.27836311136,21148.750743490404,-1
2022-09-13 19:00:00,20585.51890874091,20989.34151740124,-1
2022-09-13 20:00:00,20466.34593916061,20850.91578696465,-1
2022-09-13 21:00:00,20350.563959440406,20717.840189334715,-1
2022-09-13 22:00:00,20304.909306293604,20626.16015491022,-1
2022-09-13 23:00:00,20257.43953752907,20541.858308562907,-1
2022-09-14 00:00:00,20235.09302501938,20477.956797915107,-1
2022-09-14 01:00:00,20253.59535001292,20443.891925566906,-1
2022-09-14 02:00:00,20313.73023334195,20442.09339364565,-1
2022-09-14 03:00:00,20313.553488894635,20418.65823116462,-1
2022-09-14 04:00:00,20335.602325929758,20411.574916407415,-1
2022-09-14 05:00:00,20325.668217286508,20392.34311342425,-1
2022-09-14 06:00:00,20294.412144857673,20363.1716382562,-1
2022-09-14 07:00:00,20274.708096571783,20339.922249482344,-1
2022-09-14 08:00:00,20307.538731047858,20345.972749576464,-1
2022-09-14 09:00:00,20318.325820698574,20344.868613289833,-1
2022-09-14 10:00:00,20322.583880465718,20342.36522905532,-1
2022-09-14 11:00:00,20288.322586977145,20320.08064195435,-1
2022-09-14 12:00:00,20292.315057984764,20316.484161599015,-1
2022-09-14 13:00:00,20293.943371989844,20312.977950399196,-1
2022-09-14 14:00:00,20289.828914659898,20307.272868508433,-1
2022-09-14 15:00:00,20248.419276439934,20281.514165143264,-1
2022-09-14 16:00:00,20210.34618429329,20254.729771480852,-1
2022-09-14 17:00:00,20171.764122862194,20225.615267575242,-1
2022-09-14 18:00:00,20036.542748574797,20142.067037107015,-1
2022-09-14 19:00:00,20002.728499049867,20104.43666672392,-1
2022-09-14 20:00:00,19979.852332699913,20073.466363683205,-1
2022-09-14 21:00:00,20050.368221799945,20094.908843013527,-1
2022-09-14 22:00:00,20129.112147866632,20129.76178064743,-1
2022-09-14 23:00:00,20158.408098577755,20145.623275075166,1
2022-09-15 00:00:00,20155.33873238517,20146.273588697863,1
2022-09-15 01:00:00,20165.15915492345,20153.278390752792,1
2022-09-15 02:00:00,20140.1061032823,20141.773228797738,-1
2022-09-15 03:00:00,20098.70406885487,20118.88718719815,-1
2022-09-15 04:00:00,20071.16937923658,20100.198607707574,-1
2022-09-15 05:00:00,20093.612919491054,20107.16249721529,-1
2022-09-15 06:00:00,20093.94194632737,20104.87840681251,-1
2022-09-15 07:00:00,20127.694630884915,20121.30051466478,1
2022-09-15 08:00:00,20132.129753923276,20124.882239271185,1
2022-09-15 09:00:00,20128.08650261552,20123.994559403698,1
2022-09-15 10:00:00,20132.39100174368,20127.086457693935,1
2022-09-15 11:00:00,20135.227334495787,20129.59801084049,1
2022-09-15 12:00:00,20128.818222997194,20127.125645233125,1
2022-09-15 13:00:00,20122.5121486648,20123.993709736194,-1
2022-09-15 14:00:00,19980.974765776533,20046.522126147793,-1
2022-09-15 15:00:00,19896.916510517687,19988.754466848193,-1
2022-09-15 16:00:00,19883.411007011793,19964.69001833034,-1
2022-09-15 17:00:00,19862.37400467453,19938.437287724824,-1
2022-09-15 18:00:00,19825.48266978302,19904.485053593038,-1
2022-09-15 19:00:00,19808.621779855348,19880.92413475794,-1
2022-09-15 20:00:00,19820.314519903568,19874.156110256496,-1
2022-09-15 21:00:00,19819.609679935715,19863.98227202804,-1
2022-09-15 22:00:00,19786.73978662381,19837.985495295667,-1
2022-09-15 23:00:00,19754.759857749206,19811.224496151,-1
2022-09-16 00:00:00,19762.506571832804,19805.183678669,-1
2022-09-16 01:00:00,19748.80438122187,19789.95028254736,-1
2022-09-16 02:00:00,19746.736254147916,19781.34114026602,-1
2022-09-16 03:00:00,19743.95750276528,19773.53366021765,-1
2022-09-16 04:00:00,19766.571668510187,19780.491176541713,-1
2022-09-16 05:00:00,19759.61444567346,19774.165508079583,-1
2022-09-16 06:00:00,19758.142963782306,19770.717233883293,-1
2022-09-16 07:00:00,19748.92864252154,19763.405009540875,-1
2022-09-16 08:00:00,19725.652428347694,19748.076825987988,-1
2022-09-16 09:00:00,19732.501618898463,19747.735584899263,-1
2022-09-16 10:00:00,19750.40107926564,19754.729114917576,-1
2022-09-16 11:00:00,19785.60071951043,19773.14200311438,1
2022-09-16 12:00:00,19751.067146340287,19756.570729820854,-1
2022-09-16 13:00:00,19673.811430893526,19713.430597126153,-1
2022-09-16 14:00:00,19666.97428726235,19702.497761285034,-1
2022-09-16 15:00:00,19662.416191508233,19693.552713778663,-1
2022-09-16 16:00:00,19617.07746100549,19663.161311273452,-1
2022-09-16 17:00:00,19556.48497400366,19621.731981951005,-1
2022-09-16 18:00:00,19554.156649335775,19608.598894323546,-1
2022-09-16 19:00:00,19571.40443289052,19608.10818626472,-1
2022-09-16 20:00:00,19629.802955260348,19633.28851603477,-1
2022-09-16 21:00:00,19665.368636840234,19652.05424039208,1
2022-09-16 22:00:00,19683.279091226825,19664.24437850261,1
2022-09-16 23:00:00,19719.686060817883,19687.563582411225,1
2022-09-17 00:00:00,19792.35737387859,19733.04293106373,1
2022-09-17 01:00:00,19858.438249252395,19779.87148905214,1
2022-09-17 02:00:00,19871.6254995016,19801.34940013357,1
2022-09-17 03:00:00,19872.750333001066,19814.7404182911,1
2022-09-17 04:00:00,19890.866888667377,19835.16943314726,1
2022-09-17 05:00:00,19877.211259111587,19837.847718029578,1
2022-09-17 06:00:00,19861.27417274106,19836.311769296924,1
2022-09-17 07:00:00,19852.182781827374,19835.891447606573,1
2022-09-17 08:00:00,19857.788521218252,19841.911184405377,1
2022-09-17 09:00:00,19861.02568081217,19846.563696331672,1
2022-09-17 10:00:00,19859.05045387478,19848.115751544094,1
2022-09-17 11:00:00,19839.63363591652,19839.512887626985,1
2022-09-17 12:00:00,19842.955757277683,19841.34690805844,1
2022-09-17 13:00:00,19858.537171518456,19850.13837932054,1
2022-09-17 14:00:00,19876.624781012306,19861.53140126226,1
2022-09-17 15:00:00,19901.61652067487,19877.907510123663,1
2022-09-17 16:00:00,19974.011013783245,19921.706144646632,1
2022-09-17 17:00:00,20006.274009188834,19948.814118347243,1
2022-09-17 18:00:00,20024.182672792558,19969.029733193198,1
2022-09-17 19:00:00,20016.521781861706,19974.878872612615,1
2022-09-17 20:00:00,20033.94785457447,19991.955441228503,1
2022-09-17 21:00:00,20031.33190304965,19998.16354282332,1
2022-09-17 22:00:00,20059.687935366434,20019.66108049181,1
2022-09-17 23:00:00,20073.791956910958,20034.63179312966,1
2022-09-18 00:00:00,20040.527971273972,20023.60783074245,1
2022-09-18 01:00:00,20023.085314182652,20017.170043334732,1
2022-09-18 02:00:00,20024.223542788437,20018.866399092054,1
2022-09-18 03:00:00,20013.115695192293,20013.781599257134,-1
2022-09-18 04:00:00,20010.077130128197,20012.003126664928,-1
2022-09-18 05:00:00,20026.5847534188,20020.657103634938,1
2022-09-18 06:00:00,20028.089835612533,20022.555812064948,1
2022-09-18 07:00:00,20032.459890408354,20025.945664416773,1
2022-09-18 08:00:00,20035.839926938905,20028.973725431904,1
2022-09-18 09:00:00,19965.393284625938,19991.79668444428,-1
2022-09-18 10:00:00,19946.762189750625,19976.833650908957,-1
2022-09-18 11:00:00,19936.24145983375,19965.627532561874,-1
2022-09-18 12:00:00,19949.694306555833,19967.62252664153,-1
2022-09-18 13:00:00,19951.696204370557,19965.45479452489,-1
2022-09-18 14:00:00,19901.16413624704,19935.390286429454,-1
2022-09-18 15:00:00,19868.94275749803,19911.59205253319,-1
2022-09-18 16:00:00,19825.895171665354,19880.35713389079,-1
2022-09-18 17:00:00,19759.396781110237,19834.183109547008,-1
2022-09-18 18:00:00,19716.26452074016,19797.058907811188,-1
2022-09-18 19:00:00,19716.043013826773,19782.24819730006,-1
2022-09-18 20:00:00,19715.36200921785,19769.839434154594,-1
2022-09-18 21:00:00,19627.3746728119,19711.941355217394,-1
2022-09-18 22:00:00,19563.383115207936,19661.66110881423,-1
2022-09-18 23:00:00,19510.42207680529,19614.904543575278,-1
2022-09-19 00:00:00,19489.94805120353,19584.740081107044,-1
2022-09-19 01:00:00,19472.56536746902,19558.023702723942,-1
2022-09-19 02:00:00,19233.34357831268,19412.001211319588,-1
2022-09-19 03:00:00,19077.629052208453,19294.58280926148,-1
2022-09-19 04:00:00,18986.586034805638,19205.476843941207,-1
2022-09-19 05:00:00,18807.190689870426,19067.82650867917,-1
2022-09-19 06:00:00,18692.927126580285,18958.112598010226,-1
2022-09-19 07:00:00,18615.15141772019,18867.473943826546,-1
2022-09-19 08:00:00,18545.56761181346,18783.642317676266,-1
2022-09-19 09:00:00,18513.678407875643,18722.96189628058,-1
2022-09-19 10:00:00,18597.78560525043,18730.787006047743,-1
2022-09-19 11:00:00,18622.72373683362,18720.207550402698,-1
2022-09-19 12:00:00,18684.015824555747,18735.915268511297,-1
2022-09-19 13:00:00,18821.310549703834,18801.36703787288,1
2022-09-19 14:00:00,18979.340366469223,18891.191212805083,1
2022-09-19 15:00:00,19009.926910979484,18923.901901385976,1
2022-09-19 16:00:00,19072.81794065299,18973.84701022489,1
2022-09-19 17:00:00,19034.011960435328,18970.674826547638,1
2022-09-19 18:00:00,19071.97464029022,19002.897585357157,1
2022-09-19 19:00:00,19216.21642686015,19094.13438801949,1
2022-09-19 20:00:00,19314.1109512401,19169.72813565231,1
2022-09-19 21:00:00,19379.373967493404,19231.577565533706,1
2022-09-19 22:00:00,19451.115978328937,19297.581644527578,1
2022-09-19 23:00:00,19476.943985552625,19339.5849818862,1
2022-09-20 00:00:00,19487.929323701752,19370.55134881598,1
2022-09-20 01:00:00,19477.152882467835,19386.014739940347,1
2022-09-20 02:00:00,19471.801921645223,19399.666605405735,1
2022-09-20 03:00:00,19432.434614430153,19391.30904078651,1
2022-09-20 04:00:00,19396.62307628677,19379.252851552596,1
2022-09-20 05:00:00,19384.98205085785,19376.061423997577,1
2022-09-20 06:00:00,19380.988033905232,19375.504801452564,1
2022-09-20 07:00:00,19370.625355936823,19370.84938300664,-1
2022-09-20 08:00:00,19345.416903957885,19357.05858609634,-1
2022-09-20 09:00:00,19304.444602638592,19332.59338862428,-1
2022-09-20 10:00:00,19303.529735092394,19326.97640887441,-1
2022-09-20 11:00:00,19272.21982339493,19305.635243624514,-1
2022-09-20 12:00:00,19220.546548929953,19271.374290238236,-1
2022-09-20 13:00:00,19117.631032619967,19205.997146558555,-1
2022-09-20 14:00:00,19098.854021746643,19179.688574457,-1
2022-09-20 15:00:00,19141.10268116443,19188.036106373907,-1
2022-09-20 16:00:00,19124.135120776285,19170.24772339683,-1
2022-09-20 17:00:00,19001.690080517525,19095.07541005195,-1
2022-09-20 18:00:00,18988.62672034502,19070.970790042506,-1
2022-09-20 19:00:00,18987.484480230014,19055.376100943868,-1
2022-09-20 20:00:00,18979.289653486678,19038.562264408618,-1
2022-09-20 21:00:00,18942.926435657788,19007.95094360705,-1
2022-09-20 22:00:00,18946.35095710519,18997.996226587587,-1
2022-09-20 23:00:00,18919.83397140346,18974.142367208027,-1
2022-09-21 00:00:00,18921.555980935642,18965.20739135202,-1
2022-09-21 01:00:00,18907.570653957097,18949.642411106197,-1
2022-09-21 02:00:00,18939.513769304733,18959.416518177797,-1
2022-09-21 03:00:00,18963.609179536492,18968.940787600015,-1
2022-09-21 04:00:00,18973.73945302433,18973.497008036375,1
2022-09-21 05:00:00,18954.092968682886,18962.824824757034,-1
2022-09-21 06:00:00,18924.728645788593,18945.220311164845,-1
2022-09-21 07:00:00,18929.419097192396,18944.052981862143,-1
2022-09-21 08:00:00,18908.179398128264,18929.806985159936,-1
2022-09-21 09:00:00,18935.05293208551,18940.53298785813,-1
2022-09-21 10:00:00,18988.33528805701,18968.599717338468,1
2022-09-21 11:00:00,19044.090192038006,19002.599768731474,1
2022-09-21 12:00:00,19107.56012802534,19044.763447143934,1
2022-09-21 13:00:00,19159.57341868356,19084.551911299583,1
2022-09-21 14:00:00,19188.215612455708,19113.815200154204,1
2022-09-21 15:00:00,19186.310408303805,19126.303345580713,1
2022-09-21 16:00:00,19199.87360553587,19144.6118282024,1
2022-09-21 17:00:00,19415.382403690583,19272.209677620143,1
2022-09-21 18:00:00,19486.088269127056,19336.807918052844,1
2022-09-21 19:00:00,19320.825512751373,19273.80647840687,1
2022-09-21 20:00:00,19185.983675167583,19208.805300514712,-1
2022-09-21 21:00:00,18942.455783445057,19071.822518602945,-1
2022-09-21 22:00:00,18785.83718896337,18962.872969766046,-1
2022-09-21 23:00:00,18673.05812597558,18869.168793444944,-1
2022-09-22 00:00:00,18574.53875065039,18779.774467364045,-1
2022-09-22 01:00:00,18550.092500433595,18729.124564206944,-1
2022-09-22 02:00:00,18611.328333622398,18729.974643442045,-1
2022-09-22 03:00:00,18633.4188890816,18720.451980998034,-1
2022-09-22 04:00:00,18653.879259387733,18715.787984452934,-1
2022-09-22 05:00:00,18655.752839591823,18705.55380546149,-1
2022-09-22 06:00:00,18690.23522639455,18715.307659013946,-1
2022-09-22 07:00:00,18768.0901509297,18753.215357375047,1
2022-09-22 08:00:00,18910.393433953133,18833.53983785231,1
2022-09-22 09:00:00,18997.428955968757,18894.98714006098,1
2022-09-22 10:00:00,19044.985970645837,18939.553114595346,1
2022-09-22 11:00:00,19103.357313763892,18990.56163921437,1
2022-09-22 12:00:00,19132.871542509263,19027.168613902668,1
2022-09-22 13:00:00,19052.981028339513,19002.81068410218,1
2022-09-22 14:00:00,18991.754018893007,18978.536014265417,1
2022-09-22 15:00:00,18986.33601259534,18977.984011671702,1
2022-09-22 16:00:00,19000.957341730227,18987.477827731393,1
2022-09-22 17:00:00,19021.10489448682,19000.91822268932,1
2022-09-22 18:00:00,19075.936596324547,19034.4967276549,1
2022-09-22 19:00:00,19152.0243975497,19083.5336862631,1
2022-09-22 20:00:00,19181.6829316998,19112.163925124354,1
2022-09-22 21:00:00,19176.121954466536,19121.770484192653,1
2022-09-22 22:00:00,19246.414636311027,19169.99403252126,1
2022-09-22 23:00:00,19295.109757540686,19210.44966297194,1
2022-09-23 00:00:00,19296.773171693792,19226.74972424977,1
2022-09-23 01:00:00,19313.548781129197,19248.631592567992,1
2022-09-23 02:00:00,19304.365854086132,19255.42584846472,1
2022-09-23 03:00:00,19330.910569390755,19278.80296692568,1
2022-09-23 04:00:00,19354.740379593837,19301.27515475737,1
2022-09-23 05:00:00,19352.326919729225,19309.679672074213,1
2022-09-23 06:00:00,19342.71794648615,19312.19245896981,1
2022-09-23 07:00:00,19300.611964324104,19294.775648248025,1
2022-09-23 08:00:00,19220.974642882735,19252.398257657474,-1
2022-09-23 09:00:00,19172.316428588492,19220.14402899248,-1
2022-09-23 10:00:00,19099.544285725664,19171.754205539302,-1
2022-09-23 11:00:00,19017.862857150445,19114.071622713975,-1
2022-09-23 12:00:00,18974.6752381003,19073.022236765977,-1
2022-09-23 13:00:00,18858.883492066867,18991.98183008125,-1
2022-09-23 14:00:00,18794.255661377912,18932.530588248293,-1
2022-09-23 15:00:00,18764.303774251945,18891.052299475876,-1
2022-09-23 16:00:00,18762.102516167964,18866.806426843897,-1
2022-09-23 17:00:00,18762.768344111977,18848.132531054096,-1
2022-09-23 18:00:00,18717.245562741322,18807.78116177153,-1
2022-09-23 19:00:00,18744.39704182755,18806.130041449433,-1
2022-09-23 20:00:00,18776.631361218366,18812.48821573135,-1
2022-09-23 21:00:00,18851.054240812246,18846.563085598376,1
2022-09-23 22:00:00,19009.169493874833,18933.624342762305,1
2022-09-23 23:00:00,19099.67966258322,18996.729007714614,1
2022-09-24 00:00:00,19112.553108388813,19022.469188130137,1
2022-09-24 01:00:00,19111.735405592543,19038.402063015565,1
2022-09-24 02:00:00,19113.823603728364,19052.87441519455,1
2022-09-24 03:00:00,19113.649069152245,19063.860885159178,1
2022-09-24 04:00:00,19127.39937943483,19080.41345149387,1
2022-09-24 05:00:00,19127.09958628989,19088.79282394953,1
2022-09-24 06:00:00,19107.566390859927,19085.10321959507,1
2022-09-24 07:00:00,19066.91092723995,19067.011725123237,-1
2022-09-24 08:00:00,19068.707284826633,19067.973229646283,1
2022-09-24 09:00:00,19050.704856551092,19058.287187892412,-1
2022-09-24 10:00:00,19043.80323770073,19053.144062821062,-1
2022-09-24 11:00:00,19044.102158467154,19051.608778671776,-1
2022-09-24 12:00:00,19078.101438978105,19068.789000731453,1
2022-09-24 13:00:00,19088.300959318738,19076.045546053007,1
2022-09-24 14:00:00,19084.33397287916,19076.109992225185,1
2022-09-24 15:00:00,19094.62264858611,19083.21726636606,1
2022-09-24 16:00:00,19091.081765724077,19083.35958157223,1
2022-09-24 17:00:00,19086.121177149384,19082.057839468187,1
2022-09-24 18:00:00,19097.047451432925,19088.756414110332,1
2022-09-24 19:00:00,19095.698300955286,19089.52797518118,1
2022-09-24 20:00:00,19108.498867303526,19097.63197969369,1
2022-09-24 21:00:00,19052.79924486902,19069.22616520393,-1
2022-09-24 22:00:00,18993.732829912682,19034.021407894124,-1
2022-09-24 23:00:00,18966.15521994179,19011.653879186102,-1
2022-09-25 00:00:00,18961.47014662786,19000.825901152264,-1
2022-09-25 01:00:00,18963.646764418576,18994.857555488215,-1
2022-09-25 02:00:00,18955.264509612385,18984.61072721763,-1
2022-09-25 03:00:00,18985.009673074925,18995.49968590533,-1
2022-09-25 04:00:00,18989.839782049952,18996.227015740726,-1
2022-09-25 05:00:00,18987.559854699968,18993.822103787865,-1
2022-09-25 06:00:00,18997.60656979998,18998.1635394628,-1
2022-09-25 07:00:00,19028.137713199987,19014.715623196837,1
2022-09-25 08:00:00,19043.75847546666,19025.67641897923,1
2022-09-25 09:00:00,19040.272316977775,19027.062524619367,1
2022-09-25 10:00:00,19047.58154465185,19033.45115650675,1
2022-09-25 11:00:00,19067.7210297679,19047.00549168734,1
2022-09-25 12:00:00,19071.7473531786,19052.96812956237,1
2022-09-25 13:00:00,19022.8982354524,19029.737560551028,-1
2022-09-25 14:00:00,18984.2654903016,19007.42164045084,-1
2022-09-25 15:00:00,18982.2769935344,19002.126796732504,-1
2022-09-25 16:00:00,18976.48466235627,18995.358288235682,-1
2022-09-25 17:00:00,18983.056441570847,18995.511326738284,-1
2022-09-25 18:00:00,18963.0376277139,18982.327449149503,-1
2022-09-25 19:00:00,18944.191751809267,18968.54064021323,-1
2022-09-25 20:00:00,18927.561167872846,18955.04234199264,-1
2022-09-25 21:00:00,18863.707445248565,18915.21646163034,-1
2022-09-25 22:00:00,18835.304963499046,18890.358923152096,-1
2022-09-25 23:00:00,18823.436642332697,18873.875482578987,-1
2022-09-26 00:00:00,18804.357761555133,18854.29812211008,-1
2022-09-26 01:00:00,18826.80517437009,18857.462099908247,-1
2022-09-26 02:00:00,18833.870116246726,18855.741718106747,-1
2022-09-26 03:00:00,18843.480077497818,18857.006860269157,-1
2022-09-26 04:00:00,18829.153384998546,18846.732885674763,-1
2022-09-26 05:00:00,18806.168923332363,18830.999633733896,-1
2022-09-26 06:00:00,18767.479282221575,18805.381518509552,-1
2022-09-26 07:00:00,18812.419521481053,18823.003060598723,-1
2022-09-26 08:00:00,18963.146347654038,18903.293413217136,1
2022-09-26 09:00:00,19000.964231769358,18934.80370172311,1
2022-09-26 10:00:00,19028.642821179572,18961.93030140982,1
2022-09-26 11:00:00,18973.995214119714,18944.25206478985,1
2022-09-26 12:00:00,19011.13014274648,18969.915325737147,1
2022-09-26 13:00:00,19067.686761830988,19008.257993784937,1
2022-09-26 14:00:00,19088.491174553994,19030.41108582404,1
2022-09-26 15:00:00,19093.627449702664,19043.772706583302,1
2022-09-26 16:00:00,19087.351633135113,19049.414032659064,1
2022-09-26 17:00:00,19092.96775542341,19059.37511763014,1
2022-09-26 18:00:00,19115.07850361561,19077.543278061024,1
2022-09-26 19:00:00,19140.385669077074,19098.17177295902,1
2022-09-26 20:00:00,19128.290446051382,19099.249632421015,1
2022-09-26 21:00:00,19114.06029736759,19096.76788107174,1
2022-09-26 22:00:00,19119.773531578394,19103.028266331425,1
2022-09-26 23:00:00,19151.949021052264,19123.62312699844,1
2022-09-27 00:00:00,19213.299347368178,19162.23710390781,1
2022-09-27 01:00:00,19395.099564912118,19270.684903197296,1
2022-09-27 02:00:00,19624.699709941415,19418.54219352506,1
2022-09-27 03:00:00,19780.433139960944,19540.970885611412,1
2022-09-27 04:00:00,19866.75542664063,19631.59436095479,1
2022-09-27 05:00:00,19977.70361776042,19734.868113508463,1
2022-09-27 06:00:00,20046.435745173614,19816.510274688742,1
2022-09-27 07:00:00,20089.023830115744,19881.54477019988,1
2022-09-27 08:00:00,20105.182553410497,19928.08208470899,1
2022-09-27 09:00:00,20127.855035606997,19972.64897839826,1
2022-09-27 10:00:00,20156.436690404666,20016.458255053123,1
2022-09-27 11:00:00,20177.991126936446,20053.665845043462,1
2022-09-27 12:00:00,20205.360751290966,20091.19932776283,1
2022-09-27 13:00:00,20198.640500860645,20108.29035907868,1
2022-09-27 14:00:00,20197.860333907098,20124.292111973467,1
2022-09-27 15:00:00,20093.673555938065,20080.839000705564,1
2022-09-27 16:00:00,19763.149037292045,19902.88645512273,-1
2022-09-27 17:00:00,19491.066024861364,19729.070736009508,-1
2022-09-27 18:00:00,19370.744016574245,19620.16696582596,-1
2022-09-27 19:00:00,19270.062677716167,19519.900244766694,-1
2022-09-27 20:00:00,19202.44178514411,19437.591109354566,-1
2022-09-27 21:00:00,19129.62785676274,19355.119998562826,-1
2022-09-27 22:00:00,19108.61857117516,19302.66181700595,-1
2022-09-27 23:00:00,19095.77904745011,19260.377850277593,-1
2022-09-28 00:00:00,19092.452698300072,19228.63642295439,-1
2022-09-28 01:00:00,19060.93513220005,19186.68434605359,-1
2022-09-28 02:00:00,18915.2234214667,19084.34173768021,-1
2022-09-28 03:00:00,18855.4822809778,19021.00687628381,-1
2022-09-28 04:00:00,18822.82152065187,18973.096535141296,-1
2022-09-28 05:00:00,18820.14768043458,18944.315346933785,-1
2022-09-28 06:00:00,18775.26512028972,18897.25801112764,-1
2022-09-28 07:00:00,18773.71008019315,18874.229281831704,-1
2022-09-28 08:00:00,18759.67338679543,18848.29668513503,-1
2022-09-28 09:00:00,18721.08225786362,18811.133651474112,-1
2022-09-28 10:00:00,18812.788171909084,18844.78207847882,-1
2022-09-28 11:00:00,18857.72544793939,18863.476246028124,-1
2022-09-28 12:00:00,18926.216965292926,18899.789655841192,1
2022-09-28 13:00:00,18988.677976861953,18938.664263870065,1
2022-09-28 14:00:00,19116.718651241303,19017.59803407551,1
2022-09-28 15:00:00,19237.11243416087,19101.289300607234,1
2022-09-28 16:00:00,19325.074956107248,19173.963973224098,1
2022-09-28 17:00:00,19329.349970738167,19203.770523546988,1
2022-09-28 18:00:00,19401.966647158777,19266.212246538445,1
2022-09-28 19:00:00,19446.211098105854,19315.028201713274,1
2022-09-28 20:00:00,19484.20739873724,19359.60489231086,1
2022-09-28 21:00:00,19525.07159915816,19404.54945734525,1
2022-09-28 22:00:00,19509.214399438773,19417.813192373385,1
2022-09-28 23:00:00,19475.242932959183,19415.90170285095,1
2022-09-29 00:00:00,19460.161955306125,19418.465029605322,1
2022-09-29 01:00:00,19469.674636870754,19431.235024222537,1
2022-09-29 02:00:00,19456.34975791384,19430.955928909345,1
2022-09-29 03:00:00,19469.999838609227,19443.01848728946,1
2022-09-29 04:00:00,19504.06655907282,19466.506035055012,1
2022-09-29 05:00:00,19484.91103938188,19462.8867559541,1
2022-09-29 06:00:00,19448.374026254587,19446.96189123517,1
2022-09-29 07:00:00,19416.61601750306,19429.896092828774,-1
2022-09-29 08:00:00,19390.077345002042,19413.005894132635,-1
2022-09-29 09:00:00,19417.28489666803,19423.677549744883,-1
2022-09-29 10:00:00,19420.78993111202,19424.427086154905,-1
2022-09-29 11:00:00,19431.95995407468,19429.85852503583,1
2022-09-29 12:00:00,19356.506636049788,19389.084247756586,-1
2022-09-29 13:00:00,19231.337757366528,19314.887111800843,-1
2022-09-29 14:00:00,19217.591838244352,19292.19854601887,-1
2022-09-29 15:00:00,19238.627892162902,19290.107901288164,-1
2022-09-29 16:00:00,19306.21859477527,19317.615555599405,-1
2022-09-29 17:00:00,19289.94572985018,19306.66727276315,-1
2022-09-29 18:00:00,19291.197153233457,19304.309586806212,-1
2022-09-29 19:00:00,19327.23143548897,19321.580571023263,1
2022-09-29 20:00:00,19384.62095699265,19353.91137629176,1
2022-09-29 21:00:00,19398.247304661767,19366.927489693255,1
2022-09-29 22:00:00,19414.66486977451,19381.577037021754,1
2022-09-29 23:00:00,19470.60991318301,19418.10848483598,1
2022-09-30 00:00:00,19494.27327545534,19440.561487593073,1
2022-09-30 01:00:00,19496.415516970228,19451.49576257615,1
2022-09-30 02:00:00,19449.277011313487,19433.951078471393,1
2022-09-30 03:00:00,19430.85134087566,19426.687246022047,1
2022-09-30 04:00:00,19428.63422725044,19426.235019472584,1
2022-09-30 05:00:00,19432.389484833628,19428.719561386657,1
2022-09-30 06:00:00,19434.45965655575,19430.5160047709,1
2022-09-30 07:00:00,19476.573104370502,19454.204003903462,1
2022-09-30 08:00:00,19523.71540291367,19483.98509410283,1
2022-09-30 09:00:00,19523.010268609112,19490.824167902316,1
2022-09-30 10:00:00,19508.606845739407,19488.819773738258,1
2022-09-30 11:00:00,19482.504563826275,19478.179814876756,1
2022-09-30 12:00:00,19418.503042550852,19444.05621217189,-1
2022-09-30 13:00:00,19434.102028367233,19447.918719049725,-1
2022-09-30 14:00:00,19616.534685578157,19544.91531558614,1
2022-09-30 15:00:00,19660.823123718772,19582.09434911593,1
2022-09-30 16:00:00,19675.515415812515,19604.42264927667,1
2022-09-30 17:00:00,19673.343610541677,19616.16398577182,1
2022-09-30 18:00:00,19668.99574036112,19624.188715631484,1
2022-09-30 19:00:00,19601.663826907414,19595.60894915303,1
2022-09-30 20:00:00,19539.84255127161,19562.989140216116,-1
2022-09-30 21:00:00,19477.228367514406,19524.627478358638,-1
2022-09-30 22:00:00,19444.152245009605,19497.967936838882,-1
2022-09-30 23:00:00,19433.334830006406,19482.28285741363,-1
2022-10-01 00:00:00,19419.92322000427,19466.06779242933,-1
2022-10-01 01:00:00,19417.682146669515,19456.455466533087,-1
2022-10-01 02:00:00,19413.48809777968,19447.118108981616,-1
2022-10-01 03:00:00,19411.65873185312,19440.005725530413,-1
2022-10-01 04:00:00,19407.23915456875,19432.441048161247,-1
2022-10-01 05:00:00,19375.75943637917,19410.688130313745,-1
2022-10-01 06:00:00,19345.972957586113,19388.090288438518,-1
2022-10-01 07:00:00,19332.481971724075,19373.073872358786,-1
2022-10-01 08:00:00,19331.12131448272,19364.951350111733,-1
2022-10-01 09:00:00,19328.580876321816,19357.414741000506,-1
2022-10-01 10:00:00,19325.98725088121,19350.75751536405,-1
2022-10-01 11:00:00,19318.72483392081,19342.292512570588,-1
2022-10-01 12:00:00,19308.483222613875,19332.421146648663,-1
2022-10-01 13:00:00,19313.488815075918,19330.79911998527,-1
2022-10-01 14:00:00,19312.75921005061,19327.253825442494,-1
2022-10-01 15:00:00,19316.106140033742,19326.444038998405,-1
2022-10-01 16:00:00,19306.037426689163,19319.07239554415,-1
2022-10-01 17:00:00,19292.95828445944,19309.56832362703,-1
2022-10-01 18:00:00,19292.10552297296,19306.08317387666,-1
2022-10-01 19:00:00,19280.403681981974,19297.15896044454,-1
2022-10-01 20:00:00,19268.00245465465,19287.348240363714,-1
2022-10-01 21:00:00,19272.434969769765,19286.248560297583,-1
2022-10-01 22:00:00,19286.223313179842,19291.25791297075,-1
2022-10-01 23:00:00,19292.14887545323,19293.574656066972,-1
2022-10-02 00:00:00,19284.532583635486,19289.161082236613,-1
2022-10-02 01:00:00,19289.42172242366,19290.986340011772,-1
2022-10-02 02:00:00,19295.38114828244,19293.95246000963,1
2022-10-02 03:00:00,19297.320765521625,19295.270194553334,1
2022-10-02 04:00:00,19307.180510347753,19301.021068270908,1
2022-10-02 05:00:00,19312.420340231838,19304.999055858014,1
2022-10-02 06:00:00,19298.91356015456,19298.98104570201,-1
2022-10-02 07:00:00,19291.442373436374,19294.8935828471,-1
2022-10-02 08:00:00,19286.09491562425,19291.349295056716,-1
2022-10-02 09:00:00,19275.363277082834,19284.54033231913,-1
2022-10-02 10:00:00,19215.275518055223,19250.096635533835,-1
2022-10-02 11:00:00,19203.817012036816,19237.515429073137,-1
2022-10-02 12:00:00,19186.211341357877,19221.785351059836,-1
2022-10-02 13:00:00,19174.807560905254,19209.09710541259,-1
2022-10-02 14:00:00,19148.538373936837,19188.533995337573,-1
2022-10-02 15:00:00,19144.85891595789,19179.255087094378,-1
2022-10-02 16:00:00,19160.372610638595,19181.463253077218,-1
2022-10-02 17:00:00,19170.015073759063,19182.888116154085,-1
2022-10-02 18:00:00,19183.11004917271,19187.69027685334,-1
2022-10-02 19:00:00,19206.60669944847,19199.673862880005,1
2022-10-02 20:00:00,19212.171132965646,19203.96952417455,1
2022-10-02 21:00:00,19204.7474219771,19201.411428870088,1
2022-10-02 22:00:00,19190.364947984734,19194.17298725734,-1
2022-10-02 23:00:00,19143.376631989824,19167.850625937826,-1
2022-10-03 00:00:00,19123.584421326552,19152.605057585493,-1
2022-10-03 01:00:00,19152.689614217703,19163.204138024495,-1
2022-10-03 02:00:00,19144.893076145134,19157.03974929277,-1
2022-10-03 03:00:00,19149.72871743009,19157.46888578499,-1
2022-10-03 04:00:00,19129.819144953395,19145.201815642264,-1
2022-10-03 05:00:00,19164.97942996893,19161.583303707306,1
2022-10-03 06:00:00,19172.35295331262,19166.22270303325,1
2022-10-03 07:00:00,19178.235302208413,19170.545847936293,1
2022-10-03 08:00:00,19181.356868138944,19173.646602856967,1
2022-10-03 09:00:00,19177.871245425966,19173.147220519335,1
2022-10-03 10:00:00,19193.747496950644,19182.665907697636,1
2022-10-03 11:00:00,19209.331664633763,19193.181197207155,1
2022-10-03 12:00:00,19221.521109755842,19202.76643407858,1
2022-10-03 13:00:00,19204.447406503896,19196.863446064293,1
2022-10-03 14:00:00,19271.83160433593,19234.997364961695,1
2022-10-03 15:00:00,19291.187736223954,19252.252389514113,1
2022-10-03 16:00:00,19328.62515748264,19279.751955057,1
2022-10-03 17:00:00,19399.08343832176,19327.06978141027,1
2022-10-03 18:00:00,19467.85562554784,19377.675275699312,1
2022-10-03 19:00:00,19491.137083698562,19406.770680117617,1
2022-10-03 20:00:00,19522.891389132375,19439.43055645987,1
2022-10-03 21:00:00,19530.760926088253,19458.89772801262,1
2022-10-03 22:00:00,19524.940617392167,19468.789050192143,1
2022-10-03 23:00:00,19557.293744928113,19496.64558652084,1
2022-10-04 00:00:00,19556.562496618742,19507.27366169887,1
2022-10-04 01:00:00,19537.741664412497,19505.9693595718,1
2022-10-04 02:00:00,19537.694442941665,19511.7203851042,1
2022-10-04 03:00:00,19554.496295294444,19525.607587812527,1
2022-10-04 04:00:00,19564.597530196297,19536.369844573885,1
2022-10-04 05:00:00,19576.998353464198,19548.266236469542,1
2022-10-04 06:00:00,19661.998902309468,19599.85419347508,1
2022-10-04 07:00:00,19760.332601539645,19664.78979466143,1
2022-10-04 08:00:00,19800.121734359764,19703.86437745026,1
2022-10-04 09:00:00,19844.381156239844,19745.507217913848,1
2022-10-04 10:00:00,19881.48743749323,19783.724087384056,1
2022-10-04 11:00:00,19897.658291662156,19810.319707859682,1
2022-10-04 12:00:00,19923.07219444144,19840.061579157922,1
2022-10-04 13:00:00,19978.68146296096,19885.486746583752,1
2022-10-04 14:00:00,20020.087641973976,19925.01642902307,1
2022-10-04 15:00:00,20044.125094649316,19955.413441927965,1
2022-10-04 16:00:00,20025.550063099545,19961.41099794106,1
2022-10-04 17:00:00,20022.866708733032,19971.608998315412,1
2022-10-04 18:00:00,20053.74447248869,19997.7709986217,1
2022-10-04 19:00:00,20106.99631499246,20036.994453417756,1
2022-10-04 20:00:00,20178.897543328305,20088.940916432708,1
2022-10-04 21:00:00,20212.99836221887,20123.897113444942,1
2022-10-04 22:00:00,20239.798908145916,20154.715820091315,1
2022-10-04 23:00:00,20270.865938763945,20187.131125529257,1
2022-10-05 00:00:00,20241.077292509297,20186.107284523936,1
2022-10-05 01:00:00,20230.384861672865,20190.269596428672,1
2022-10-05 02:00:00,20215.723241115244,20189.566033441643,1
2022-10-05 03:00:00,20205.448827410164,20188.71766372498,1
2022-10-05 04:00:00,20176.032551606775,20175.71445213862,1
2022-10-05 05:00:00,20180.921701071187,20178.439097204326,1
2022-10-05 06:00:00,20202.114467380794,20190.4501704399,1
2022-10-05 07:00:00,20207.70964492053,20195.622866723552,1
2022-10-05 08:00:00,20181.439763280356,20183.491436410175,-1
2022-10-05 09:00:00,20149.526508853574,20165.711175244687,-1
2022-10-05 10:00:00,20139.41767256905,20157.254597927473,-1
2022-10-05 11:00:00,20101.645115046034,20133.408307395206,-1
2022-10-05 12:00:00,20073.430076697357,20112.243160596074,-1
2022-10-05 13:00:00,20020.72005113157,20076.43531321497,-1
2022-10-05 14:00:00,19971.313367421048,20039.3561653577,-1
2022-10-05 15:00:00,19979.0755782807,20031.218680747206,-1
2022-10-05 16:00:00,20061.750385520467,20066.833466065895,-1
2022-10-05 17:00:00,20093.200257013646,20083.063744963,1
2022-10-05 18:00:00,20148.4668380091,20115.052154969726,1
2022-10-05 19:00:00,20136.477892006067,20114.58812679341,1
2022-10-05 20:00:00,20083.48526133738,20089.66301283097,-1
2022-10-05 21:00:00,20069.823507558256,20081.087919588972,-1
2022-10-05 22:00:00,20107.449005038838,20099.562843300067,1
2022-10-05 23:00:00,20121.632670025894,20108.733235427328,1
2022-10-06 00:00:00,20168.58844668393,20136.690828985993,1
2022-10-06 01:00:00,20233.69229778929,20178.001587352177,1
2022-10-06 02:00:00,20263.39486519286,20204.328571469963,1
2022-10-06 03:00:00,20291.129910128573,20230.196103929968,1
2022-10-06 04:00:00,20309.653273419048,20251.378630488154,1
2022-10-06 05:00:00,20304.802182279367,20259.327970399398,1
2022-10-06 06:00:00,20259.70145485291,20242.99561214496,1
2022-10-06 07:00:00,20244.70096990194,20237.85095539133,1
2022-10-06 08:00:00,20209.36731326796,20219.823508956542,-1
2022-10-06 09:00:00,20170.544875511976,20196.74650732808,-1
2022-10-06 10:00:00,20155.363250341317,20183.701687813882,-1
2022-10-06 11:00:00,20182.90883356088,20193.574108211356,-1
2022-10-06 12:00:00,20183.472555707252,20191.942452172927,-1
2022-10-06 13:00:00,20157.21503713817,20176.080188141485,-1
2022-10-06 14:00:00,20136.876691425445,20161.556517570305,-1
2022-10-06 15:00:00,20092.71779428363,20132.982605284793,-1
2022-10-06 16:00:00,20075.878529522422,20116.476677051196,-1
2022-10-06 17:00:00,20086.685686348283,20114.990008496432,-1
2022-10-06 18:00:00,20061.75712423219,20096.246370587985,-1
2022-10-06 19:00:00,20043.13808282146,20079.819757753805,-1
2022-10-06 20:00:00,20043.558721880974,20073.379801798565,-1
2022-10-06 21:00:00,19996.705814587316,20042.401656017006,-1
2022-10-06 22:00:00,19962.237209724877,20015.292264013915,-1
2022-10-06 23:00:00,19959.49147314992,20004.148216011385,-1
2022-10-07 00:00:00,19966.960982099947,20000.103085827497,-1
2022-10-07 01:00:00,19973.273988066634,19997.520706586132,-1
2022-10-07 02:00:00,19985.14932537776,19999.589669025016,-1
2022-10-07 03:00:00,19982.09955025184,19995.300638293193,-1
2022-10-07 04:00:00,19966.099700167895,19984.17324951261,-1
2022-10-07 05:00:00,19964.29980011193,19979.905385964863,-1
2022-10-07 06:00:00,19924.999866741287,19955.631679425795,-1
2022-10-07 07:00:00,19922.266577827526,19948.571374075647,-1
2022-10-07 08:00:00,19936.277718551682,19951.43112424371,-1
2022-10-07 09:00:00,19948.018479034457,19955.080010744852,-1
2022-10-07 10:00:00,19961.378986022974,19961.08364515488,1
2022-10-07 11:00:00,19971.019324015317,19966.39570967217,1
2022-10-07 12:00:00,19850.279549343548,19901.378307913594,-1
2022-10-07 13:00:00,19765.019699562366,19845.582251929303,-1
2022-10-07 14:00:00,19721.313133041578,19807.09456976034,-1
2022-10-07 15:00:00,19672.242088694387,19764.731920713002,-1
2022-10-07 16:00:00,19581.39472579626,19698.362480583364,-1
2022-10-07 17:00:00,19524.92981719751,19646.296575022752,-1
2022-10-07 18:00:00,19498.75321146501,19609.951743200432,-1
2022-10-07 19:00:00,19483.502140976674,19581.415062618533,-1
2022-10-07 20:00:00,19502.334760651116,19573.885051233345,-1
2022-10-07 21:00:00,19522.156507100746,19571.687769190918,-1
2022-10-07 22:00:00,19528.804338067166,19566.308174792568,-1
2022-10-07 23:00:00,19526.169558711445,19558.0521430121,-1
2022-10-08 00:00:00,19537.113039140964,19558.224480646262,-1
2022-10-08 01:00:00,19552.77535942731,19562.92912052876,-1
2022-10-08 02:00:00,19552.85023961821,19561.123825887164,-1
2022-10-08 03:00:00,19533.400159745474,19549.010402998585,-1
2022-10-08 04:00:00,19501.26677316365,19528.64487518066,-1
2022-10-08 05:00:00,19500.777848775768,19523.40035242054,-1
2022-10-08 06:00:00,19502.151899183846,19520.03665198044,-1
2022-10-08 07:00:00,19498.0345994559,19514.539078893085,-1
2022-10-08 08:00:00,19485.12306630393,19504.495610003432,-1
2022-10-08 09:00:00,19487.48204420262,19502.260044548264,-1
2022-10-08 10:00:00,19489.688029468416,19500.776400084942,-1
2022-10-08 11:00:00,19501.89201964561,19505.41705461495,-1
2022-10-08 12:00:00,19502.928013097073,19505.34122650314,-1
2022-10-08 13:00:00,19491.985342064716,19498.933730775294,-1
2022-10-08 14:00:00,19491.390228043143,19497.34577972524,-1
2022-10-08 15:00:00,19487.593485362097,19494.19200159338,-1
2022-10-08 16:00:00,19497.562323574733,19498.42981948549,-1
2022-10-08 17:00:00,19495.608215716493,19497.20621594267,-1
2022-10-08 18:00:00,19485.938810477663,19491.641449407638,-1
2022-10-08 19:00:00,19477.325873651775,19485.90664042443,-1
2022-10-08 20:00:00,19465.817249101183,19478.06906943817,-1
2022-10-08 21:00:00,19413.678166067457,19447.401965903955,-1
2022-10-08 22:00:00,19393.085444044973,19430.037972103237,-1
2022-10-08 23:00:00,19397.456962696648,19425.703795357193,-1
2022-10-09 00:00:00,19393.8379751311,19418.594014383158,-1
2022-10-09 01:00:00,19394.191983420737,19414.286011768036,-1
2022-10-09 02:00:00,19380.794655613827,19403.3249187193,-1
2022-10-09 03:00:00,19373.163103742554,19395.065842588516,-1
2022-10-09 04:00:00,19375.242069161704,19392.217507572423,-1
2022-10-09 05:00:00,19383.094712774473,19393.414324377434,-1
2022-10-09 06:00:00,19394.59647518298,19397.811719945174,-1
2022-10-09 07:00:00,19395.79765012199,19397.882316318777,-1
2022-10-09 08:00:00,19393.131766747993,19396.04916789718,-1
2022-10-09 09:00:00,19397.421177831995,19397.85841009769,-1
2022-10-09 10:00:00,19424.947451887998,19412.793244625384,1
2022-10-09 11:00:00,19436.964967925334,19421.55810923895,1
2022-10-09 12:00:00,19454.876645283555,19434.129362104595,1
2022-10-09 13:00:00,19455.751096855704,19438.378568994667,1
2022-10-09 14:00:00,19467.63406457047,19448.018829177454,1
2022-10-09 15:00:00,19486.589376380314,19461.924496599735,1
2022-10-09 16:00:00,19489.859584253543,19468.192769945235,1
2022-10-09 17:00:00,19485.539722835696,19469.775902682464,1
2022-10-09 18:00:00,19495.193148557133,19477.907556740196,1
2022-10-09 19:00:00,19483.395432371424,19474.615273696523,1
2022-10-09 20:00:00,19480.230288247618,19474.485223933516,1
2022-10-09 21:00:00,19477.153525498412,19473.851546854694,1
2022-10-09 22:00:00,19448.202350332274,19458.660356517477,-1
2022-10-09 23:00:00,19442.134900221517,19453.44938260521,-1
2022-10-10 00:00:00,19456.123266814346,19459.022222131534,-1
2022-10-10 01:00:00,19468.0488445429,19464.9999999258,1
2022-10-10 02:00:00,19466.165896361934,19464.527272666564,1
2022-10-10 03:00:00,19457.843930907955,19460.285950363552,-1
2022-10-10 04:00:00,19458.12928727197,19459.997595751996,-1
2022-10-10 05:00:00,19439.91952484798,19449.72530561527,-1
2022-10-10 06:00:00,19421.379683231986,19437.8297955034,-1
2022-10-10 07:00:00,19414.68645548799,19431.18801450278,-1
2022-10-10 08:00:00,19352.557636991995,19394.29928459318,-1
2022-10-10 09:00:00,19341.905091327997,19380.899414667147,-1
2022-10-10 10:00:00,19317.103394218666,19360.28133927312,-1
2022-10-10 11:00:00,19319.135596145778,19353.539277587097,-1
2022-10-10 12:00:00,19349.423730763854,19363.80486348035,-1
2022-10-10 13:00:00,19335.71582050924,19353.713070120284,-1
2022-10-10 14:00:00,19307.843880339493,19335.23796646205,-1
2022-10-10 15:00:00,19292.462586892998,19321.867427105313,-1
2022-10-10 16:00:00,19240.608391262,19288.236985813437,-1
2022-10-10 17:00:00,19266.138927508004,19293.50298839281,-1
2022-10-10 18:00:00,19249.625951672002,19279.520626866844,-1
2022-10-10 19:00:00,19234.71730111467,19265.95324016378,-1
2022-10-10 20:00:00,19235.64486740978,19260.779923770366,-1
2022-10-10 21:00:00,19237.096578273187,19257.001755812118,-1
2022-10-10 22:00:00,19199.26438551546,19232.746891119004,-1
2022-10-10 23:00:00,19174.17625701031,19212.974729097365,-1
2022-10-11 00:00:00,19129.31750467354,19181.45205107966,-1
2022-10-11 01:00:00,19095.645003115693,19153.60622361063,-1
2022-10-11 02:00:00,19081.263335410462,19135.22327386324,-1
2022-10-11 03:00:00,19067.408890273644,19117.855405888105,-1
2022-10-11 04:00:00,19057.239260182432,19103.136241181175,-1
2022-10-11 05:00:00,19046.326173454956,19088.838742784596,-1
2022-10-11 06:00:00,19048.217448969972,19082.14078955103,-1
2022-10-11 07:00:00,19057.178299313317,19080.860645996298,-1
2022-10-11 08:00:00,19071.61886620888,19084.431437633335,-1
2022-10-11 09:00:00,19066.879244139254,19079.51663079091,-1
2022-10-11 10:00:00,19072.919496092836,19080.513607010744,-1
2022-10-11 11:00:00,19098.579664061894,19093.129314826972,1
2022-10-11 12:00:00,19113.11977604126,19102.051257585703,1
2022-10-11 13:00:00,19069.579850694176,19080.314665297392,-1
2022-10-11 14:00:00,19055.719900462784,19070.802907970592,-1
2022-10-11 15:00:00,19083.01326697519,19082.94783379412,1
2022-10-11 16:00:00,19103.975511316796,19094.393682195187,1
2022-10-11 17:00:00,19110.117007544533,19099.485739977878,1
2022-10-11 18:00:00,19062.744671696357,19075.579241800082,-1
2022-10-11 19:00:00,19038.929781130904,19060.255743290974,-1
2022-10-11 20:00:00,19030.41985408727,19051.73651723807,-1
2022-10-11 21:00:00,19020.97990272485,19042.711695922055,-1
2022-10-11 22:00:00,19025.186601816567,19041.055023936227,-1
2022-10-11 23:00:00,19035.124401211047,19043.59047412964,-1
2022-10-12 00:00:00,19051.416267474033,19050.93766065152,1
2022-10-12 01:00:00,19053.31084498269,19052.058085987606,1
2022-10-12 02:00:00,19055.57389665513,19053.52025217168,1
2022-10-12 03:00:00,19050.882597770087,19051.334751776827,-1
2022-10-12 04:00:00,19063.85506518006,19058.32843327195,1
2022-10-12 05:00:00,19078.20337678671,19067.159627222503,1
2022-10-12 06:00:00,19099.935584524475,19081.021513182048,1
2022-10-12 07:00:00,19101.090389682984,19085.09032896713,1
2022-10-12 08:00:00,19111.993593121988,19093.946632791285,1
2022-10-12 09:00:00,19128.76239541466,19106.374517738324,1
2022-10-12 10:00:00,19134.24159694311,19113.433696331354,1
2022-10-12 11:00:00,19125.227731295407,19112.30029699838,1
2022-10-12 12:00:00,19106.48515419694,19104.427515725944,1
2022-10-12 13:00:00,19107.65676946463,19105.44069468486,1
2022-10-12 14:00:00,19099.77117964309,19101.54238656034,-1
2022-10-12 15:00:00,19110.01411976206,19106.807407185734,1
2022-10-12 16:00:00,19103.376079841375,19103.769696788324,-1
2022-10-12 17:00:00,19096.71738656092,19100.06611555408,-1
2022-10-12 18:00:00,19100.644924373948,19101.5995490897,-1
2022-10-12 19:00:00,19111.196616249297,19107.181449255208,1
2022-10-12 20:00:00,19128.3977441662,19117.293913026988,1
2022-10-12 21:00:00,19142.431829444133,19126.96774702208,1
2022-10-12 22:00:00,19142.954552962758,19130.064520290794,1
2022-10-12 23:00:00,19144.63636864184,19133.32551660156,1
2022-10-13 00:00:00,19143.590912427895,19134.811786310365,1
2022-10-13 01:00:00,19129.32727495193,19128.627825163025,1
2022-10-13 02:00:00,19112.75151663462,19119.713675133382,-1
2022-10-13 03:00:00,19102.067677756415,19112.620279654584,-1
2022-10-13 04:00:00,19097.34511850428,19108.125683353748,-1
2022-10-13 05:00:00,19092.730079002853,19103.64828638034,-1
2022-10-13 06:00:00,19079.32005266857,19094.348597947548,-1
2022-10-13 07:00:00,19052.913368445712,19077.21248922981,-1
2022-10-13 08:00:00,19036.008912297144,19063.573854824386,-1
2022-10-13 09:00:00,19019.872608198097,19049.760426674497,-1
2022-10-13 10:00:00,18907.381738798733,18982.967621824588,-1
2022-10-13 11:00:00,18853.221159199158,18939.682599674663,-1
2022-10-13 12:00:00,18694.78077279944,18837.540308824722,-1
2022-10-13 13:00:00,18603.353848532963,18761.714798129316,-1
2022-10-13 14:00:00,18537.169232355307,18696.82119846944,-1
2022-10-13 15:00:00,18674.012821570206,18742.43552602045,-1
2022-10-13 16:00:00,18808.50854771347,18803.356339471276,1
2022-10-13 17:00:00,18921.905698475646,18866.146095931043,1
2022-10-13 18:00:00,19084.270465650432,18964.84680576176,1
2022-10-13 19:00:00,19176.480310433624,19036.85647744144,1
2022-10-13 20:00:00,19242.153540289084,19098.064390633903,1
2022-10-13 21:00:00,19291.902360192726,19151.398137791373,1
2022-10-13 22:00:00,19334.968240128484,19200.434840011123,1
2022-10-13 23:00:00,19345.14549341899,19230.446687281827,1
2022-10-14 00:00:00,19362.863662279327,19260.965471412404,1
2022-10-14 01:00:00,19526.642441519554,19368.826294791965,1
2022-10-14 02:00:00,19623.961627679702,19450.603332102513,1
2022-10-14 03:00:00,19684.741085119804,19515.27545353842,1
2022-10-14 04:00:00,19724.39405674654,19567.7162801678,1
2022-10-14 05:00:00,19748.262704497694,19609.22241104638,1
2022-10-14 06:00:00,19760.041802998465,19640.927427219765,1
2022-10-14 07:00:00,19717.761201998976,19639.522440452536,1
2022-10-14 08:00:00,19681.740801332653,19634.100178552075,1
2022-10-14 09:00:00,19668.16053422177,19635.354691542605,1
2022-10-14 10:00:00,19671.67368948118,19643.235656716675,1
2022-10-14 11:00:00,19643.88245965412,19633.24735549546,1
2022-10-14 12:00:00,19693.254973102747,19662.1114726781,1
2022-10-14 13:00:00,19681.336648735167,19661.273023100264,1
2022-10-14 14:00:00,19606.524432490114,19624.114291627488,-1
2022-10-14 15:00:00,19521.98295499341,19574.80260224067,-1
2022-10-14 16:00:00,19446.988636662274,19524.293038196913,-1
2022-10-14 17:00:00,19416.359091108185,19493.530667615654,-1
2022-10-14 18:00:00,19346.506060738793,19441.397818958263,-1
2022-10-14 19:00:00,19284.337373825863,19390.23457914767,-1
2022-10-14 20:00:00,19245.258249217244,19349.664655666274,-1
2022-10-14 21:00:00,19196.27216614483,19303.961990999676,-1
2022-10-14 22:00:00,19180.914777429887,19276.00526536337,-1
2022-10-14 23:00:00,19175.476518286592,19255.749762570027,-1
2022-10-15 00:00:00,19180.8843455244,19244.10435119366,-1
2022-10-15 01:00:00,19175.922897016266,19229.903560067538,-1
2022-10-15 02:00:00,19179.481931344177,19222.030185509804,-1
2022-10-15 03:00:00,19183.221287562785,19216.333788144384,-1
2022-10-15 04:00:00,19181.580858375193,19209.418553936313,-1
2022-10-15 05:00:00,19176.853905583463,19201.778816856982,-1
2022-10-15 06:00:00,19170.969270388974,19194.037213792075,-1
2022-10-15 07:00:00,19166.97951359265,19187.666811284424,-1
2022-10-15 08:00:00,19131.6863423951,19164.654663778165,-1
2022-10-15 09:00:00,19120.79089493007,19152.717452182133,-1
2022-10-15 10:00:00,19129.560596620046,19151.696097239925,-1
2022-10-15 11:00:00,19139.97373108003,19153.35135228721,-1
2022-10-15 12:00:00,19145.91582072002,19154.1601973259,-1
2022-10-15 13:00:00,19150.943880480016,19155.403797812098,-1
2022-10-15 14:00:00,19145.96258698668,19151.875834573533,-1
2022-10-15 15:00:00,19137.141724657788,19145.989319196528,-1
2022-10-15 16:00:00,19130.66114977186,19140.84580661534,-1
2022-10-15 17:00:00,19120.474099847906,19133.437478139822,-1
2022-10-15 18:00:00,19116.449399898607,19128.88520938713,-1
2022-10-15 19:00:00,19108.266266599072,19122.160625862194,-1
2022-10-15 20:00:00,19101.61084439938,19116.0041484327,-1
2022-10-15 21:00:00,19088.44056293292,19106.203394172207,-1
2022-10-15 22:00:00,19075.52704195528,19095.93004977726,-1
2022-10-15 23:00:00,19070.484694636856,19089.470040726846,-1
2022-10-16 00:00:00,19090.556463091238,19096.966396958327,-1
2022-10-16 01:00:00,19105.27097539416,19103.82705205681,1
2022-10-16 02:00:00,19105.547316929442,19104.24031531921,1
2022-10-16 03:00:00,19107.498211286296,19105.542076170263,1
2022-10-16 04:00:00,19113.9988075242,19109.443516866577,1
2022-10-16 05:00:00,19122.432538349465,19114.87196834538,1
2022-10-16 06:00:00,19122.621692232977,19116.34979228258,1
2022-10-16 07:00:00,19123.147794821984,19117.777102776658,1
2022-10-16 08:00:00,19134.731863214656,19125.072174999084,1
2022-10-16 09:00:00,19133.421242143104,19126.113597726522,1
2022-10-16 10:00:00,19128.64749476207,19124.83839813988,1
2022-10-16 11:00:00,19131.331663174715,19126.995053023536,1
2022-10-16 12:00:00,19128.854442116477,19126.432316110167,1
2022-10-16 13:00:00,19125.369628077653,19124.971894999228,1
2022-10-16 14:00:00,19123.67975205177,19124.122459544822,-1
2022-10-16 15:00:00,19131.986501367846,19128.57292144576,1
2022-10-16 16:00:00,19130.624334245233,19128.450572091984,1
2022-10-16 17:00:00,19128.916222830157,19127.914104438896,1
2022-10-16 18:00:00,19127.04414855344,19127.075176359096,-1
2022-10-16 19:00:00,19207.996099035627,19171.225144293803,1
2022-10-16 20:00:00,19245.330732690418,19198.275118058566,1
2022-10-16 21:00:00,19209.72048846028,19187.40691477519,1
2022-10-16 22:00:00,19236.41365897352,19206.02383936152,1
2022-10-16 23:00:00,19241.575772649016,19214.364959477603,1
2022-10-17 00:00:00,19234.383848432677,19215.38951229986,1
2022-10-17 01:00:00,19211.889232288453,19206.573237336248,1
2022-10-17 02:00:00,19205.759488192303,19204.196285093294,1
2022-10-17 03:00:00,19196.63965879487,19199.506051439967,-1
2022-10-17 04:00:00,19204.49310586325,19203.26858754179,1
2022-10-17 05:00:00,19224.22873724217,19214.256117079643,1
2022-10-17 06:00:00,19226.01915816145,19217.045913974252,1
2022-10-17 07:00:00,19245.6794387743,19229.40120234257,1
2022-10-17 08:00:00,19247.45295918287,19233.328256462104,1
2022-10-17 09:00:00,19274.168639455245,19250.468573468992,1
2022-10-17 10:00:00,19311.579092970165,19275.18337829281,1
2022-10-17 11:00:00,19358.652728646775,19307.4773095123,1
2022-10-17 12:00:00,19408.868485764517,19344.172344146424,1
2022-10-17 13:00:00,19464.112323843012,19386.068281574346,1
2022-10-17 14:00:00,19464.37488256201,19400.4013212881,1
2022-10-17 15:00:00,19484.416588374675,19422.964717417537,1
2022-10-17 16:00:00,19490.244392249784,19437.316586977984,1
2022-10-17 17:00:00,19497.92959483319,19451.131752981986,1
2022-10-17 18:00:00,19501.48639655546,19461.58052516708,1
2022-10-17 19:00:00,19507.424264370307,19472.0749751367,1
2022-10-17 20:00:00,19511.616176246873,19480.788616020935,1
2022-10-17 21:00:00,19510.910784164582,19486.00886765349,1
2022-10-17 22:00:00,19509.707189443056,19489.87998262558,1
2022-10-17 23:00:00,19520.004792962038,19499.101803966383,1
2022-10-18 00:00:00,19542.63652864136,19515.246930517947,1
2022-10-18 01:00:00,19537.75768576091,19517.565670423774,1
2022-10-18 02:00:00,19520.205123840606,19511.662821255813,1
2022-10-18 03:00:00,19526.770082560404,19516.796853754757,1
2022-10-18 04:00:00,19541.980055040272,19526.906516708437,1
2022-10-18 05:00:00,19542.986703360184,19530.196240943264,1
2022-10-18 06:00:00,19573.424468906793,19549.124197135396,1
2022-10-18 07:00:00,19600.882979271195,19568.51979765623,1
2022-10-18 08:00:00,19575.988652847467,19560.825288991462,1
2022-10-18 09:00:00,19557.75910189831,19553.638872811196,1
2022-10-18 10:00:00,19545.806067932208,19547.868168663706,-1
2022-10-18 11:00:00,19549.13737862147,19549.31031981576,-1
2022-10-18 12:00:00,19572.958252414315,19562.272079849256,1
2022-10-18 13:00:00,19560.272168276213,19557.29533805848,1
2022-10-18 14:00:00,19510.01477885081,19530.423458411482,-1
2022-10-18 15:00:00,19461.376519233876,19500.18282960939,-1
2022-10-18 16:00:00,19442.21767948925,19482.6768605895,-1
2022-10-18 17:00:00,19427.81178632617,19467.462885936864,-1
2022-10-18 18:00:00,19355.741190884113,19420.94236122107,-1
2022-10-18 19:00:00,19307.02746058941,19382.516477362693,-1
2022-10-18 20:00:00,19323.91830705961,19378.004390569477,-1
2022-10-18 21:00:00,19311.378871373076,19361.330865011387,-1
2022-10-18 22:00:00,19311.652580915383,19352.397980463862,-1
2022-10-18 23:00:00,19314.73505394359,19346.67107492498,-1
2022-10-19 00:00:00,19285.190035962394,19324.749061302256,-1
2022-10-19 01:00:00,19291.893357308265,19321.212868338207,-1
2022-10-19 02:00:00,19289.795571538845,19314.737801367624,-1
2022-10-19 03:00:00,19285.197047692564,19307.69456475533,-1
2022-10-19 04:00:00,19279.831365128375,19300.677371163452,-1
2022-10-19 05:00:00,19268.85424341892,19290.899667315553,-1
2022-10-19 06:00:00,19240.269495612614,19271.299727803635,-1
2022-10-19 07:00:00,19230.179663741743,19260.15432274843,-1
2022-10-19 08:00:00,19216.15310916116,19247.053536794167,-1
2022-10-19 09:00:00,19230.735406107444,19249.389257377043,-1
2022-10-19 10:00:00,19223.056937404963,19241.8093923994,-1
2022-10-19 11:00:00,19213.10462493664,19232.97132105405,-1
2022-10-19 12:00:00,19194.269749957763,19219.085626316948,-1
2022-10-19 13:00:00,19168.51316663851,19200.52460335023,-1
2022-10-19 14:00:00,19160.675444425673,19190.429220922913,-1
2022-10-19 15:00:00,19193.71696295045,19203.042089846018,-1
2022-10-19 16:00:00,19186.844641966967,19197.598073510377,-1
2022-10-19 17:00:00,19182.863094644646,19193.471151053942,-1
2022-10-19 18:00:00,19182.1087297631,19191.130941771404,-1
2022-10-19 19:00:00,19195.9391531754,19197.034406903873,-1
2022-10-19 20:00:00,19192.992768783603,19195.22815110317,-1
2022-10-19 21:00:00,19190.59517918907,19193.51394181168,-1
2022-10-19 22:00:00,19172.396786126046,19183.056861482284,-1
2022-10-19 23:00:00,19153.8311907507,19170.991977576414,-1
2022-10-20 00:00:00,19090.354127167135,19133.24798165343,-1
2022-10-20 01:00:00,19072.302751444757,19115.602894080075,-1
2022-10-20 02:00:00,19065.93516762984,19104.256913338242,-1
2022-10-20 03:00:00,19055.02344508656,19091.33747454947,-1
2022-10-20 04:00:00,19094.648963391042,19106.3488428132,-1
2022-10-20 05:00:00,19106.26597559403,19110.55814411989,-1
2022-10-20 06:00:00,19112.71065039602,19113.29302700718,-1
2022-10-20 07:00:00,19121.14043359735,19117.785203914966,1
2022-10-20 08:00:00,19115.493622398233,19115.315166839515,1
2022-10-20 09:00:00,19136.329081598822,19126.71240923233,1
2022-10-20 10:00:00,19154.51938773255,19138.382880280995,1
2022-10-20 11:00:00,19169.346258488367,19149.404174775358,1
2022-10-20 12:00:00,19155.097505658912,19145.257961179836,1
2022-10-20 13:00:00,19157.731670439276,19148.483786419863,1
2022-10-20 14:00:00,19210.58778029285,19178.995825252616,1
2022-10-20 15:00:00,19221.825186861905,19190.86931157032,1
2022-10-20 16:00:00,19205.683457907937,19187.69307310299,1
2022-10-20 17:00:00,19167.65563860529,19170.22160526608,-1
2022-10-20 18:00:00,19130.003759070194,19149.217677035882,-1
2022-10-20 19:00:00,19105.269172713462,19132.23264484754,-1
2022-10-20 20:00:00,19077.27944847564,19112.063073057077,-1
2022-10-20 21:00:00,19072.519632317097,19103.14251431943,-1
2022-10-20 22:00:00,19057.046421544732,19089.134784443166,-1
2022-10-20 23:00:00,19049.597614363156,19079.237550908045,-1
2022-10-21 00:00:00,19046.265076242104,19072.030723470216,-1
2022-10-21 01:00:00,19050.11005082807,19069.443319202903,-1
2022-10-21 02:00:00,19067.340033885383,19075.326352075102,-1
2022-10-21 03:00:00,19059.560022590256,19069.63065169781,-1
2022-10-21 04:00:00,19053.04001506017,19064.243260480027,-1
2022-10-21 05:00:00,19046.993343373448,19058.90812221093,-1
2022-10-21 06:00:00,19040.462228915632,19053.179372718034,-1
2022-10-21 07:00:00,19033.441485943757,19047.037668587483,-1
2022-10-21 08:00:00,19013.294323962506,19033.576274298848,-1
2022-10-21 09:00:00,19009.596215975005,19027.871497153603,-1
2022-10-21 10:00:00,19004.197477316673,19021.60395221658,-1
2022-10-21 11:00:00,18980.898318211115,19005.730506359017,-1
2022-10-21 12:00:00,18943.96554547408,18981.07041429374,-1
2022-10-21 13:00:00,18980.64369698272,18994.330338967604,-1
2022-10-21 14:00:00,18975.89579798848,18989.252095518947,-1
2022-10-21 15:00:00,19036.830531992324,19020.060805424593,1
2022-10-21 16:00:00,19063.520354661552,19037.66793171103,1
2022-10-21 17:00:00,19089.013569774368,19056.27376230902,1
2022-10-21 18:00:00,19102.775713182913,19069.733078252833,1
2022-10-21 19:00:00,19128.11714212194,19089.563427661407,1
2022-10-21 20:00:00,19141.444761414627,19103.842804450243,1
2022-10-21 21:00:00,19142.963174276418,19111.507749095654,1
2022-10-21 22:00:00,19155.275449517612,19123.942703805533,1
2022-10-21 23:00:00,19153.816966345075,19128.844030386343,1
2022-10-22 00:00:00,19154.81131089672,19133.92693395246,1
2022-10-22 01:00:00,19152.77420726448,19136.612945961104,1
2022-10-22 02:00:00,19141.44947150965,19133.37422851363,1
2022-10-22 03:00:00,19141.632981006434,19134.94255060206,1
2022-10-22 04:00:00,19140.38865400429,19135.48026867441,1
2022-10-22 05:00:00,19138.025769336193,19135.083856188154,1
2022-10-22 06:00:00,19137.58384622413,19135.37770051758,1
2022-10-22 07:00:00,19143.48923081609,19138.99993678711,1
2022-10-22 08:00:00,19144.959487210726,19140.618130098544,1
2022-10-22 09:00:00,19140.639658140484,19139.051197353354,1
2022-10-22 10:00:00,19145.959772093658,19142.24188874365,1
2022-10-22 11:00:00,19153.60651472911,19147.088818062988,1
2022-10-22 12:00:00,19160.237676486075,19151.890851142445,1
2022-10-22 13:00:00,19167.79178432405,19157.528878207453,1
2022-10-22 14:00:00,19187.327856216034,19170.05090035155,1
2022-10-22 15:00:00,19199.45190414402,19179.805282105815,1
2022-10-22 16:00:00,19194.634602762682,19180.749776268392,1
2022-10-22 17:00:00,19177.05640184179,19173.68618058323,1
2022-10-22 18:00:00,19171.570934561194,19171.30687502264,1
2022-10-22 19:00:00,19172.747289707462,19171.996534109432,1
2022-10-22 20:00:00,19184.098193138307,19178.324436998624,1
2022-10-22 21:00:00,19187.73212875887,19181.356357544326,1
2022-10-22 22:00:00,19186.854752505915,19182.03701980899,1
2022-10-22 23:00:00,19189.60316833728,19184.412107116445,1
2022-10-23 00:00:00,19188.602112224853,19184.809905822545,1
2022-10-23 01:00:00,19182.56807481657,19182.2081047639,1
2022-10-23 02:00:00,19183.812049877713,19182.95208571592,1
2022-10-23 03:00:00,19185.508033251812,19184.03352467666,1
2022-10-23 04:00:00,19182.438688834543,19182.6274292809,-1
2022-10-23 05:00:00,19177.425792556365,19179.85880577528,-1
2022-10-23 06:00:00,19174.017195037577,19177.557204725228,-1
2022-10-23 07:00:00,19166.54479669172,19172.837712957004,-1
2022-10-23 08:00:00,19168.796531127813,19172.92176514664,-1
2022-10-23 09:00:00,19170.16435408521,19172.91780784725,-1
2022-10-23 10:00:00,19166.77623605681,19170.569115511385,-1
2022-10-23 11:00:00,19158.51749070454,19165.37473087295,-1
2022-10-23 12:00:00,19153.311660469695,19161.288416168776,-1
2022-10-23 13:00:00,19158.607773646465,19162.72688595627,-1
2022-10-23 14:00:00,19166.271849097644,19166.158361236947,1
2022-10-23 15:00:00,19171.04789939843,19168.78411373932,1
2022-10-23 16:00:00,19170.331932932288,19168.805183968532,1
2022-10-23 17:00:00,19269.787955288193,19223.33151415607,1
2022-10-23 18:00:00,19324.69197019213,19261.72578430951,1
2022-10-23 19:00:00,19380.527980128085,19303.630187162325,1
2022-10-23 20:00:00,19417.11865341872,19337.570153132812,1
2022-10-23 21:00:00,19455.77910227915,19373.12103438139,1
2022-10-23 22:00:00,19498.55273485277,19411.480846312046,1
2022-10-23 23:00:00,19519.26848990185,19438.611601528035,1
2022-10-24 00:00:00,19516.312326601234,19451.664037613846,1
2022-10-24 01:00:00,19479.708217734158,19443.452394411328,1
2022-10-24 02:00:00,19455.205478489443,19436.679231791088,1
2022-10-24 03:00:00,19431.470318992964,19427.101189647252,1
2022-10-24 04:00:00,19397.246879328643,19409.228246075025,-1
2022-10-24 05:00:00,19374.064586219098,19394.404928606837,-1
2022-10-24 06:00:00,19344.3430574794,19374.49494158741,-1
2022-10-24 07:00:00,19335.695371652935,19364.29586129879,-1
2022-10-24 08:00:00,19333.79691443529,19358.060250153554,-1
2022-10-24 09:00:00,19347.56460962353,19361.15838648927,-1
2022-10-24 10:00:00,19363.609739749023,19367.438679854855,-1
2022-10-24 11:00:00,19379.93982649935,19375.649828972153,1
2022-10-24 12:00:00,19374.926550999568,19373.69531461358,1
2022-10-24 13:00:00,19363.88436733305,19367.896166502018,-1
2022-10-24 14:00:00,19330.822911555366,19349.133227138016,-1
2022-10-24 15:00:00,19317.781941036912,19338.69082220383,-1
2022-10-24 16:00:00,19299.554627357942,19324.947036348585,-1
2022-10-24 17:00:00,19291.83641823863,19316.120302467025,-1
2022-10-24 18:00:00,19303.157612159084,19317.88024747302,-1
2022-10-24 19:00:00,19314.07174143939,19321.15656611429,-1
2022-10-24 20:00:00,19333.047827626262,19330.21900863896,1
2022-10-24 21:00:00,19341.131885084174,19335.14282525006,1
2022-10-24 22:00:00,19343.654590056118,19337.607766113684,1
2022-10-24 23:00:00,19335.136393370747,19334.06089954756,1
2022-10-25 00:00:00,19323.99092891383,19328.177099629822,-1
2022-10-25 01:00:00,19312.227285942554,19320.999445151672,-1
2022-10-25 02:00:00,19309.151523961704,19317.726818760457,-1
2022-10-25 03:00:00,19317.00101597447,19320.449215349465,-1
2022-10-25 04:00:00,19321.86734398298,19322.47663074047,-1
2022-10-25 05:00:00,19324.778229321986,19323.953606969477,1
2022-10-25 06:00:00,19322.852152881325,19323.052951156846,-1
2022-10-25 07:00:00,19314.201435254217,19318.297869128328,-1
2022-10-25 08:00:00,19304.43429016948,19312.225529286814,-1
2022-10-25 09:00:00,19287.85619344632,19301.766342143754,-1
2022-10-25 10:00:00,19287.370795630883,19298.97246175398,-1
2022-10-25 11:00:00,19288.58053042059,19297.522923253255,-1
2022-10-25 12:00:00,19297.387020280396,19300.700573570844,-1
2022-10-25 13:00:00,19354.724680186933,19331.373196557965,1
2022-10-25 14:00:00,19396.04978679129,19358.15988809288,1
2022-10-25 15:00:00,19510.79985786086,19427.639908439625,1
2022-10-25 16:00:00,19609.199905240574,19496.432652359694,1
2022-10-25 17:00:00,19775.666603493715,19607.735806476114,1
2022-10-25 18:00:00,19937.744402329146,19726.674750753184,1
2022-10-25 19:00:00,20047.429601552765,19824.87934152533,1
2022-10-25 20:00:00,20091.619734368513,19889.44673397527,1
2022-10-25 21:00:00,20134.24648957901,19949.45641870704,1
2022-10-25 22:00:00,20107.197659719342,19968.30070621485,1
2022-10-25 23:00:00,20094.231773146228,19986.482395993968,1
2022-10-26 00:00:00,20114.621182097486,20017.19468763143,1
2022-10-26 01:00:00,20149.647454731657,20054.013835334805,1
2022-10-26 02:00:00,20166.36496982111,20080.520410728477,1
2022-10-26 03:00:00,20190.443313214073,20109.262154232387,1
2022-10-26 04:00:00,20190.995542142715,20124.32358073559,1
2022-10-26 05:00:00,20187.36369476181,20134.46474787457,1
2022-10-26 06:00:00,20194.475796507875,20147.962066442826,1
2022-10-26 07:00:00,20240.883864338582,20181.732599816856,1
2022-10-26 08:00:00,20380.155909559056,20268.4539453047,1
2022-10-26 09:00:00,20448.770606372706,20326.189591612936,1
2022-10-26 10:00:00,20517.58040424847,20386.009665865127,1
2022-10-26 11:00:00,20543.68693616565,20424.17154479874,1
2022-10-26 12:00:00,20542.224624110437,20445.10399119897,1
2022-10-26 13:00:00,20542.44974940696,20462.885083708246,1
2022-10-26 14:00:00,20634.999832937974,20527.833250306747,1
2022-10-26 15:00:00,20701.899888625318,20583.809022978247,1
2022-10-26 16:00:00,20719.166592416877,20614.698291527657,1
2022-10-26 17:00:00,20749.811061611254,20650.407693068082,1
2022-10-26 18:00:00,20728.87404107417,20657.060839782975,1
2022-10-26 19:00:00,20737.382694049447,20674.75886891334,1
2022-10-26 20:00:00,20736.98846269963,20685.92998365637,1
2022-10-26 21:00:00,20734.425641799757,20693.815441173392,1
2022-10-26 22:00:00,20759.017094533174,20714.612633687317,1
2022-10-26 23:00:00,20758.778063022117,20722.555791198713,1
2022-10-27 00:00:00,20753.318708681414,20726.163829162582,1
2022-10-27 01:00:00,20740.579139120942,20724.152223860292,1
2022-10-27 02:00:00,20718.01942608063,20714.833637703876,1
2022-10-27 03:00:00,20726.77961738709,20720.191158121354,1
2022-10-27 04:00:00,20747.519744924728,20732.701856644744,1
2022-10-27 05:00:00,20762.17982994982,20743.39242816388,1
2022-10-27 06:00:00,20744.35321996655,20737.084713952263,1
2022-10-27 07:00:00,20730.768813311035,20730.99658414276,-1
2022-10-27 08:00:00,20720.54587554069,20725.379023389527,-1
2022-10-27 09:00:00,20681.197250360463,20703.037382773247,-1
2022-10-27 10:00:00,20634.13150024031,20673.39422226902,-1
2022-10-27 11:00:00,20627.12100016021,20662.431636401925,-1
2022-10-27 12:00:00,20655.74733344014,20671.625884328845,-1
2022-10-27 13:00:00,20607.89822229343,20642.639359905417,-1
2022-10-27 14:00:00,20591.73214819562,20627.504930831703,-1
2022-10-27 15:00:00,20579.154765463747,20614.140397953208,-1
2022-10-27 16:00:00,20574.203176975832,20605.078507416263,-1
2022-10-27 17:00:00,20573.80211798389,20599.246051522397,-1
2022-10-27 18:00:00,20572.90141198926,20594.128587609233,-1
2022-10-27 19:00:00,20588.600941326175,20598.832480771187,-1
2022-10-27 20:00:00,20520.133960884115,20559.626575176426,-1
2022-10-27 21:00:00,20478.655973922745,20529.821743326163,-1
2022-10-27 22:00:00,20405.337315948498,20480.526880903224,-1
2022-10-27 23:00:00,20365.391543965667,20445.067448011727,-1
2022-10-28 00:00:00,20334.794362643777,20413.891548373227,-1
2022-10-28 01:00:00,20327.296241762517,20395.42035775991,-1
2022-10-28 02:00:00,20289.697494508346,20362.525747258107,-1
2022-10-28 03:00:00,20287.89832967223,20348.30288412027,-1
2022-10-28 04:00:00,20272.76555311482,20329.065996098398,-1
2022-10-28 05:00:00,20275.243702076546,20320.18126953505,-1
2022-10-28 06:00:00,20266.162468051032,20307.057402346854,-1
2022-10-28 07:00:00,20200.741645367358,20263.937874647425,-1
2022-10-28 08:00:00,20190.16109691157,20246.676442893346,-1
2022-10-28 09:00:00,20191.10739794105,20236.917089640006,-1
2022-10-28 10:00:00,20182.638265294034,20223.96852788728,-1
2022-10-28 11:00:00,20176.225510196025,20212.956068271407,-1
2022-10-28 12:00:00,20184.083673464018,20210.564055858424,-1
2022-10-28 13:00:00,20276.18911564268,20255.988772975074,1
2022-10-28 14:00:00,20346.492743761788,20298.00899607051,1
2022-10-28 15:00:00,20388.72849584119,20329.861905875874,1
2022-10-28 16:00:00,20489.78566389413,20395.68701389844,1
2022-10-28 17:00:00,20533.357109262754,20436.562102280543,1
2022-10-28 18:00:00,20562.27140617517,20469.932629138624,1
2022-10-28 19:00:00,20573.94760411678,20493.0903329316,1
2022-10-28 20:00:00,20588.565069411186,20515.764817853127,1
2022-10-28 21:00:00,20587.010046274125,20528.15303278892,1
2022-10-28 22:00:00,20598.506697516084,20545.125208645477,1
2022-10-28 23:00:00,20593.271131677393,20551.975170709935,1
2022-10-29 00:00:00,20600.047421118263,20563.17968512631,1
2022-10-29 01:00:00,20606.364947412178,20573.328833285163,1
2022-10-29 02:00:00,20645.776631608118,20600.832681778767,1
2022-10-29 03:00:00,20678.917754405415,20627.081285091717,1
2022-10-29 04:00:00,20675.978502936945,20634.902869620495,1
2022-10-29 05:00:00,20666.519001957964,20637.211438780403,1
2022-10-29 06:00:00,20669.012667971976,20643.900268093057,1
2022-10-29 07:00:00,20701.241778647985,20666.045673894318,1
2022-10-29 08:00:00,20771.72785243199,20710.89191500444,1
2022-10-29 09:00:00,20829.285234954663,20753.347930458174,1
2022-10-29 10:00:00,20808.15682330311,20755.630124920324,1
2022-10-29 11:00:00,20768.337882202075,20743.461011298445,1
2022-10-29 12:00:00,20764.725254801386,20746.013554698726,1
2022-10-29 13:00:00,20767.183503200926,20750.7565447535,1
2022-10-29 14:00:00,20777.78900213395,20759.528082071047,1
2022-10-29 15:00:00,20822.926001422635,20787.4684307854,1
2022-10-29 16:00:00,20832.517334281758,20799.146897915325,1
2022-10-29 17:00:00,20821.711556187838,20799.32018920345,1
2022-10-29 18:00:00,20828.407704125228,20807.043791166456,1
2022-10-29 19:00:00,20827.97180275015,20810.690374590733,1
2022-10-29 20:00:00,20832.047868500104,20816.05576102878,1
2022-10-29 21:00:00,20833.031912333405,20819.500168114457,1
2022-10-29 22:00:00,20804.587941555605,20806.445592093645,-1
2022-10-29 23:00:00,20801.958627703738,20804.673666258437,-1
2022-10-30 00:00:00,20769.039085135828,20786.223908756903,-1
2022-10-30 01:00:00,20768.759390090556,20782.946834437465,-1
2022-10-30 02:00:00,20760.939593393705,20776.101955448834,-1
2022-10-30 03:00:00,20763.19306226247,20774.574327185408,-1
2022-10-30 04:00:00,20753.82870817498,20767.397176788058,-1
2022-10-30 05:00:00,20766.852472116654,20772.034053735682,-1
2022-10-30 06:00:00,20805.334981411106,20792.08240760192,1
2022-10-30 07:00:00,20817.72332094074,20801.249242583388,1
2022-10-30 08:00:00,20802.948880627162,20796.185743931863,1
2022-10-30 09:00:00,20763.19925375144,20775.733790489707,-1
2022-10-30 10:00:00,20733.76616916763,20757.40037403703,-1
2022-10-30 11:00:00,20742.577446111754,20757.909396939387,-1
2022-10-30 12:00:00,20733.584964074504,20750.216779314043,-1
2022-10-30 13:00:00,20702.323309383006,20730.141001256943,-1
2022-10-30 14:00:00,20711.715539588673,20730.20627375568,-1
2022-10-30 15:00:00,20697.010359725784,20718.823314891008,-1
2022-10-30 16:00:00,20662.140239817192,20695.837257638097,-1
2022-10-30 17:00:00,20658.126826544794,20687.521392612987,-1
2022-10-30 18:00:00,20661.184551029863,20683.84477577426,-1
2022-10-30 19:00:00,20653.22303401991,20675.38208926985,-1
2022-10-30 20:00:00,20659.248689346605,20674.639891220784,-1
2022-10-30 21:00:00,20665.832459564404,20675.43263827155,-1
2022-10-30 22:00:00,20635.821639709604,20657.31761313127,-1
2022-10-30 23:00:00,20629.081093139735,20649.732592561944,-1
2022-10-31 00:00:00,20596.98739542649,20628.472121187042,-1
2022-10-31 01:00:00,20568.65826361766,20607.295371880304,-1
2022-10-31 02:00:00,20532.472175745108,20580.532576992973,-1
2022-10-31 03:00:00,20524.28145049674,20567.32665390334,-1
2022-10-31 04:00:00,20533.387633664493,20564.46726228455,-1
2022-10-31 05:00:00,20534.09175577633,20559.20048732372,-1
2022-10-31 06:00:00,20525.127837184224,20549.74585326486,-1
2022-10-31 07:00:00,20529.151891456153,20547.464789034886,-1
2022-10-31 08:00:00,20512.36792763744,20534.980281937635,-1
2022-10-31 09:00:00,20576.47861842496,20565.838412494428,1
2022-10-31 10:00:00,20631.519078949976,20597.79506476817,1
2022-10-31 11:00:00,20661.712719299983,20620.395962083046,1
2022-10-31 12:00:00,20670.77514619999,20632.85124170431,1
2022-10-31 13:00:00,20552.316764133328,20575.132834121705,-1
2022-10-31 14:00:00,20477.04450942222,20529.92686428139,-1
2022-10-31 15:00:00,20448.16300628148,20504.558343502955,-1
2022-10-31 16:00:00,20420.875337520985,20479.420462866052,-1
2022-10-31 17:00:00,20401.683558347322,20458.307651435858,-1
2022-10-31 18:00:00,20409.189038898217,20452.1062602657,-1
2022-10-31 19:00:00,20392.392692598813,20435.141485671935,-1
2022-10-31 20:00:00,20392.428461732543,20427.388488277036,-1
2022-10-31 21:00:00,20393.985641155028,20421.881490408483,-1
2022-10-31 22:00:00,20418.42376077002,20430.139401243305,-1
2022-10-31 23:00:00,20439.615840513346,20439.568601017247,1
