datetime,ISA_9,ISB_26,ITS_9,IKS_26,ICS_26,signal
2022-09-01 00:00:00,19886.800000000003,19994.65,19994.35,19876.65,20024.0,0
2022-09-01 01:00:00,19886.800000000003,19994.65,19994.35,19876.65,20145.1,0
2022-09-01 02:00:00,19886.800000000003,19994.65,19994.35,19876.65,20151.6,0
2022-09-01 03:00:00,19886.800000000003,19994.65,19994.35,19876.65,20114.9,0
2022-09-01 04:00:00,19886.800000000003,19994.65,19994.35,19876.65,20096.8,0
2022-09-01 05:00:00,19886.800000000003,19994.65,19994.35,19876.65,20100.5,0
2022-09-01 06:00:00,19886.800000000003,19994.65,19994.35,19876.65,20087.3,0
2022-09-01 07:00:00,19886.800000000003,19994.65,19994.35,19876.65,20123.1,0
2022-09-01 08:00:00,19886.800000000003,19994.65,19994.35,19876.65,20059.3,0
2022-09-01 09:00:00,19886.800000000003,19994.65,19994.35,19876.65,20082.4,0
2022-09-01 10:00:00,19886.800000000003,19994.65,19994.35,19876.65,20272.0,0
2022-09-01 11:00:00,19886.800000000003,19994.65,19980.2,19876.65,20257.4,0
2022-09-01 12:00:00,19886.800000000003,19994.65,19959.15,19876.65,20354.0,0
2022-09-01 13:00:00,19886.800000000003,19994.65,19959.15,19876.65,20344.8,0
2022-09-01 14:00:00,19886.800000000003,19994.65,19882.55,19876.65,20120.9,0
2022-09-01 15:00:00,19886.800000000003,19994.65,19879.9,19876.65,19791.3,0
2022-09-01 16:00:00,19886.800000000003,19994.65,19835.05,19876.65,19926.4,-1
2022-09-01 17:00:00,19886.800000000003,19994.65,19835.05,19876.65,19899.3,-1
2022-09-01 18:00:00,19886.800000000003,19994.65,19835.05,19876.65,19957.0,-1
2022-09-01 19:00:00,19886.800000000003,19994.65,19835.05,19876.65,19962.0,0
2022-09-01 20:00:00,19886.800000000003,19994.65,19824.15,19876.65,19978.1,0
2022-09-01 21:00:00,19886.800000000003,19994.65,19854.3,19876.65,19941.0,0
2022-09-01 22:00:00,19886.800000000003,19994.65,19863.0,19876.65,19991.8,0
2022-09-01 23:00:00,19886.800000000003,19994.65,19863.0,19876.65,19945.6,0
2022-09-02 00:00:00,19886.800000000003,19994.65,19863.0,19876.65,19931.4,0
2022-09-02 01:00:00,19886.800000000003,19994.65,19896.95,19876.65,19890.3,0
2022-09-02 02:00:00,19886.800000000003,19994.65,19933.4,19876.65,19914.9,0
2022-09-02 03:00:00,19886.800000000003,19994.65,20017.449999999997,19909.9,19935.5,0
2022-09-02 04:00:00,19886.800000000003,19994.65,20060.2,19922.5,19877.4,0
2022-09-02 05:00:00,19886.800000000003,19994.65,20118.95,19922.5,19808.2,0
2022-09-02 06:00:00,19886.800000000003,19994.65,20118.95,19922.5,19773.6,0
2022-09-02 07:00:00,19886.800000000003,19994.65,20118.95,19922.5,19787.7,0
2022-09-02 08:00:00,19886.800000000003,19994.65,20118.95,19922.5,19839.5,0
2022-09-02 09:00:00,19886.800000000003,19994.65,20118.95,19922.5,19790.0,0
2022-09-02 10:00:00,19886.800000000003,19994.65,20118.95,19922.5,19843.3,0
2022-09-02 11:00:00,19886.800000000003,19994.65,20134.0,19922.5,19850.4,0
2022-09-02 12:00:00,19886.800000000003,19994.65,20171.5,19960.0,19807.4,0
2022-09-02 13:00:00,19886.800000000003,19994.65,20187.0,19975.5,19764.3,0
2022-09-02 14:00:00,19886.800000000003,19994.65,20206.15,19994.65,19780.6,0
2022-09-02 15:00:00,19886.800000000003,19994.65,20206.15,19994.65,19808.1,0
2022-09-02 16:00:00,19886.800000000003,19994.65,20206.15,19994.65,19743.0,0
2022-09-02 17:00:00,19886.800000000003,19994.65,20089.6,19994.65,19702.9,0
2022-09-02 18:00:00,19886.800000000003,19994.65,20085.15,20028.6,19735.9,0
2022-09-02 19:00:00,19886.800000000003,19994.65,20085.15,20065.05,19739.7,0
2022-09-02 20:00:00,19886.800000000003,19994.65,20085.15,20085.15,19784.8,0
2022-09-02 21:00:00,19886.800000000003,19994.65,20085.15,20085.15,19820.7,0
2022-09-02 22:00:00,19886.800000000003,19994.65,20085.15,20085.15,19794.9,0
2022-09-02 23:00:00,19886.800000000003,19994.65,20062.45,20085.15,19770.1,0
2022-09-03 00:00:00,19886.800000000003,19994.65,20052.0,20085.15,19782.5,0
2022-09-03 01:00:00,19886.800000000003,19994.65,19928.5,20085.15,19766.0,0
2022-09-03 02:00:00,19886.800000000003,19994.65,19901.0,20085.15,19794.3,0
2022-09-03 03:00:00,19886.800000000003,19994.65,19910.0,20085.15,19758.8,0
2022-09-03 04:00:00,19905.025,19994.65,19950.45,20085.15,19693.0,0
2022-09-03 05:00:00,19963.675,19994.65,19952.15,20085.15,19618.5,0
2022-09-03 06:00:00,19991.35,19994.65,19933.25,20085.15,19724.2,0
2022-09-03 07:00:00,20020.725,19994.65,19895.05,20085.15,19764.7,0
2022-09-03 08:00:00,20020.725,19994.65,19895.05,20085.15,19750.0,0
2022-09-03 09:00:00,20020.725,19994.65,19849.5,20067.449999999997,19843.0,0
2022-09-03 10:00:00,20020.725,19994.65,19829.1,20067.449999999997,19866.6,0
2022-09-03 11:00:00,20020.725,19994.65,19829.05,20067.449999999997,19702.4,0
2022-09-03 12:00:00,20020.725,19994.65,19829.05,20067.449999999997,19741.0,0
2022-09-03 13:00:00,20028.25,19994.65,19829.05,20067.449999999997,19781.6,0
2022-09-03 14:00:00,20065.75,19994.65,19820.199999999997,20067.449999999997,19881.9,0
2022-09-03 15:00:00,20081.25,19994.65,19801.949999999997,20067.449999999997,19829.7,0
2022-09-03 16:00:00,20100.4,19994.65,19797.3,20044.75,19840.0,0
2022-09-03 17:00:00,20100.4,19994.65,19797.3,20034.3,19872.7,0
2022-09-03 18:00:00,20100.4,19994.65,19810.75,19910.8,19894.2,-1
2022-09-03 19:00:00,20042.125,19994.65,19761.35,19847.35,19848.7,-1
2022-09-03 20:00:00,20056.875,19994.65,19761.35,19839.35,19825.4,-1
2022-09-03 21:00:00,20075.1,19994.65,19761.35,19839.35,19992.7,-1
2022-09-03 22:00:00,20085.15,19994.65,19741.35,19839.35,19906.4,0
2022-09-03 23:00:00,20085.15,19994.65,19734.35,19839.35,19831.8,0
2022-09-04 00:00:00,20085.15,19994.65,19738.300000000003,19839.35,19842.1,0
2022-09-04 01:00:00,20073.800000000003,19994.65,19738.300000000003,19839.35,19871.9,0
2022-09-04 02:00:00,20068.575,19994.65,19738.300000000003,19813.550000000003,19878.0,0
2022-09-04 03:00:00,20006.825,19994.65,19738.300000000003,19793.15,19712.0,0
2022-09-04 04:00:00,19993.075,19994.65,19757.25,19793.1,19772.0,0
2022-09-04 05:00:00,19997.575,19994.65,19782.800000000003,19793.1,19740.0,-1
2022-09-04 06:00:00,20017.800000000003,19994.65,19758.95,19793.1,19767.6,-1
2022-09-04 07:00:00,20018.65,19994.65,19723.95,19769.9,19754.8,-1
2022-09-04 08:00:00,20009.2,19994.65,19708.95,19736.65,19686.3,0
2022-09-04 09:00:00,19990.1,19994.65,19699.0,19732.0,19692.9,0
2022-09-04 10:00:00,19990.1,19994.65,19699.0,19732.0,19715.9,0
2022-09-04 11:00:00,19958.475,19994.65,19710.2,19732.0,19731.0,0
2022-09-04 12:00:00,19948.274999999998,19994.65,19750.0,19750.0,19834.6,0
2022-09-04 13:00:00,19948.25,19994.65,19750.0,19750.0,19848.1,0
2022-09-04 14:00:00,19948.25,19994.65,19750.0,19750.0,19839.4,0
2022-09-04 15:00:00,19948.25,19994.65,19750.0,19750.0,19816.9,0
2022-09-04 16:00:00,19943.824999999997,19994.65,19750.0,19750.0,19731.2,0
2022-09-04 17:00:00,19934.699999999997,19994.65,19789.4,19758.8,19700.9,0
2022-09-04 18:00:00,19921.025,19994.65,19789.4,19758.8,19729.1,0
2022-09-04 19:00:00,19915.8,19994.65,19789.4,19758.8,19743.3,0
2022-09-04 20:00:00,19860.775,19994.65,19789.4,19758.8,19793.7,0
2022-09-04 21:00:00,19804.35,19994.65,19789.4,19758.8,19784.9,0
2022-09-04 22:00:00,19800.35,20028.6,19789.4,19758.8,20093.6,0
2022-09-04 23:00:00,19800.35,20031.5,19846.0,19796.2,19763.0,0
2022-09-05 00:00:00,19790.35,20031.5,19879.85,19808.35,19805.9,0
2022-09-05 01:00:00,19786.85,20031.5,19919.0,19808.35,19780.2,0
2022-09-05 02:00:00,19788.825,20031.5,19919.0,19808.35,19754.1,0
2022-09-05 03:00:00,19788.825,20031.5,19923.85,19808.35,19772.2,0
2022-09-05 04:00:00,19775.925000000003,20031.5,19923.85,19808.35,19848.2,0
2022-09-05 05:00:00,19765.725000000002,20031.5,19857.35,19808.35,19900.7,0
2022-09-05 06:00:00,19775.175,20031.5,19857.35,19808.35,20008.3,0
2022-09-05 07:00:00,19787.95,20031.5,19857.35,19808.35,19905.6,0
2022-09-05 08:00:00,19776.025,20031.5,19857.35,19808.35,19904.9,0
2022-09-05 09:00:00,19746.925000000003,20017.15,19813.4,19808.35,19909.2,0
2022-09-05 10:00:00,19722.800000000003,20002.15,19775.5,19838.95,19841.1,0
2022-09-05 11:00:00,19715.5,20002.15,19760.1,19833.45,19775.2,0
2022-09-05 12:00:00,19715.5,20002.15,19760.1,19833.45,19828.3,0
2022-09-05 13:00:00,19721.1,20002.15,19749.1,19833.45,19810.1,0
2022-09-05 14:00:00,19750.0,20002.15,19754.65,19833.45,19737.7,0
2022-09-05 15:00:00,19750.0,20002.15,19782.1,19833.45,19088.2,0
2022-09-05 16:00:00,19750.0,20002.15,19782.1,19833.45,18947.4,0
2022-09-05 17:00:00,19750.0,20002.15,19782.1,19833.45,18813.0,0
2022-09-05 18:00:00,19750.0,20002.15,19782.1,19833.45,18972.9,0
2022-09-05 19:00:00,19774.1,20002.15,19782.1,19833.45,18968.5,0
2022-09-05 20:00:00,19774.1,19979.45,19801.75,19833.45,18895.1,0
2022-09-05 21:00:00,19774.1,19969.0,19802.0,19833.45,18781.5,0
2022-09-05 22:00:00,19774.1,19845.5,19802.0,19833.45,18821.5,0
2022-09-05 23:00:00,19774.1,19818.0,19802.0,19833.45,18779.0,0
2022-09-06 00:00:00,19774.1,19810.0,19913.8,19893.9,18603.7,1
2022-09-06 01:00:00,19821.1,19810.0,19917.35,19897.45,18736.3,0
2022-09-06 02:00:00,19844.1,19810.0,19917.35,19897.45,18714.9,0
2022-09-06 03:00:00,19863.675,19810.0,19919.85,19897.45,18750.6,0
2022-09-06 04:00:00,19863.675,19810.0,19919.85,19897.45,18785.6,0
2022-09-06 05:00:00,19866.1,19810.0,19919.85,19897.45,18791.5,0
2022-09-06 06:00:00,19866.1,19808.35,19919.85,19897.45,18795.2,0
2022-09-06 07:00:00,19832.85,19808.35,19919.85,19897.45,18777.5,0
2022-09-06 08:00:00,19832.85,19808.35,19919.85,19897.45,18738.3,1
2022-09-06 09:00:00,19832.85,19808.35,19919.85,19897.45,18729.5,0
2022-09-06 10:00:00,19832.85,19808.35,19844.1,19897.45,18771.3,0
2022-09-06 11:00:00,19810.875,19808.35,19858.7,19897.45,18830.0,0
2022-09-06 12:00:00,19807.225,19808.35,19873.6,19897.45,18892.3,0
2022-09-06 13:00:00,19796.775,19808.35,19864.1,19917.1,18863.3,0
2022-09-06 14:00:00,19796.775,19808.35,19836.800000000003,19912.550000000003,18903.5,0
2022-09-06 15:00:00,19791.275,19808.35,19836.800000000003,19912.550000000003,18986.0,0
2022-09-06 16:00:00,19794.050000000003,19808.35,19836.800000000003,19912.550000000003,19063.6,0
2022-09-06 17:00:00,19807.775,19808.35,19435.050000000003,19510.800000000003,18982.1,-1
2022-09-06 18:00:00,19807.775,19808.35,19419.550000000003,19510.800000000003,19374.8,-1
2022-09-06 19:00:00,19807.775,19808.35,19343.75,19437.35,19350.5,-1
2022-09-06 20:00:00,19807.775,19808.35,19293.75,19387.35,19328.6,-1
2022-09-06 21:00:00,19807.775,19808.35,19248.5,19387.35,19287.0,-1
2022-09-06 22:00:00,19817.6,19808.35,19238.95,19387.35,19294.9,-1
2022-09-06 23:00:00,19817.725,19808.35,19238.95,19387.35,19172.8,-1
2022-09-07 00:00:00,19817.725,19808.35,19223.55,19387.35,19226.5,-1
2022-09-07 01:00:00,19817.725,19808.35,19173.8,19387.35,19209.1,-1
2022-09-07 02:00:00,19903.85,19868.8,18809.5,19337.35,19342.3,-1
2022-09-07 03:00:00,19907.4,19872.35,18783.3,19261.6,19295.9,-1
2022-09-07 04:00:00,19907.4,19872.35,18783.3,19261.6,19228.4,-1
2022-09-07 05:00:00,19908.65,19872.35,18783.3,19261.6,19164.0,-1
2022-09-07 06:00:00,19908.65,19872.35,18744.4,19261.6,19217.9,0
2022-09-07 07:00:00,19908.65,19872.35,18703.8,19261.6,19177.6,0
2022-09-07 08:00:00,19908.65,19872.35,18680.95,19261.6,19296.2,0
2022-09-07 09:00:00,19908.65,19872.35,18674.0,19261.6,19303.1,0
2022-09-07 10:00:00,19908.65,19872.35,18674.0,19261.6,19137.0,0
2022-09-07 11:00:00,19908.65,19872.35,18725.0,19246.1,19215.1,0
2022-09-07 12:00:00,19870.775,19872.35,18755.8,19243.75,19307.8,0
2022-09-07 13:00:00,19878.075,19872.35,18793.15,19243.75,19240.4,0
2022-09-07 14:00:00,19885.525,19897.45,18811.8,19198.5,19178.7,0
2022-09-07 15:00:00,19890.6,19897.45,18811.8,19188.95,19191.1,0
2022-09-07 16:00:00,19874.675000000003,19897.45,18821.8,19188.95,19194.2,0
2022-09-07 17:00:00,19874.675000000003,19897.45,18846.3,19173.55,19341.7,0
2022-09-07 18:00:00,19874.675000000003,19897.45,18921.8,19123.8,19366.8,0
2022-09-07 19:00:00,19472.925000000003,19510.800000000003,18925.8,18844.0,19322.1,0
2022-09-07 20:00:00,19465.175000000003,19510.800000000003,19056.8,18975.0,19294.0,0
2022-09-07 21:00:00,19390.55,19437.35,19109.75,18977.5,19309.3,0
2022-09-07 22:00:00,19340.55,19387.35,19129.3,18977.5,19355.9,0
2022-09-07 23:00:00,19317.925,19387.35,19145.95,18977.5,19325.0,0
2022-09-08 00:00:00,19313.15,19387.35,19149.9,18977.5,19384.4,0
2022-09-08 01:00:00,19313.15,19387.35,19175.0,18977.5,19936.0,0
2022-09-08 02:00:00,19305.449999999997,19387.35,19201.75,18977.5,20350.4,0
2022-09-08 03:00:00,19280.574999999997,19387.35,19217.5,18977.5,20526.3,0
2022-09-08 04:00:00,19073.425,19337.35,19217.5,19028.5,20684.9,0
2022-09-08 05:00:00,19022.449999999997,19337.35,19297.2,19059.3,20623.6,0
2022-09-08 06:00:00,19022.449999999997,19337.35,19278.15,19059.3,20766.6,0
2022-09-08 07:00:00,19022.449999999997,19337.35,19210.85,19059.3,20742.3,0
2022-09-08 08:00:00,19003.0,19337.35,19210.85,19059.3,21068.4,0
2022-09-08 09:00:00,18982.699999999997,19337.35,19208.95,19059.3,20931.7,0
2022-09-08 10:00:00,18971.275,19337.35,19208.95,19059.3,21070.3,0
2022-09-08 11:00:00,18967.8,19337.35,19223.95,19059.3,20998.8,0
2022-09-08 12:00:00,18967.8,19337.35,19223.95,19059.3,21092.4,0
2022-09-08 13:00:00,18985.55,19337.35,19201.9,19059.3,21258.5,0
2022-09-08 14:00:00,18999.775,19337.35,19201.9,19109.75,21288.4,0
2022-09-08 15:00:00,19018.45,19337.35,19201.9,19129.3,21237.4,0
2022-09-08 16:00:00,19005.15,19337.35,19201.9,19145.95,21161.9,0
2022-09-08 17:00:00,19000.375,19337.35,19201.9,19149.9,21280.0,0
2022-09-08 18:00:00,19005.375,19337.35,19201.9,19175.0,21287.1,0
2022-09-08 19:00:00,19009.925,19337.35,19201.9,19201.75,21241.7,0
2022-09-08 20:00:00,19022.8,19337.35,19226.9,19217.5,21340.1,0
2022-09-08 21:00:00,18884.9,19337.35,19226.9,19217.5,21352.0,0
2022-09-08 22:00:00,19015.9,19337.35,19265.0,19229.4,21250.3,0
2022-09-08 23:00:00,19043.625,19337.35,19265.0,19226.9,21281.9,0
2022-09-09 00:00:00,19053.4,19337.35,19265.0,19226.9,21294.7,0
2022-09-09 01:00:00,19061.725,19337.35,19279.9,19226.9,21294.5,0
2022-09-09 02:00:00,19063.7,19337.35,19305.2,19226.9,21447.4,0
2022-09-09 03:00:00,19076.25,19337.35,19571.15,19484.8,21532.2,1
2022-09-09 04:00:00,19089.625,19337.35,19853.15,19732.3,21515.5,1
2022-09-09 05:00:00,19097.5,19337.35,19991.7,19870.85,21274.9,1
2022-09-09 06:00:00,19123.0,19337.35,20025.2,19904.35,21318.2,1
2022-09-09 07:00:00,19178.25,19261.6,20037.550000000003,19904.35,21313.7,1
2022-09-09 08:00:00,19168.725,19261.6,20135.5,19995.9,21333.4,1
2022-09-09 09:00:00,19135.074999999997,19261.6,20152.8,19995.9,21279.0,1
2022-09-09 10:00:00,19135.074999999997,19261.6,20255.05,20095.9,21302.4,1
2022-09-09 11:00:00,19134.125,19261.6,20283.2,20095.9,21167.0,1
2022-09-09 12:00:00,19134.125,19261.6,20607.75,20151.4,21234.4,1
2022-09-09 13:00:00,19141.625,19261.6,20815.1,20151.4,21213.3,1
2022-09-09 14:00:00,19141.625,19261.6,20885.7,20151.4,21401.1,1
2022-09-09 15:00:00,19130.6,19246.1,20962.5,20212.5,21281.4,1
2022-09-09 16:00:00,19155.825,19243.75,21009.25,20240.0,21436.1,1
2022-09-09 17:00:00,19165.6,19243.75,21032.05,20259.0,21569.4,1
2022-09-09 18:00:00,19173.925000000003,19198.5,21074.0,20273.9,21414.3,1
2022-09-09 19:00:00,19175.9,19188.95,21155.15,20299.2,21594.0,1
2022-09-09 20:00:00,19188.45,19188.95,21175.1,20307.25,21750.5,1
2022-09-09 21:00:00,19201.825,19173.55,21175.1,20341.75,21639.5,1
2022-09-09 22:00:00,19222.2,19123.8,21197.05,20341.75,21540.4,1
2022-09-09 23:00:00,19222.2,18977.5,21358.1,20455.75,21600.7,0
2022-09-10 00:00:00,19247.2,18977.5,21391.5,20468.1,21500.2,0
2022-09-10 01:00:00,19245.95,18977.5,21391.5,20474.5,21537.4,0
2022-09-10 02:00:00,19245.95,18977.5,21391.5,20491.8,21549.1,0
2022-09-10 03:00:00,19253.4,18977.5,21407.4,20494.05,21579.9,0
2022-09-10 04:00:00,19266.050000000003,18977.5,21409.8,20522.2,21437.9,1
2022-09-10 05:00:00,19527.975,19232.9,21411.8,20793.25,21599.9,1
2022-09-10 06:00:00,19792.725,19480.4,21411.8,21000.6,21663.7,1
2022-09-10 07:00:00,19931.275,19618.95,21411.8,21071.2,21591.4,0
2022-09-10 08:00:00,19964.775,19703.45,21411.8,21125.0,21584.3,0
2022-09-10 09:00:00,19970.95,19734.25,21430.5,21144.25,21601.9,0
2022-09-10 10:00:00,20065.7,19825.8,21430.5,21148.05,21607.9,0
2022-09-10 11:00:00,20074.35,19825.8,21455.0,21190.0,21531.5,0
2022-09-10 12:00:00,20175.475,19925.8,21413.5,21271.15,21502.7,0
2022-09-10 13:00:00,20189.550000000003,19925.8,21396.9,21291.1,21633.9,0
2022-09-10 14:00:00,20379.575,19981.3,21342.1,21291.1,21669.2,0
2022-09-10 15:00:00,20483.25,19981.3,21329.0,21313.05,21621.4,0
2022-09-10 16:00:00,20518.550000000003,19981.3,21277.1,21360.1,21541.7,0
2022-09-10 17:00:00,20587.5,20004.3,21277.1,21391.1,21610.5,0
2022-09-10 18:00:00,20624.625,20082.25,21296.1,21391.1,21628.2,0
2022-09-10 19:00:00,20645.525,20120.8,21374.95,21391.1,21502.7,0
2022-09-10 20:00:00,20673.95,20137.45,21374.95,21391.1,21629.9,0
2022-09-10 21:00:00,20727.175000000003,20141.4,21468.6,21468.6,21820.3,0
2022-09-10 22:00:00,20741.175,20166.5,21468.6,21468.6,21632.0,0
2022-09-10 23:00:00,20758.425,20193.25,21495.75,21468.6,22036.5,1
2022-09-11 00:00:00,20769.4,20209.0,21495.75,21468.6,21759.9,1
2022-09-11 01:00:00,20906.925,20323.0,21548.25,21468.6,21649.2,1
2022-09-11 02:00:00,20929.8,20334.9,21550.55,21468.6,21706.9,0
2022-09-11 03:00:00,20933.0,20334.9,21587.45,21468.6,21775.9,0
2022-09-11 04:00:00,20941.65,20334.9,21587.45,21468.6,21810.1,0
2022-09-11 05:00:00,20950.725,20334.9,21618.05,21468.6,22180.9,0
2022-09-11 06:00:00,20966.0,20334.9,21568.0,21468.6,22222.5,0
2022-09-11 07:00:00,21102.525,20336.9,21558.75,21468.6,22160.3,1
2022-09-11 08:00:00,21206.199999999997,20336.9,21531.0,21468.6,22148.0,1
2022-09-11 09:00:00,21241.5,20336.9,21531.0,21468.6,22301.0,1
2022-09-11 10:00:00,21268.4,20336.9,21531.0,21468.6,22346.3,1
2022-09-11 11:00:00,21287.375,20336.9,21531.0,21468.6,22383.6,1
2022-09-11 12:00:00,21289.275,20336.9,21531.0,21468.6,22304.6,1
2022-09-11 13:00:00,21322.5,20336.9,21531.0,21468.6,22106.0,1
2022-09-11 14:00:00,21342.325,20336.9,21531.0,21468.6,22209.9,0
2022-09-11 15:00:00,21344.0,20336.9,21592.75,21468.6,22348.5,1
2022-09-11 16:00:00,21316.6,20336.9,21605.8,21495.75,22390.3,1
2022-09-11 17:00:00,21321.025,20336.9,21666.75,21524.95,22415.0,0
2022-09-11 18:00:00,21318.6,20336.9,21666.75,21577.45,22395.8,0
2022-09-11 19:00:00,21334.1,20375.0,21666.75,21579.75,22330.7,0
2022-09-11 20:00:00,21343.6,20375.0,21660.95,21609.7,22312.3,0
2022-09-11 21:00:00,21383.025,20375.0,21660.95,21609.7,22386.0,0
2022-09-11 22:00:00,21383.025,20389.9,21660.95,21609.7,22205.3,0
2022-09-11 23:00:00,21468.6,20492.7,21660.95,21609.7,22230.3,1
2022-09-12 00:00:00,21468.6,20500.75,21660.95,21609.7,22248.0,0
2022-09-12 01:00:00,21482.175,20535.25,21913.25,21862.0,22225.7,1
2022-09-12 02:00:00,21482.175,20535.25,21913.25,21862.0,22277.7,0
2022-09-12 03:00:00,21508.425,20535.25,21913.25,21862.0,22378.2,0
2022-09-12 04:00:00,21509.574999999997,20547.6,21913.25,21862.0,22309.0,0
2022-09-12 05:00:00,21528.025,20554.0,21919.0,21862.0,22267.8,0
2022-09-12 06:00:00,21528.025,20571.3,21945.35,21862.0,22224.3,0
2022-09-12 07:00:00,21543.324999999997,20573.55,21964.0,21862.0,22377.7,1
2022-09-12 08:00:00,21518.3,20601.7,21964.0,21906.0,22521.5,1
2022-09-12 09:00:00,21513.675,20870.75,21964.0,21913.25,22516.3,1
2022-09-12 10:00:00,21499.8,21078.1,21930.5,21913.25,21397.2,1
2022-09-12 11:00:00,21499.8,21148.7,21995.0,21944.25,21188.3,1
2022-09-12 12:00:00,21499.8,21202.5,22033.55,21944.25,21001.4,1
2022-09-12 13:00:00,21499.8,21221.75,22055.7,21944.25,20823.9,1
2022-09-12 14:00:00,21499.8,21225.55,22081.0,21954.75,20758.7,1
2022-09-12 15:00:00,21499.8,21267.5,22131.7,21954.75,20754.2,0
2022-09-12 16:00:00,21499.8,21348.65,22216.05,21954.75,20240.2,0
2022-09-12 17:00:00,21530.675,21368.6,22216.05,21954.75,20272.0,1
2022-09-12 18:00:00,21550.775,21368.6,22216.05,21954.75,20228.0,1
2022-09-12 19:00:00,21595.85,21419.75,22237.45,21954.75,20119.0,1
2022-09-12 20:00:00,21622.1,21466.800000000003,22238.95,21956.25,20213.6,1
2022-09-12 21:00:00,21623.25,21497.800000000003,22238.95,21956.25,20162.5,1
2022-09-12 22:00:00,21635.325,21497.800000000003,22238.95,21962.0,20190.4,1
2022-09-12 23:00:00,21635.325,21497.800000000003,22238.95,21988.35,20290.6,1
2022-09-13 00:00:00,21635.325,21497.800000000003,22242.0,22007.0,20434.0,0
2022-09-13 01:00:00,21635.325,21497.800000000003,22288.25,22007.0,20313.2,0
2022-09-13 02:00:00,21635.325,21497.800000000003,22261.2,22007.0,20379.7,0
2022-09-13 03:00:00,21887.625,21750.1,22261.2,22007.0,20305.8,0
2022-09-13 04:00:00,21887.625,21750.1,22261.2,22007.0,20231.9,1
2022-09-13 05:00:00,21887.625,21750.1,22244.2,22045.55,20235.3,1
2022-09-13 06:00:00,21887.625,21750.1,22354.15,22160.65,20373.2,0
2022-09-13 07:00:00,21890.5,21750.1,22354.15,22175.45,20339.9,0
2022-09-13 08:00:00,21903.675,21750.1,22354.15,22226.15,20331.1,0
2022-09-13 09:00:00,21913.0,21750.1,22354.15,22310.5,20219.8,1
2022-09-13 10:00:00,21935.0,21750.1,22354.15,22310.5,20300.3,1
2022-09-13 11:00:00,21938.625,21750.1,22428.4,22333.55,20297.2,1
2022-09-13 12:00:00,21921.875,21750.1,22100.0,22100.0,20281.6,0
2022-09-13 13:00:00,21969.625,21781.1,22006.5,22006.5,20165.6,0
2022-09-13 14:00:00,21988.9,21781.1,21852.5,21852.5,20134.2,0
2022-09-13 15:00:00,21999.975,21781.1,21789.5,21789.5,20094.6,0
2022-09-13 16:00:00,22017.875,21791.6,21755.0,21755.0,19766.1,0
2022-09-13 17:00:00,22043.225,21791.6,21755.0,21755.0,19935.1,0
2022-09-13 18:00:00,22085.4,21791.6,21532.5,21532.5,19934.1,0
2022-09-13 19:00:00,22085.4,21791.6,21440.25,21440.25,20191.4,0
2022-09-13 20:00:00,22085.4,21818.75,21440.25,21440.25,20286.6,0
2022-09-13 21:00:00,22096.1,21818.75,20680.0,21345.0,20217.0,-1
2022-09-13 22:00:00,22097.6,21872.75,20549.5,21345.0,20149.2,-1
2022-09-13 23:00:00,22097.6,21875.05,20453.8,21345.0,20184.8,-1
2022-09-14 00:00:00,22100.475,21905.0,20380.3,21345.0,20090.0,-1
2022-09-14 01:00:00,22113.65,21905.0,20380.3,21345.0,20015.9,-1
2022-09-14 02:00:00,22124.5,21905.0,20309.3,21345.0,20016.1,0
2022-09-14 03:00:00,22147.625,21905.0,20184.25,21345.0,20138.5,0
2022-09-14 04:00:00,22134.1,21905.0,20184.25,21345.0,20094.6,0
2022-09-14 05:00:00,22134.1,21905.0,20184.25,21345.0,20195.2,0
2022-09-14 06:00:00,22134.1,21905.0,20279.8,21345.0,20141.0,-1
2022-09-14 07:00:00,22144.875,21905.0,20279.8,21345.0,20120.0,-1
2022-09-14 08:00:00,22257.4,21997.95,20279.8,21345.0,20141.0,0
2022-09-14 09:00:00,22264.800000000003,21997.95,20326.55,21345.0,20140.9,0
2022-09-14 10:00:00,22290.15,21997.95,20326.55,21345.0,20116.0,0
2022-09-14 11:00:00,22332.325,21997.95,20251.25,21345.0,20109.9,-1
2022-09-14 12:00:00,22332.325,22041.95,20231.55,21345.0,19697.9,0
2022-09-14 13:00:00,22380.975,22072.25,20231.55,21345.0,19728.8,0
2022-09-14 14:00:00,22100.0,22100.0,20231.55,20680.0,19856.4,0
2022-09-14 15:00:00,22006.5,22006.5,20231.55,20549.5,19820.3,-1
2022-09-14 16:00:00,21852.5,21852.5,20231.55,20453.8,19751.7,-1
2022-09-14 17:00:00,21789.5,21789.5,20221.5,20380.3,19774.9,-1
2022-09-14 18:00:00,21755.0,21755.0,19990.15,20260.3,19843.7,-1
2022-09-14 19:00:00,21755.0,21755.0,19990.15,20189.3,19818.2,-1
2022-09-14 20:00:00,21532.5,21532.5,19990.15,20064.25,19721.0,-1
2022-09-14 21:00:00,21440.25,21440.25,19990.15,20064.25,19690.8,0
2022-09-14 22:00:00,21440.25,21440.25,19992.2,20064.25,19778.0,0
2022-09-14 23:00:00,21012.5,21345.0,19992.2,20064.25,19721.4,0
2022-09-15 00:00:00,20947.25,21345.0,19992.2,20064.25,19742.6,0
2022-09-15 01:00:00,20899.4,21345.0,19992.2,20064.25,19738.4,0
2022-09-15 02:00:00,20862.65,21345.0,19992.2,20064.25,19811.8,0
2022-09-15 03:00:00,20862.65,21345.0,20043.7,20064.25,19745.7,-1
2022-09-15 04:00:00,20827.15,21345.0,20114.15,20026.25,19755.2,0
2022-09-15 05:00:00,20764.625,21345.0,20114.15,20006.55,19730.5,0
2022-09-15 06:00:00,20764.625,21345.0,20143.95,20006.55,19679.1,0
2022-09-15 07:00:00,20764.625,21345.0,20109.25,20006.55,19746.2,0
2022-09-15 08:00:00,20812.4,21345.0,20109.25,20006.55,19786.2,0
2022-09-15 09:00:00,20812.4,21345.0,20109.25,20006.55,19856.0,0
2022-09-15 10:00:00,20812.4,21345.0,20109.25,19996.5,19682.0,0
2022-09-15 11:00:00,20835.775,21345.0,20109.25,19992.2,19519.3,0
2022-09-15 12:00:00,20835.775,21345.0,20131.2,19992.2,19653.3,0
2022-09-15 13:00:00,20798.125,21345.0,20142.5,19992.2,19653.3,0
2022-09-15 14:00:00,20788.275,21345.0,19975.0,19992.2,19526.4,-1
2022-09-15 15:00:00,20788.275,21345.0,19884.0,19918.7,19435.3,-1
2022-09-15 16:00:00,20455.775,21345.0,19833.15,19918.7,19549.5,0
2022-09-15 17:00:00,20390.525,21345.0,19826.5,19918.7,19605.9,-1
2022-09-15 18:00:00,20342.675,21345.0,19826.5,19918.7,19746.6,-1
2022-09-15 19:00:00,20300.9,21345.0,19826.5,19918.7,19736.5,-1
2022-09-15 20:00:00,20125.225,21225.0,19820.85,19918.7,19719.1,0
2022-09-15 21:00:00,20089.725,21225.0,19814.0,19918.7,19792.5,0
2022-09-15 22:00:00,20027.2,21225.0,19814.0,19918.7,19937.7,-1
2022-09-15 23:00:00,20027.2,21225.0,19694.65,19918.7,19990.6,-1
2022-09-16 00:00:00,20028.225,21225.0,19748.9,19884.0,19898.0,0
2022-09-16 01:00:00,20028.225,21225.0,19748.9,19884.0,19875.0,-1
2022-09-16 02:00:00,20028.225,21225.0,19721.15,19884.0,19927.1,0
2022-09-16 03:00:00,20028.225,21225.0,19721.15,19884.0,19849.9,0
2022-09-16 04:00:00,20028.225,21225.0,19721.15,19884.0,19829.4,0
2022-09-16 05:00:00,20053.975,21225.0,19721.15,19884.0,19834.0,0
2022-09-16 06:00:00,20070.2,21225.0,19705.55,19884.0,19869.0,0
2022-09-16 07:00:00,20060.35,21225.0,19711.35,19884.0,19867.5,0
2022-09-16 08:00:00,20075.25,21225.0,19711.35,19884.0,19855.1,-1
2022-09-16 09:00:00,20057.9,21225.0,19726.3,19833.15,19800.8,0
2022-09-16 10:00:00,20057.9,21225.0,19726.3,19826.5,19849.6,0
2022-09-16 11:00:00,20057.9,21225.0,19740.5,19826.5,19889.7,0
2022-09-16 12:00:00,20052.875,21225.0,19740.5,19826.5,19912.8,-1
2022-09-16 13:00:00,20050.725,21225.0,19631.6,19786.95,19951.6,-1
2022-09-16 14:00:00,20061.7,21225.0,19631.6,19780.1,20118.8,0
2022-09-16 15:00:00,20067.35,21225.0,19631.6,19780.1,20070.8,0
2022-09-16 16:00:00,19983.6,21225.0,19631.6,19660.75,20060.0,-1
2022-09-16 17:00:00,19901.35,21151.5,19589.0,19618.15,20001.2,-1
2022-09-16 18:00:00,19875.925000000003,20486.5,19589.0,19618.15,20068.8,-1
2022-09-16 19:00:00,19872.6,20356.0,19589.0,19590.4,20026.1,0
2022-09-16 20:00:00,19872.6,20260.3,19581.55,19590.4,20116.4,0
2022-09-16 21:00:00,19872.6,20186.8,19559.75,19590.4,20102.0,0
2022-09-16 22:00:00,19869.775,20186.8,19559.75,19590.4,19974.0,0
2022-09-16 23:00:00,19866.35,20115.8,19559.75,19589.0,19988.2,0
2022-09-17 00:00:00,19866.35,19990.75,19684.4,19684.4,20026.5,0
2022-09-17 01:00:00,19806.675000000003,19990.75,19684.4,19684.4,19990.9,0
2022-09-17 02:00:00,19816.45,19990.75,19717.85,19684.4,20004.0,0
2022-09-17 03:00:00,19816.45,19990.75,19806.15,19684.4,20059.6,0
2022-09-17 04:00:00,19802.575,19990.75,19835.8,19684.4,20031.1,0
2022-09-17 05:00:00,19802.575,19990.75,19875.9,19684.4,20041.2,0
2022-09-17 06:00:00,19802.575,19990.75,19875.9,19684.4,20042.6,0
2022-09-17 07:00:00,19802.575,19990.75,19875.9,19684.4,19824.5,0
2022-09-17 08:00:00,19794.775,19952.75,19913.199999999997,19684.4,19909.5,0
2022-09-17 09:00:00,19797.675,19933.05,19911.8,19684.4,19915.2,0
2022-09-17 10:00:00,19797.675,19933.05,19887.5,19684.4,19976.6,0
2022-09-17 11:00:00,19779.725,19933.05,19880.0,19684.4,19955.7,0
2022-09-17 12:00:00,19776.4,19933.05,19862.2,19684.4,19800.1,0
2022-09-17 13:00:00,19783.5,19933.05,19833.300000000003,19684.4,19804.5,0
2022-09-17 14:00:00,19783.5,19923.0,19841.95,19684.4,19739.8,0
2022-09-17 15:00:00,19709.275,19884.800000000003,19879.2,19684.4,19626.4,0
2022-09-17 16:00:00,19705.85,19884.800000000003,19961.0,19741.3,19630.0,0
2022-09-17 17:00:00,19705.85,19884.800000000003,19961.0,19741.3,19715.6,0
2022-09-17 18:00:00,19646.175,19884.800000000003,19961.0,19741.3,19714.0,0
2022-09-17 19:00:00,19603.575,19842.2,19961.0,19774.75,19451.4,0
2022-09-17 20:00:00,19603.575,19842.2,19961.0,19863.05,19435.4,1
2022-09-17 21:00:00,19589.7,19842.2,20009.3,19892.699999999997,19404.5,1
2022-09-17 22:00:00,19585.975,19842.2,20022.0,19932.8,19449.0,1
2022-09-17 23:00:00,19575.075,19842.2,20025.25,19932.8,19437.8,1
2022-09-18 00:00:00,19575.075,19842.2,20054.3,19932.8,18754.9,0
2022-09-18 01:00:00,19574.375,19842.2,20048.95,19961.0,18766.2,0
2022-09-18 02:00:00,19684.4,19842.2,20033.5,19961.0,18804.5,0
2022-09-18 03:00:00,19684.4,19842.2,20033.5,19961.0,18448.4,0
2022-09-18 04:00:00,19701.125,19807.5,20033.5,19961.0,18464.4,0
2022-09-18 05:00:00,19745.275,19807.5,20033.5,19961.0,18459.6,1
2022-09-18 06:00:00,19760.1,19807.5,20037.7,19961.0,18406.4,0
2022-09-18 07:00:00,19780.15,19807.5,20037.7,19961.0,18449.9,1
2022-09-18 08:00:00,19780.15,19807.5,20021.85,19961.0,18766.0,1
2022-09-18 09:00:00,19780.15,19807.5,19949.45,19961.0,18672.6,0
2022-09-18 10:00:00,19798.8,19807.5,19922.0,19961.0,18806.6,0
2022-09-18 11:00:00,19798.1,19807.5,19922.0,19961.0,19095.9,0
2022-09-18 12:00:00,19785.95,19807.5,19922.0,19961.0,19295.4,0
2022-09-18 13:00:00,19782.2,19756.65,19922.0,19961.0,19071.1,0
2022-09-18 14:00:00,19773.300000000003,19750.0,19900.45,19944.8,19198.6,0
2022-09-18 15:00:00,19758.850000000002,19750.0,19900.45,19944.8,18956.4,0
2022-09-18 16:00:00,19763.175000000003,19750.0,19857.550000000003,19901.9,19147.9,0
2022-09-18 17:00:00,19781.800000000003,19744.35,19833.1,19891.8,19504.7,0
2022-09-18 18:00:00,19851.15,19741.3,19797.9,19862.300000000003,19509.9,0
2022-09-18 19:00:00,19851.15,19741.3,19787.85,19846.85,19509.9,0
2022-09-18 20:00:00,19851.15,19741.3,19787.85,19846.85,19594.6,0
2022-09-18 21:00:00,19867.875,19741.3,19698.1,19763.5,19528.6,0
2022-09-18 22:00:00,19912.025,19741.3,19640.75,19731.4,19509.9,-1
2022-09-18 23:00:00,19951.0,19741.3,19597.85,19731.4,19455.6,-1
2022-09-19 00:00:00,19977.4,19741.3,19597.85,19731.4,19461.1,-1
2022-09-19 01:00:00,19979.025,19741.3,19542.449999999997,19715.55,19353.7,-1
2022-09-19 02:00:00,19993.55,19741.3,19198.75,19374.45,19325.0,-1
2022-09-19 03:00:00,20004.975,19741.3,19198.75,19374.45,19361.7,-1
2022-09-19 04:00:00,19997.25,19741.3,19198.75,19374.45,19373.0,-1
2022-09-19 05:00:00,19997.25,19741.3,18997.8,19187.75,19349.9,-1
2022-09-19 06:00:00,19997.25,19741.3,18865.55,19154.45,19295.0,-1
2022-09-19 07:00:00,19997.25,19741.3,18865.55,19154.45,19222.5,-1
2022-09-19 08:00:00,19999.35,19741.3,18861.0,19154.45,19301.7,-1
2022-09-19 09:00:00,19999.35,19741.3,18852.2,19154.45,19209.6,-1
2022-09-19 10:00:00,19991.425,19741.3,18841.0,19140.1,19117.2,-1
2022-09-19 11:00:00,19955.225,19741.3,18539.45,19127.05,18911.8,0
2022-09-19 12:00:00,19941.5,19741.3,18539.45,19117.0,19061.3,0
2022-09-19 13:00:00,19941.5,19741.3,18694.9,19117.0,19225.6,0
2022-09-19 14:00:00,19941.5,19741.3,18819.7,19110.6,19090.2,0
2022-09-19 15:00:00,19941.5,19741.3,18892.2,19085.35,18756.8,0
2022-09-19 16:00:00,19922.625,19741.3,18892.2,19042.45,18962.5,0
2022-09-19 17:00:00,19922.625,19741.3,18892.2,19042.45,18985.2,0
2022-09-19 18:00:00,19879.725000000002,19741.3,18926.25,18987.05,18962.9,0
2022-09-19 19:00:00,19862.449999999997,19741.3,19090.199999999997,18978.75,18870.2,0
2022-09-19 20:00:00,19830.100000000002,19741.3,19157.5,18978.75,18953.2,0
2022-09-19 21:00:00,19817.35,19741.3,19207.1,18978.75,18866.8,0
2022-09-19 22:00:00,19817.35,19741.3,19277.25,18964.5,18925.0,0
2022-09-19 23:00:00,19730.8,19774.75,19277.25,18950.65,18879.6,0
2022-09-20 00:00:00,19686.075,19754.199999999997,19277.25,18950.65,19003.4,0
2022-09-20 01:00:00,19664.625,19754.199999999997,19277.25,18950.65,19011.8,0
2022-09-20 02:00:00,19664.625,19754.199999999997,19277.25,18950.65,18994.0,0
2022-09-20 03:00:00,19629.0,19754.199999999997,19414.85,18950.65,18914.8,0
2022-09-20 04:00:00,19286.6,19418.8,19417.35,18950.65,18866.0,0
2022-09-20 05:00:00,19286.6,19418.8,19417.35,18950.65,18938.8,0
2022-09-20 06:00:00,19286.6,19418.8,19409.0,18950.65,18865.7,0
2022-09-20 07:00:00,19092.775,19232.1,19387.0,18950.65,18988.8,0
2022-09-20 08:00:00,19010.0,19198.8,19386.7,19023.15,19094.9,0
2022-09-20 09:00:00,19010.0,19198.8,19364.85,19023.15,19155.6,0
2022-09-20 10:00:00,19007.725,19198.8,19364.85,19023.15,19234.5,0
2022-09-20 11:00:00,19003.325,19198.8,19364.85,19057.199999999997,19263.6,0
2022-09-20 12:00:00,18990.55,19198.8,19313.25,19147.3,19245.5,0
2022-09-20 13:00:00,18833.25,19198.8,19170.6,19175.65,19182.5,0
2022-09-20 14:00:00,18828.225,19198.8,19170.6,19207.1,19227.0,0
2022-09-20 15:00:00,18905.95,19198.8,19170.6,19223.0,19846.4,0
2022-09-20 16:00:00,18965.15,19198.8,19088.65,19223.0,19627.5,0
2022-09-20 17:00:00,18988.775,19198.8,19013.05,19188.199999999997,18990.3,0
2022-09-20 18:00:00,18967.325,19198.8,19013.05,19188.199999999997,18916.3,0
2022-09-20 19:00:00,18967.325,19198.8,19013.05,19188.199999999997,18455.4,0
2022-09-20 20:00:00,18956.65,19198.8,19003.4,19188.199999999997,18472.6,0
2022-09-20 21:00:00,19034.475,19198.8,19003.4,19188.199999999997,18447.5,0
2022-09-20 22:00:00,19068.125,19191.45,19003.4,19188.199999999997,18377.5,0
2022-09-20 23:00:00,19092.925,19176.0,19003.4,19179.85,18501.2,0
2022-09-21 00:00:00,19120.875,19176.0,19003.4,19157.85,18733.8,0
2022-09-21 01:00:00,19113.95,19176.0,18896.25,19157.55,18677.6,0
2022-09-21 02:00:00,19113.95,19176.0,18919.35,19135.8,18694.8,0
2022-09-21 03:00:00,19113.95,19176.0,18935.25,19135.8,18659.5,0
2022-09-21 04:00:00,19113.95,19176.0,18932.55,19135.8,18759.2,0
2022-09-21 05:00:00,19182.75,19160.15,18950.3,19135.8,18923.8,-1
2022-09-21 06:00:00,19184.0,19154.45,18950.3,19135.8,19195.0,-1
2022-09-21 07:00:00,19184.0,19154.45,18950.3,19135.8,19171.5,-1
2022-09-21 08:00:00,19179.825,19154.45,18953.6,19135.8,19140.1,-1
2022-09-21 09:00:00,19168.825,19154.45,18953.6,19053.85,19220.1,0
2022-09-21 10:00:00,19204.925000000003,19154.45,18965.800000000003,19013.05,19191.9,0
2022-09-21 11:00:00,19194.0,19154.45,18991.1,19013.05,18893.2,0
2022-09-21 12:00:00,19194.0,19154.45,19030.25,19013.05,18869.3,0
2022-09-21 13:00:00,19211.024999999998,19154.45,19058.6,19011.55,18975.5,0
2022-09-21 14:00:00,19230.275,19140.1,19130.2,19083.15,19030.2,0
2022-09-21 15:00:00,19173.125,19127.05,19133.1,19083.15,19061.4,0
2022-09-21 16:00:00,19188.85,19117.0,19143.800000000003,19083.15,19185.6,0
2022-09-21 17:00:00,19196.8,19117.0,19416.0,19345.05,19304.2,1
2022-09-21 18:00:00,19155.825,19110.6,19248.55,19248.55,19241.0,0
2022-09-21 19:00:00,19100.625,19085.35,19248.55,19248.55,19165.0,0
2022-09-21 20:00:00,19100.625,19042.45,19248.55,19248.55,19387.0,0
2022-09-21 21:00:00,19100.625,19042.45,19232.0,19232.0,19392.5,0
2022-09-21 22:00:00,19095.8,18987.05,19119.199999999997,19119.199999999997,19300.1,0
2022-09-21 23:00:00,19095.8,18978.75,19119.199999999997,19119.199999999997,19347.1,0
2022-09-22 00:00:00,19095.8,18978.75,19119.199999999997,19119.199999999997,19286.0,0
2022-09-22 01:00:00,19091.625,18978.75,19119.199999999997,19119.199999999997,19384.0,0
2022-09-22 02:00:00,19080.625,18964.5,19119.199999999997,19119.199999999997,19402.4,0
2022-09-22 03:00:00,19026.9,18950.65,18885.5,19119.199999999997,19347.5,0
2022-09-22 04:00:00,19027.574999999997,18950.65,18574.1,19119.199999999997,19323.5,0
2022-09-22 05:00:00,19035.525,18950.65,18500.25,19119.199999999997,19216.4,0
2022-09-22 06:00:00,19034.175,18950.65,18476.4,19119.199999999997,19061.7,0
2022-09-22 07:00:00,19043.05,18950.65,18653.65,19119.199999999997,19075.0,0
2022-09-22 08:00:00,19043.05,18950.65,18812.2,19119.199999999997,18954.0,0
2022-09-22 09:00:00,19043.05,18950.65,18813.6,19119.199999999997,18854.5,0
2022-09-22 10:00:00,19044.699999999997,18950.65,18873.25,19119.199999999997,18888.3,0
2022-09-22 11:00:00,19003.725,18950.65,18944.65,19119.199999999997,18627.3,0
2022-09-22 12:00:00,18989.425000000003,19023.15,18960.05,19119.199999999997,18665.0,0
2022-09-22 13:00:00,19002.074999999997,19023.15,18960.05,19119.199999999997,18704.4,0
2022-09-22 14:00:00,19021.65,19023.15,18981.6,19119.199999999997,18757.7,0
2022-09-22 15:00:00,19035.074999999997,19057.199999999997,19014.65,19119.199999999997,18764.1,0
2022-09-22 16:00:00,19106.675000000003,19147.3,19038.8,19119.199999999997,18626.2,0
2022-09-22 17:00:00,19108.125,19175.65,19038.8,19119.199999999997,18798.7,0
2022-09-22 18:00:00,19113.475000000002,19188.199999999997,19038.8,19119.199999999997,18841.1,0
2022-09-22 19:00:00,19380.525,19345.05,19125.35,19119.199999999997,18999.9,0
2022-09-22 20:00:00,19248.55,19248.55,19125.35,18885.5,19325.4,0
2022-09-22 21:00:00,19248.55,19248.55,19125.35,18783.699999999997,19280.7,0
2022-09-22 22:00:00,19248.55,19248.55,19125.35,18783.699999999997,19138.3,0
2022-09-22 23:00:00,19232.0,19232.0,19136.199999999997,18794.55,19110.1,0
2022-09-23 00:00:00,19119.199999999997,19119.199999999997,19136.199999999997,18925.0,19118.0,0
2022-09-23 01:00:00,19119.199999999997,19119.199999999997,19219.4,18925.0,19113.3,0
2022-09-23 02:00:00,19119.199999999997,19119.199999999997,19232.699999999997,18926.4,19154.9,0
2022-09-23 03:00:00,19119.199999999997,19119.199999999997,19327.4,18986.05,19126.5,0
2022-09-23 04:00:00,19119.199999999997,19119.199999999997,19327.4,19057.449999999997,19068.5,0
2022-09-23 05:00:00,19002.35,19119.199999999997,19327.4,19057.449999999997,18985.6,0
2022-09-23 06:00:00,18846.649999999998,19119.199999999997,19334.05,19057.449999999997,19072.3,0
2022-09-23 07:00:00,18809.725,19119.199999999997,19347.949999999997,19079.0,19014.7,0
2022-09-23 08:00:00,18797.8,19119.199999999997,19257.5,19112.05,19030.0,0
2022-09-23 09:00:00,18886.425,19119.199999999997,19223.1,19136.199999999997,19044.7,0
2022-09-23 10:00:00,18965.699999999997,19119.199999999997,19203.2,19136.199999999997,19146.1,0
2022-09-23 11:00:00,18966.399999999998,19119.199999999997,19160.0,19136.199999999997,19108.7,0
2022-09-23 12:00:00,18996.225,19119.199999999997,19154.75,19136.199999999997,19076.4,0
2022-09-23 13:00:00,19031.925,19119.199999999997,19033.35,19058.6,19115.2,0
2022-09-23 14:00:00,19039.625,19119.199999999997,18962.75,19011.65,19084.0,-1
2022-09-23 15:00:00,19039.625,19119.199999999997,18922.3,19011.65,19076.2,-1
2022-09-23 16:00:00,19050.399999999998,19119.199999999997,18891.95,19011.65,19118.9,-1
2022-09-23 17:00:00,19066.925,19119.199999999997,18826.9,19011.65,19093.0,-1
2022-09-23 18:00:00,19079.0,19119.199999999997,18813.75,19011.65,19134.1,-1
2022-09-23 19:00:00,19079.0,19119.199999999997,18790.85,19011.65,18941.4,0
2022-09-23 20:00:00,19079.0,19119.199999999997,18790.85,19011.65,18875.6,0
2022-09-23 21:00:00,19122.274999999998,19119.199999999997,18790.85,19011.65,18911.0,0
2022-09-23 22:00:00,19005.425,19119.199999999997,18925.75,19011.65,18952.1,0
2022-09-23 23:00:00,18954.524999999998,19119.199999999997,18979.55,19011.65,18968.0,0
2022-09-24 00:00:00,18954.524999999998,19119.199999999997,18979.55,19011.65,18938.5,0
2022-09-24 01:00:00,18965.375,19119.199999999997,19004.95,19005.25,19044.5,0
2022-09-24 02:00:00,19030.6,19119.199999999997,19004.95,19005.25,18999.5,0
2022-09-24 03:00:00,19072.2,19119.199999999997,19004.95,19005.25,18983.0,0
2022-09-24 04:00:00,19079.55,19119.199999999997,19094.6,19005.25,19017.7,0
2022-09-24 05:00:00,19156.725,19119.199999999997,19094.6,19005.25,19089.2,0
2022-09-24 06:00:00,19192.425,19119.199999999997,19192.7,18986.4,19075.0,0
2022-09-24 07:00:00,19192.425,19119.199999999997,19156.2,18962.75,19033.3,0
2022-09-24 08:00:00,19195.75,19119.199999999997,19109.45,18958.25,19062.2,0
2022-09-24 09:00:00,19213.475,19119.199999999997,19063.2,18958.25,19108.0,0
2022-09-24 10:00:00,19184.775,19119.199999999997,19049.7,18958.25,19079.8,0
2022-09-24 11:00:00,19179.649999999998,19119.199999999997,19045.7,18958.25,18925.2,0
2022-09-24 12:00:00,19169.699999999997,19119.199999999997,19054.15,18958.25,18907.0,0
2022-09-24 13:00:00,19148.1,19119.199999999997,19065.7,18958.25,18978.3,0
2022-09-24 14:00:00,19145.475,19119.199999999997,19065.7,18958.25,18964.9,0
2022-09-24 15:00:00,19045.975,19119.199999999997,19065.7,18958.25,18996.2,0
2022-09-24 16:00:00,18987.2,19119.199999999997,19074.4,18979.55,18923.0,0
2022-09-24 17:00:00,18966.975,19119.199999999997,19085.8,18979.55,18906.5,0
2022-09-24 18:00:00,18951.800000000003,19119.199999999997,19092.5,19004.95,18894.3,0
2022-09-24 19:00:00,18919.275,19119.199999999997,19106.6,19004.95,18736.0,0
2022-09-24 20:00:00,18912.7,19119.199999999997,19108.95,19004.95,18778.5,0
2022-09-24 21:00:00,18901.25,19119.199999999997,19020.0,19094.6,18799.7,0
2022-09-24 22:00:00,18901.25,19119.199999999997,18992.9,19094.6,18766.2,0
2022-09-24 23:00:00,18901.25,19119.199999999997,18992.9,19098.0,18871.7,0
2022-09-25 00:00:00,18968.7,18885.5,18992.9,19098.0,18848.0,0
2022-09-25 01:00:00,18995.6,18794.55,18981.5,19051.25,18862.7,0
2022-09-25 02:00:00,18995.6,18794.55,18969.4,19007.5,18800.5,0
2022-09-25 03:00:00,19005.1,18794.55,18969.4,19007.5,18760.2,0
2022-09-25 04:00:00,19005.1,18925.0,18969.4,19007.5,18690.1,0
2022-09-25 05:00:00,19005.1,18925.0,18969.35,19007.5,18902.3,0
2022-09-25 06:00:00,19049.925,18926.4,18928.95,19007.5,19264.6,0
2022-09-25 07:00:00,19049.925,18986.05,18985.95,19007.5,19076.6,0
2022-09-25 08:00:00,19089.550000000003,19011.65,19012.0,19007.5,19084.0,0
2022-09-25 09:00:00,19059.475,19011.65,19015.65,19007.5,18864.7,0
2022-09-25 10:00:00,19033.85,19011.65,19016.45,19007.5,19085.4,0
2022-09-25 11:00:00,19010.725,19011.65,19059.0,19007.5,19180.8,0
2022-09-25 12:00:00,19003.975,19011.65,19062.6,19007.5,19130.1,0
2022-09-25 13:00:00,19001.975,19011.65,19024.9,19007.5,19103.9,0
2022-09-25 14:00:00,19006.2,19011.65,19015.0,19007.5,19074.8,0
2022-09-25 15:00:00,19011.975,19011.65,19015.0,18997.0,19104.2,0
2022-09-25 16:00:00,19011.975,19011.65,19015.0,18997.0,19159.3,0
2022-09-25 17:00:00,19011.975,19011.65,19015.0,18997.0,19191.0,0
2022-09-25 18:00:00,19026.975,19011.65,19015.0,18997.0,19104.1,0
2022-09-25 19:00:00,19032.675,19011.65,19015.0,18997.0,19085.6,0
2022-09-25 20:00:00,19048.725,19011.65,18984.5,18997.0,19131.2,-1
2022-09-25 21:00:00,19055.775,19011.65,18892.95,18933.0,19216.3,-1
2022-09-25 22:00:00,19056.95,19011.65,18868.45,18908.5,19336.0,-1
2022-09-25 23:00:00,19057.3,19011.65,18868.45,18908.5,19758.7,-1
2022-09-26 00:00:00,19043.75,19011.65,18868.45,18908.5,20083.9,-1
2022-09-26 01:00:00,19045.45,19011.65,18824.0,18908.5,20091.9,0
2022-09-26 02:00:00,19045.45,19011.65,18812.95,18908.5,20039.4,0
2022-09-26 03:00:00,19016.375,19011.65,18801.0,18908.5,20199.6,0
2022-09-26 04:00:00,18988.45,19011.65,18782.0,18908.5,20183.9,0
2022-09-26 05:00:00,18988.45,19005.25,18780.35,18908.5,20174.2,-1
2022-09-26 06:00:00,18988.45,19005.25,18780.35,18908.5,20137.5,-1
2022-09-26 07:00:00,18988.425,19005.25,18805.35,18908.5,20173.2,0
2022-09-26 08:00:00,18968.225,19005.25,18975.5,18950.5,20213.6,0
2022-09-26 09:00:00,18996.725,19005.25,18991.25,18966.25,20221.1,0
2022-09-26 10:00:00,19009.75,18986.4,18991.25,18966.25,20260.1,0
2022-09-26 11:00:00,19011.575,18962.75,18991.25,18966.25,20185.2,0
2022-09-26 12:00:00,19011.975,18958.25,18991.25,18966.25,20196.3,0
2022-09-26 13:00:00,19033.25,18958.25,18991.25,18966.25,19885.3,0
2022-09-26 14:00:00,19035.05,18958.25,18991.25,18966.25,19102.1,0
2022-09-26 15:00:00,19016.2,18958.25,18991.25,18966.25,18946.9,0
2022-09-26 16:00:00,19011.25,18958.25,19053.6,18966.25,19130.1,0
2022-09-26 17:00:00,19006.0,18958.25,19053.6,18966.25,19068.7,0
2022-09-26 18:00:00,19006.0,18958.25,19034.4,18966.25,19067.2,0
2022-09-26 19:00:00,19006.0,18958.25,19034.4,18966.25,18984.0,0
2022-09-26 20:00:00,19006.0,18979.55,19040.55,18966.25,19066.6,0
2022-09-26 21:00:00,19006.0,18979.55,19115.85,18966.25,19070.1,0
2022-09-26 22:00:00,18990.75,19004.95,19115.85,18966.25,19085.8,0
2022-09-26 23:00:00,18912.975,19004.95,19106.8,18966.25,18997.9,0
2022-09-27 00:00:00,18888.475,19004.95,19160.8,19017.0,18623.8,1
2022-09-27 01:00:00,18888.475,19009.5,19441.2,19276.7,18736.0,1
2022-09-27 02:00:00,18888.475,19009.5,19578.4,19385.5,18757.5,1
2022-09-27 03:00:00,18866.25,19009.5,19678.949999999997,19483.55,18814.8,1
2022-09-27 04:00:00,18860.725,19009.5,19678.949999999997,19483.55,18685.5,1
2022-09-27 05:00:00,18854.75,18962.75,19678.949999999997,19483.55,18770.6,1
2022-09-27 06:00:00,18845.25,18919.0,19715.1,19519.5,18731.6,1
2022-09-27 07:00:00,18844.425,18919.0,19737.3,19519.5,18643.9,1
2022-09-27 08:00:00,18844.425,18919.0,19775.0,19519.5,18996.2,1
2022-09-27 09:00:00,18856.925,18919.0,19847.85,19581.85,18947.6,1
2022-09-27 10:00:00,18963.0,18950.5,20015.0,19581.85,19063.2,1
2022-09-27 11:00:00,18978.75,18966.25,20159.55,19581.85,19113.6,1
2022-09-27 12:00:00,18978.75,18966.25,20163.05,19585.35,19372.8,1
2022-09-27 13:00:00,18978.75,18966.25,20163.05,19591.5,19477.9,1
2022-09-27 14:00:00,18978.75,18966.25,20224.3,19666.8,19501.0,0
2022-09-27 15:00:00,18978.75,18966.25,20117.7,19666.8,19337.9,0
2022-09-27 16:00:00,18978.75,18966.25,19642.0,19642.0,19547.2,0
2022-09-27 17:00:00,18978.75,18966.25,19612.55,19612.55,19534.7,0
2022-09-27 18:00:00,19009.925,18966.25,19588.25,19588.25,19560.2,0
2022-09-27 19:00:00,19009.925,18966.25,19588.25,19588.25,19606.8,0
2022-09-27 20:00:00,19000.325,18966.25,19588.25,19588.25,19477.5,0
2022-09-27 21:00:00,19000.325,18966.25,19569.15,19588.25,19407.3,0
2022-09-27 22:00:00,19003.4,18966.25,19521.55,19588.25,19430.0,0
2022-09-27 23:00:00,19041.05,18966.25,19521.55,19588.25,19488.7,0
2022-09-28 00:00:00,19041.05,18966.25,19374.8,19588.25,19429.7,0
2022-09-28 01:00:00,19036.525,18966.25,19014.9,19588.25,19497.3,0
2022-09-28 02:00:00,19088.9,18992.0,18844.15,19417.5,19572.2,0
2022-09-28 03:00:00,19358.95,19251.7,18844.15,19417.5,19446.6,0
2022-09-28 04:00:00,19481.95,19360.5,18844.15,19417.5,19375.3,0
2022-09-28 05:00:00,19581.25,19458.55,18844.15,19417.5,19353.1,-1
2022-09-28 06:00:00,19581.25,19458.55,18844.15,19417.5,19337.0,-1
2022-09-28 07:00:00,19581.25,19458.55,18844.15,19417.5,19471.7,-1
2022-09-28 08:00:00,19617.3,19494.5,18844.15,19417.5,19427.8,-1
2022-09-28 09:00:00,19628.4,19494.5,18798.05,19417.5,19454.3,-1
2022-09-28 10:00:00,19647.25,19494.5,18800.0,19417.5,19205.6,0
2022-09-28 11:00:00,19714.85,19494.5,18849.3,19417.5,18981.0,0
2022-09-28 12:00:00,19798.425,19494.5,18849.3,19417.5,19190.1,0
2022-09-28 13:00:00,19870.699999999997,19494.5,18874.3,19417.5,19280.7,0
2022-09-28 14:00:00,19874.199999999997,19498.0,19014.3,19398.4,19441.4,0
2022-09-28 15:00:00,19877.275,19498.0,19027.6,19350.8,19257.4,0
2022-09-28 16:00:00,19945.55,19498.0,19112.8,19350.8,19293.7,0
2022-09-28 17:00:00,19892.25,19498.0,19112.8,19204.05,19399.3,0
2022-09-28 18:00:00,19642.0,19498.0,19116.1,19063.5,19499.4,0
2022-09-28 19:00:00,19612.55,19498.0,19259.55,19063.5,19425.5,0
2022-09-28 20:00:00,19588.25,19498.0,19298.3,19063.5,19447.5,0
2022-09-28 21:00:00,19588.25,19498.0,19398.15,19123.8,19582.5,0
2022-09-28 22:00:00,19588.25,19498.0,19405.6,19123.8,19541.6,0
2022-09-28 23:00:00,19578.7,19498.0,19518.8,19123.8,19500.7,0
2022-09-29 00:00:00,19554.9,19498.0,19518.8,19123.8,19355.0,0
2022-09-29 01:00:00,19554.9,19498.0,19518.8,19123.8,19394.0,0
2022-09-29 02:00:00,19481.525,19498.0,19529.3,19123.8,19424.2,0
2022-09-29 03:00:00,19301.575,19498.0,19529.3,19123.8,19439.9,0
2022-09-29 04:00:00,19130.825,19417.5,19529.3,19173.1,19438.6,0
2022-09-29 05:00:00,19130.825,19417.5,19529.3,19173.1,19560.8,0
2022-09-29 06:00:00,19130.825,19417.5,19464.25,19173.1,19618.0,0
2022-09-29 07:00:00,19130.825,19417.5,19439.7,19173.1,19521.6,0
2022-09-29 08:00:00,19130.825,19417.5,19439.7,19173.1,19479.8,0
2022-09-29 09:00:00,19130.825,19417.5,19439.7,19173.1,19430.3,0
2022-09-29 10:00:00,19130.825,19417.5,19439.7,19173.1,19290.5,0
2022-09-29 11:00:00,19107.775,19417.5,19439.7,19176.4,19465.3,0
2022-09-29 12:00:00,19108.75,19417.5,19357.0,19319.85,19981.4,0
2022-09-29 13:00:00,19133.4,19417.5,19244.9,19347.3,19749.4,0
2022-09-29 14:00:00,19133.4,19417.5,19182.1,19307.4,19704.9,0
2022-09-29 15:00:00,19145.9,19417.5,19182.1,19307.4,19669.0,0
2022-09-29 16:00:00,19206.35,19417.5,19238.0,19307.4,19660.3,0
2022-09-29 17:00:00,19189.199999999997,19417.5,19238.0,19307.4,19467.0,0
2022-09-29 18:00:00,19231.8,19417.5,19238.0,19307.4,19416.2,0
2022-09-29 19:00:00,19158.425,19417.5,19238.0,19307.4,19352.0,0
2022-09-29 20:00:00,19089.8,19417.5,19238.0,19307.4,19378.0,0
2022-09-29 21:00:00,19161.525,19417.5,19238.0,19307.4,19411.7,0
2022-09-29 22:00:00,19180.9,19417.5,19238.0,19307.4,19393.1,0
2022-09-29 23:00:00,19260.975,19417.5,19381.5,19242.35,19413.2,0
2022-09-30 00:00:00,19264.699999999997,19417.5,19406.4,19262.9,19405.1,0
2022-09-30 01:00:00,19321.3,19417.5,19406.4,19262.9,19408.0,0
2022-09-30 02:00:00,19321.3,19417.5,19406.4,19262.9,19398.4,0
2022-09-30 03:00:00,19321.3,19417.5,19494.3,19262.9,19312.8,0
2022-09-30 04:00:00,19326.55,19417.5,19501.8,19262.9,19286.4,0
2022-09-30 05:00:00,19326.55,19417.5,19501.8,19262.9,19305.5,0
2022-09-30 06:00:00,19351.199999999997,19417.5,19501.8,19262.9,19328.4,0
2022-09-30 07:00:00,19351.199999999997,19417.5,19501.8,19262.9,19323.5,0
2022-09-30 08:00:00,19318.675,19417.5,19501.8,19262.9,19320.8,0
2022-09-30 09:00:00,19306.4,19417.5,19469.3,19262.9,19304.2,0
2022-09-30 10:00:00,19306.4,19417.5,19469.3,19262.9,19288.0,0
2022-09-30 11:00:00,19306.4,19417.5,19469.3,19262.9,19323.5,0
2022-09-30 12:00:00,19306.4,19417.5,19349.8,19262.9,19311.3,0
2022-09-30 13:00:00,19308.050000000003,19417.5,19349.8,19262.9,19322.8,0
2022-09-30 14:00:00,19338.425,19417.5,19555.5,19436.1,19285.9,1
2022-09-30 15:00:00,19296.1,19417.5,19619.35,19499.95,19266.8,1
2022-09-30 16:00:00,19244.75,19417.5,19619.35,19619.35,19290.4,0
2022-09-30 17:00:00,19244.75,19417.5,19619.35,19619.35,19257.0,0
2022-09-30 18:00:00,19272.7,19398.4,19619.35,19619.35,19243.2,0
2022-09-30 19:00:00,19272.7,19350.8,19619.35,19619.35,19281.3,0
2022-09-30 20:00:00,19272.7,19350.8,19619.35,19619.35,19313.8,0
2022-09-30 21:00:00,19272.7,19204.05,19702.300000000003,19619.35,19304.0,0
2022-09-30 22:00:00,19272.7,19123.8,19697.800000000003,19619.35,19269.3,0
2022-09-30 23:00:00,19272.7,19123.8,19697.800000000003,19619.35,19299.2,0
2022-10-01 00:00:00,19272.7,19123.8,19544.050000000003,19619.35,19307.3,0
2022-10-01 01:00:00,19311.925,19123.8,19525.35,19619.35,19301.2,0
2022-10-01 02:00:00,19334.65,19123.8,19525.35,19619.35,19326.9,0
2022-10-01 03:00:00,19334.65,19123.8,19491.45,19619.35,19322.9,0
2022-10-01 04:00:00,19334.65,19123.8,19377.15,19619.35,19271.9,0
2022-10-01 05:00:00,19378.6,19123.8,19348.45,19619.35,19276.5,0
2022-10-01 06:00:00,19382.35,19123.8,19348.45,19619.35,19275.4,0
2022-10-01 07:00:00,19382.35,19123.8,19364.45,19619.35,19253.9,0
2022-10-01 08:00:00,19382.35,19173.1,19364.45,19619.35,19095.1,0
2022-10-01 09:00:00,19382.35,19173.1,19342.95,19619.35,19180.9,0
2022-10-01 10:00:00,19382.35,19173.1,19342.95,19619.35,19151.0,0
2022-10-01 11:00:00,19366.1,19173.1,19285.5,19619.35,19152.0,0
2022-10-01 12:00:00,19366.1,19173.1,19276.3,19619.35,19096.0,0
2022-10-01 13:00:00,19366.1,19173.1,19274.15,19619.35,19137.5,0
2022-10-01 14:00:00,19306.35,19173.1,19268.25,19656.35,19191.4,0
2022-10-01 15:00:00,19306.35,19176.4,19268.25,19656.35,19189.3,0
2022-10-01 16:00:00,19495.8,19436.1,19268.25,19656.35,19209.3,0
2022-10-01 17:00:00,19559.65,19499.95,19268.25,19502.6,19253.6,0
2022-10-01 18:00:00,19619.35,19499.95,19268.25,19483.9,19223.3,0
2022-10-01 19:00:00,19619.35,19499.95,19268.25,19483.9,19189.9,-1
2022-10-01 20:00:00,19619.35,19499.95,19293.45,19450.0,19161.6,-1
2022-10-01 21:00:00,19619.35,19499.95,19293.45,19335.7,19049.4,-1
2022-10-01 22:00:00,19619.35,19499.95,19274.45,19307.0,19084.0,0
2022-10-01 23:00:00,19660.825,19499.95,19274.45,19307.0,19210.9,0
2022-10-02 00:00:00,19658.575,19499.95,19267.7,19307.0,19129.3,0
2022-10-02 01:00:00,19658.575,19499.95,19261.2,19307.0,19159.4,0
2022-10-02 02:00:00,19581.7,19499.95,19264.6,19285.5,19090.0,0
2022-10-02 03:00:00,19572.35,19499.95,19264.6,19285.5,19235.3,0
2022-10-02 04:00:00,19572.35,19499.95,19264.6,19285.5,19187.1,0
2022-10-02 05:00:00,19555.4,19499.95,19307.4,19276.3,19190.0,0
2022-10-02 06:00:00,19498.25,19499.95,19307.4,19274.15,19187.6,0
2022-10-02 07:00:00,19483.9,19499.95,19301.3,19268.25,19170.9,0
2022-10-02 08:00:00,19483.9,19499.95,19301.3,19268.25,19225.5,0
2022-10-02 09:00:00,19491.9,19499.95,19301.3,19268.25,19240.5,0
2022-10-02 10:00:00,19491.9,19499.95,19207.0,19210.75,19245.9,-1
2022-10-02 11:00:00,19481.15,19499.95,19207.0,19210.75,19170.3,-1
2022-10-02 12:00:00,19481.15,19499.95,19207.0,19210.75,19406.6,-1
2022-10-02 13:00:00,19452.425,19499.95,19207.0,19210.75,19329.9,-1
2022-10-02 14:00:00,19447.824999999997,19499.95,19199.7,19210.75,19403.5,-1
2022-10-02 15:00:00,19446.75,19499.95,19163.6,19207.0,19540.0,-1
2022-10-02 16:00:00,19462.3,19499.95,19158.95,19207.0,19605.4,0
2022-10-02 17:00:00,19462.3,19499.95,19152.6,19207.0,19537.7,0
2022-10-02 18:00:00,19462.3,19499.95,19143.3,19207.0,19586.4,0
2022-10-02 19:00:00,19385.425,19499.95,19199.6,19207.0,19546.5,0
2022-10-02 20:00:00,19376.075,19619.35,19199.6,19207.0,19513.3,0
2022-10-02 21:00:00,19376.075,19619.35,19199.6,19207.0,19622.0,-1
2022-10-02 22:00:00,19371.725,19619.35,19199.6,19207.0,19555.1,-1
2022-10-02 23:00:00,19314.575,19619.35,19117.6,19142.5,19500.1,-1
2022-10-03 00:00:00,19290.725,19619.35,19117.6,19142.5,19537.6,-1
2022-10-03 01:00:00,19290.725,19619.35,19117.6,19142.5,19588.1,0
2022-10-03 02:00:00,19287.35,19619.35,19117.6,19142.5,19584.8,0
2022-10-03 03:00:00,19284.1,19619.35,19117.6,19142.5,19601.8,0
2022-10-03 04:00:00,19275.05,19619.35,19094.35,19142.5,19832.0,-1
2022-10-03 05:00:00,19275.05,19619.35,19094.35,19142.5,19957.0,0
2022-10-03 06:00:00,19275.05,19619.35,19102.95,19142.5,19879.7,0
2022-10-03 07:00:00,19291.85,19619.35,19102.95,19135.2,19932.9,0
2022-10-03 08:00:00,19290.775,19619.35,19130.35,19117.6,19955.7,0
2022-10-03 09:00:00,19284.775,19619.35,19182.0,19117.6,19930.0,0
2022-10-03 10:00:00,19284.775,19619.35,19182.0,19117.6,19973.9,0
2022-10-03 11:00:00,19284.775,19619.35,19182.0,19117.6,20089.9,0
2022-10-03 12:00:00,19208.875,19598.85,19182.0,19117.6,20102.9,0
2022-10-03 13:00:00,19208.875,19598.85,19193.55,19117.6,20092.2,0
2022-10-03 14:00:00,19208.875,19598.85,19300.65,19190.5,19988.4,0
2022-10-03 15:00:00,19208.875,19598.85,19303.1,19192.95,20017.5,0
2022-10-03 16:00:00,19205.225,19598.85,19303.1,19192.95,20115.5,0
2022-10-03 17:00:00,19185.3,19598.85,19356.5,19246.35,20213.5,0
2022-10-03 18:00:00,19182.975,19598.85,19385.65,19271.4,20322.7,0
2022-10-03 19:00:00,19179.8,19598.85,19386.8,19271.4,20281.2,0
2022-10-03 20:00:00,19175.15,19598.85,19386.8,19271.4,20293.4,0
2022-10-03 21:00:00,19203.3,19445.1,19386.8,19271.4,20333.0,0
2022-10-03 22:00:00,19203.3,19426.4,19408.6,19271.4,20181.5,0
2022-10-03 23:00:00,19203.3,19426.4,19511.9,19309.85,20209.0,0
2022-10-04 00:00:00,19203.3,19392.5,19511.9,19309.85,20186.4,0
2022-10-04 01:00:00,19130.05,19213.7,19563.550000000003,19337.25,20184.9,0
2022-10-04 02:00:00,19130.05,19185.0,19575.0,19388.9,20117.2,0
2022-10-04 03:00:00,19130.05,19185.0,19575.0,19388.9,20190.7,1
2022-10-04 04:00:00,19130.05,19185.0,19601.9,19388.9,20244.5,0
2022-10-04 05:00:00,19130.05,19185.0,19601.9,19388.9,20218.9,0
2022-10-04 06:00:00,19118.425,19163.5,19675.05,19462.05,20128.9,1
2022-10-04 07:00:00,19118.425,19163.5,19724.8,19542.9,20085.7,1
2022-10-04 08:00:00,19122.725,19163.5,19819.699999999997,19637.8,20119.2,1
2022-10-04 09:00:00,19119.075,19154.3,19819.699999999997,19637.8,20026.1,1
2022-10-04 10:00:00,19123.975,19152.15,19819.699999999997,19637.8,20017.0,1
2022-10-04 11:00:00,19149.8,19146.25,19845.199999999997,19641.9,19915.3,1
2022-10-04 12:00:00,19149.8,19146.25,19852.85,19643.05,19872.5,1
2022-10-04 13:00:00,19149.8,19146.25,19867.75,19643.05,19994.6,1
2022-10-04 14:00:00,19149.8,19146.25,19945.05,19713.4,20227.1,1
2022-10-04 15:00:00,19155.574999999997,19146.25,20052.7,19735.2,20156.1,1
2022-10-04 16:00:00,19245.575,19190.5,20052.7,19800.05,20259.0,0
2022-10-04 17:00:00,19248.025,19192.95,20052.7,19800.05,20112.5,0
2022-10-04 18:00:00,19248.025,19192.95,20080.45,19851.7,19977.5,1
2022-10-04 19:00:00,19301.425,19246.35,20080.45,19863.15,20042.5,1
2022-10-04 20:00:00,19328.525,19271.4,20185.5,19963.15,20182.7,1
2022-10-04 21:00:00,19329.1,19271.4,20185.5,19990.05,20150.0,1
2022-10-04 22:00:00,19329.1,19271.4,20185.5,19990.05,20262.5,1
2022-10-04 23:00:00,19329.1,19271.4,20185.5,19990.05,20363.9,1
2022-10-05 00:00:00,19340.0,19271.4,20185.5,19990.05,20322.8,0
2022-10-05 01:00:00,19410.875,19309.85,20185.5,19990.05,20346.6,1
2022-10-05 02:00:00,19410.875,19309.85,20255.55,19990.05,20346.7,0
2022-10-05 03:00:00,19450.4,19309.85,20268.5,19990.05,20295.1,0
2022-10-05 04:00:00,19481.95,19309.85,20285.55,20015.55,20169.5,0
2022-10-05 05:00:00,19481.95,19309.85,20233.05,20023.2,20214.7,0
2022-10-05 06:00:00,19495.4,19309.85,20225.5,20038.1,20138.7,1
2022-10-05 07:00:00,19495.4,19309.85,20225.5,20045.05,20092.9,0
2022-10-05 08:00:00,19568.55,19383.0,20179.449999999997,20152.7,20125.0,0
2022-10-05 09:00:00,19633.85,19432.75,20146.4,20152.7,20238.0,0
2022-10-05 10:00:00,19728.75,19527.65,20146.4,20152.7,20184.6,0
2022-10-05 11:00:00,19728.75,19527.65,20121.5,20180.45,20104.7,0
2022-10-05 12:00:00,19728.75,19527.65,20121.5,20180.45,20096.2,0
2022-10-05 13:00:00,19743.55,19527.65,20050.0,20155.0,20004.4,0
2022-10-05 14:00:00,19747.949999999997,19527.65,19998.5,20103.5,20042.2,0
2022-10-05 15:00:00,19755.4,19527.65,19992.0,20103.5,20108.3,0
2022-10-05 16:00:00,19829.225,19598.0,20002.85,20103.5,20011.9,0
2022-10-05 17:00:00,19893.95,19598.0,20016.0,20103.5,20005.9,0
2022-10-05 18:00:00,19926.375,19598.0,20016.0,20103.5,20044.4,0
2022-10-05 19:00:00,19926.375,19598.0,20028.5,20103.5,19903.0,0
2022-10-05 20:00:00,19966.075,19598.0,20028.5,20103.5,19893.3,0
2022-10-05 21:00:00,19971.800000000003,19598.0,20028.5,20103.5,19954.0,0
2022-10-05 22:00:00,20074.325,19698.0,20028.5,20051.0,19981.9,0
2022-10-05 23:00:00,20087.775,19698.0,20100.65,20043.45,19985.9,0
2022-10-06 00:00:00,20087.775,19698.0,20166.2,20046.7,20008.9,0
2022-10-06 01:00:00,20087.775,19698.0,20194.449999999997,20065.8,19976.0,0
2022-10-06 02:00:00,20087.775,19698.0,20200.15,20071.5,19934.1,0
2022-10-06 03:00:00,20087.775,19698.0,20200.15,20071.5,19960.7,0
2022-10-06 04:00:00,20122.8,19698.0,20204.1,20075.45,19846.4,0
2022-10-06 05:00:00,20129.275,19725.4,20207.550000000003,20075.45,19916.8,0
2022-10-06 06:00:00,20150.55,19777.05,20226.95,20075.45,19964.3,0
2022-10-06 07:00:00,20128.125,19777.05,20276.95,20075.45,19971.5,0
2022-10-06 08:00:00,20131.8,19777.05,20271.95,20075.45,19988.1,0
2022-10-06 09:00:00,20135.275,19777.05,20260.5,20075.45,19990.3,0
2022-10-06 10:00:00,20166.074999999997,19777.05,20260.5,20075.45,19608.8,0
2022-10-06 11:00:00,20149.550000000003,19808.15,20260.5,20075.45,19594.5,0
2022-10-06 12:00:00,20149.550000000003,19808.15,20260.5,20075.45,19633.9,0
2022-10-06 13:00:00,20150.975,19808.15,20200.3,20075.45,19574.1,0
2022-10-06 14:00:00,20150.975,19808.15,20094.75,20075.45,19399.7,0
2022-10-06 15:00:00,20102.5,19812.25,20094.75,20075.45,19412.0,0
2022-10-06 16:00:00,20051.0,19813.4,20094.75,20147.6,19446.4,0
2022-10-06 17:00:00,20047.75,19813.4,20094.75,20155.7,19453.0,0
2022-10-06 18:00:00,20053.175,19813.4,20094.75,20155.7,19540.0,0
2022-10-06 19:00:00,20059.75,19835.2,20094.75,20155.7,19561.8,0
2022-10-06 20:00:00,20059.75,19900.05,20094.75,20155.7,19542.1,0
2022-10-06 21:00:00,20066.0,19900.05,20080.45,20155.7,19520.9,0
2022-10-06 22:00:00,20066.0,19951.7,20053.699999999997,20143.6,19559.0,0
2022-10-06 23:00:00,20066.0,19963.15,20053.699999999997,20143.6,19584.1,0
2022-10-07 00:00:00,20039.75,19963.15,20053.699999999997,20143.6,19553.0,0
2022-10-07 01:00:00,20072.050000000003,19990.05,20053.699999999997,20143.6,19494.5,0
2022-10-07 02:00:00,20106.45,19990.05,19975.8,20143.6,19437.0,0
2022-10-07 03:00:00,20130.125,19990.05,19956.15,20143.6,19499.8,0
2022-10-07 04:00:00,20135.825,19990.05,19956.15,20143.6,19504.9,0
2022-10-07 05:00:00,20135.825,19990.05,19944.65,20143.6,19489.8,0
2022-10-07 06:00:00,20139.775,19990.05,19923.0,20084.3,19459.3,0
2022-10-07 07:00:00,20141.5,19990.05,19923.0,20061.0,19492.2,0
2022-10-07 08:00:00,20151.2,20015.55,19923.0,20061.0,19494.1,0
2022-10-07 09:00:00,20176.2,20023.2,19923.0,20061.0,19526.3,0
2022-10-07 10:00:00,20173.7,20038.1,19923.0,20061.0,19505.0,0
2022-10-07 11:00:00,20167.975,20045.05,19913.0,20061.0,19470.1,0
2022-10-07 12:00:00,20167.975,20103.5,19760.6,19888.1,19490.2,-1
2022-10-07 13:00:00,20167.975,20103.5,19760.6,19888.1,19480.0,-1
2022-10-07 14:00:00,20167.975,20103.5,19760.6,19873.800000000003,19517.5,-1
2022-10-07 15:00:00,20137.875,20103.5,19760.6,19859.15,19491.7,-1
2022-10-07 16:00:00,20085.1,20103.5,19685.7,19784.25,19466.6,-1
2022-10-07 17:00:00,20085.1,20103.5,19685.7,19784.25,19460.1,-1
2022-10-07 18:00:00,20121.175,20103.5,19685.7,19784.25,19442.8,-1
2022-10-07 19:00:00,20125.225,20103.5,19685.7,19706.35,19309.4,-1
2022-10-07 20:00:00,20125.225,20103.5,19685.7,19686.7,19351.9,-1
2022-10-07 21:00:00,20125.225,20103.5,19500.65,19686.7,19406.2,0
2022-10-07 22:00:00,20125.225,20103.5,19498.65,19685.7,19386.6,0
2022-10-07 23:00:00,20118.075,20103.5,19474.1,19685.7,19394.9,0
2022-10-08 00:00:00,20098.649999999998,20103.5,19470.050000000003,19685.7,19354.0,0
2022-10-08 01:00:00,20098.649999999998,20103.5,19498.4,19685.7,19357.9,0
2022-10-08 02:00:00,20098.649999999998,20075.45,19500.85,19685.7,19379.4,0
2022-10-08 03:00:00,20098.649999999998,20075.45,19519.75,19685.7,19398.8,-1
2022-10-08 04:00:00,20059.699999999997,20075.45,19526.0,19685.7,19417.6,-1
2022-10-08 05:00:00,20049.875,20075.45,19526.0,19685.7,19398.2,-1
2022-10-08 06:00:00,20049.875,20075.45,19517.949999999997,19685.7,19387.8,-1
2022-10-08 07:00:00,20044.125,20075.45,19517.949999999997,19685.7,19406.0,-1
2022-10-08 08:00:00,20003.65,20075.45,19517.949999999997,19685.7,19480.0,-1
2022-10-08 09:00:00,19992.0,20075.45,19503.15,19685.7,19461.0,-1
2022-10-08 10:00:00,19992.0,20075.45,19503.15,19685.7,19490.7,-1
2022-10-08 11:00:00,19992.0,20075.45,19486.449999999997,19685.7,19457.5,0
2022-10-08 12:00:00,19992.0,20075.45,19477.8,19685.7,19491.4,0
2022-10-08 13:00:00,19987.0,20075.45,19485.65,19685.7,19524.5,-1
2022-10-08 14:00:00,19824.35,19949.050000000003,19475.15,19500.65,19496.4,0
2022-10-08 15:00:00,19824.35,19949.050000000003,19475.15,19498.65,19476.9,0
2022-10-08 16:00:00,19817.2,19949.050000000003,19475.15,19474.1,19514.5,0
2022-10-08 17:00:00,19809.875,19949.050000000003,19475.15,19470.050000000003,19459.8,0
2022-10-08 18:00:00,19734.975,19874.15,19475.15,19498.4,19473.9,-1
2022-10-08 19:00:00,19734.975,19874.15,19475.15,19500.85,19471.0,-1
2022-10-08 20:00:00,19734.975,19874.15,19468.35,19519.75,19390.3,-1
2022-10-08 21:00:00,19696.025,19874.15,19361.4,19417.85,19430.0,-1
2022-10-08 22:00:00,19686.2,19874.15,19361.4,19417.85,19484.1,-1
2022-10-08 23:00:00,19593.675000000003,19874.15,19361.4,19409.8,19491.9,0
2022-10-09 00:00:00,19592.175000000003,19874.15,19361.4,19409.8,19462.4,0
2022-10-09 01:00:00,19579.9,19874.15,19360.85,19409.8,19441.2,0
2022-10-09 02:00:00,19577.875,19874.15,19351.9,19395.0,19458.7,0
2022-10-09 03:00:00,19592.050000000003,19874.15,19336.95,19395.0,19403.5,0
2022-10-09 04:00:00,19593.275,19874.15,19336.95,19378.3,19384.3,0
2022-10-09 05:00:00,19602.725,19874.15,19325.4,19369.65,19401.3,0
2022-10-09 06:00:00,19605.85,19874.15,19351.7,19369.65,19228.3,0
2022-10-09 07:00:00,19605.85,19874.15,19377.1,19369.65,19320.6,0
2022-10-09 08:00:00,19601.824999999997,19874.15,19377.1,19369.65,19267.5,0
2022-10-09 09:00:00,19601.824999999997,19874.15,19369.5,19369.65,19323.2,0
2022-10-09 10:00:00,19601.824999999997,19836.5,19428.55,19373.55,19410.0,0
2022-10-09 11:00:00,19594.425000000003,19813.2,19430.0,19375.0,19308.3,0
2022-10-09 12:00:00,19594.425000000003,19813.2,19430.0,19375.0,19252.1,0
2022-10-09 13:00:00,19586.074999999997,19813.2,19457.5,19375.0,19261.7,0
2022-10-09 14:00:00,19581.75,19813.2,19457.5,19375.0,19136.9,0
2022-10-09 15:00:00,19585.675000000003,19813.2,19457.5,19375.0,19317.2,0
2022-10-09 16:00:00,19487.9,19813.2,19457.5,19375.0,19216.6,0
2022-10-09 17:00:00,19486.9,19813.2,19462.55,19375.0,19204.9,0
2022-10-09 18:00:00,19474.625,19798.9,19472.85,19375.0,19237.5,0
2022-10-09 19:00:00,19472.600000000002,19784.25,19441.5,19375.0,19240.0,0
2022-10-09 20:00:00,19486.775,19784.25,19438.0,19375.0,19123.6,0
2022-10-09 21:00:00,19488.0,19784.25,19438.0,19375.0,19124.0,0
2022-10-09 22:00:00,19494.05,19784.25,19438.0,19375.0,19039.6,0
2022-10-09 23:00:00,19389.625,19654.15,19438.0,19404.6,19028.3,0
2022-10-10 00:00:00,19389.625,19634.5,19438.0,19430.0,19052.5,0
2022-10-10 01:00:00,19385.6,19634.5,19431.5,19430.0,19039.7,0
2022-10-10 02:00:00,19385.6,19633.5,19431.5,19430.0,19036.9,0
2022-10-10 03:00:00,19385.324999999997,19633.5,19431.5,19430.0,19024.5,0
2022-10-10 04:00:00,19373.45,19633.5,19436.15,19430.0,19052.0,0
2022-10-10 05:00:00,19365.975,19633.5,19436.15,19430.0,19075.1,0
2022-10-10 06:00:00,19357.625,19633.5,19436.15,19441.5,19100.5,0
2022-10-10 07:00:00,19347.525,19633.5,19436.5,19441.5,19057.4,0
2022-10-10 08:00:00,19360.675000000003,19633.5,19313.35,19331.85,19085.0,-1
2022-10-10 09:00:00,19373.375,19633.5,19313.35,19331.85,19149.9,0
2022-10-10 10:00:00,19373.375,19633.5,19303.75,19331.85,19142.2,-1
2022-10-10 11:00:00,19369.575,19633.5,19293.15,19331.85,18982.5,0
2022-10-10 12:00:00,19401.05,19633.5,19290.5,19331.85,19028.0,0
2022-10-10 13:00:00,19402.5,19633.5,19287.95,19328.35,19137.6,0
2022-10-10 14:00:00,19402.5,19633.5,19273.85,19328.35,19145.9,-1
2022-10-10 15:00:00,19416.25,19633.5,19273.85,19328.35,19122.4,-1
2022-10-10 16:00:00,19416.25,19633.5,19265.0,19321.5,18968.0,-1
2022-10-10 17:00:00,19416.25,19633.5,19265.0,19321.5,18991.3,0
2022-10-10 18:00:00,19416.25,19448.45,19265.0,19315.0,19013.4,-1
2022-10-10 19:00:00,19418.775,19446.45,19265.0,19315.0,19002.1,-1
2022-10-10 20:00:00,19423.925,19421.9,19265.0,19315.0,19033.6,-1
2022-10-10 21:00:00,19408.25,19417.85,19265.0,19306.5,19055.0,-1
2022-10-10 22:00:00,19406.5,19417.85,19195.45,19256.5,19084.0,-1
2022-10-10 23:00:00,19406.5,19417.85,19177.75,19256.5,19057.1,-1
2022-10-11 00:00:00,19406.5,19417.85,19145.6,19224.35,19060.1,-1
2022-10-11 01:00:00,19421.3,19417.85,19145.6,19224.35,19041.5,-1
2022-10-11 02:00:00,19434.0,19417.85,19130.15,19224.35,19089.8,-1
2022-10-11 03:00:00,19430.75,19409.8,19107.800000000003,19214.75,19106.9,-1
2022-10-11 04:00:00,19430.75,19409.8,19107.800000000003,19204.15,19143.4,-1
2022-10-11 05:00:00,19430.75,19409.8,19107.800000000003,19201.5,19103.4,-1
2022-10-11 06:00:00,19433.075,19395.0,19090.6,19198.95,19133.8,-1
2022-10-11 07:00:00,19433.075,19395.0,19063.2,19184.85,19162.3,0
2022-10-11 08:00:00,19438.825,19378.3,19037.85,19184.85,19145.2,0
2022-10-11 09:00:00,19439.0,19375.0,19045.0,19182.85,19107.2,0
2022-10-11 10:00:00,19322.6,19331.85,19045.0,19182.85,19069.0,0
2022-10-11 11:00:00,19322.6,19331.85,19081.15,19182.85,19110.0,0
2022-10-11 12:00:00,19317.8,19331.85,19132.5,19182.85,19084.0,0
2022-10-11 13:00:00,19312.5,19331.85,19105.5,19182.85,19130.5,-1
2022-10-11 14:00:00,19311.175,19331.85,19055.0,19140.0,19090.1,-1
2022-10-11 15:00:00,19308.15,19331.85,19055.0,19120.45,19083.4,0
2022-10-11 16:00:00,19301.1,19331.85,19055.0,19102.75,19108.5,0
2022-10-11 17:00:00,19301.1,19331.85,19055.0,19102.75,19132.3,0
2022-10-11 18:00:00,19293.25,19325.0,19055.0,19102.75,19162.8,-1
2022-10-11 19:00:00,19293.25,19325.0,19055.0,19087.3,19170.5,-1
2022-10-11 20:00:00,19290.0,19325.0,19055.0,19064.95,19144.0,-1
2022-10-11 21:00:00,19290.0,19325.0,19019.0,19064.95,19148.0,-1
2022-10-11 22:00:00,19290.0,19325.0,19019.0,19064.95,19141.5,0
2022-10-11 23:00:00,19285.75,19325.0,19049.15,19055.0,19100.8,0
2022-10-12 00:00:00,19225.975,19275.0,19043.0,19055.0,19079.6,0
2022-10-12 01:00:00,19217.125,19275.0,19031.4,19055.0,19080.7,0
2022-10-12 02:00:00,19184.975,19242.85,19019.05,19055.0,19087.9,0
2022-10-12 03:00:00,19184.975,19242.85,19016.35,19055.0,19083.5,0
2022-10-12 04:00:00,19177.25,19242.85,19052.35,19055.0,19052.5,0
2022-10-12 05:00:00,19161.275,19242.85,19063.85,19055.0,19000.1,0
2022-10-12 06:00:00,19155.975000000002,19242.85,19092.65,19055.0,19002.2,0
2022-10-12 07:00:00,19154.65,19242.85,19096.95,19055.0,18987.6,0
2022-10-12 08:00:00,19144.775,19242.85,19106.85,19055.0,18682.4,0
2022-10-12 09:00:00,19124.025,19242.85,19108.9,19055.0,18744.9,0
2022-10-12 10:00:00,19111.35,19242.85,19108.9,19055.0,18377.9,0
2022-10-12 11:00:00,19113.925,19242.85,19115.45,19055.0,18420.5,0
2022-10-12 12:00:00,19113.925,19242.85,19059.1,19055.0,18404.8,0
2022-10-12 13:00:00,19132.0,19242.85,19059.1,19055.0,18947.7,0
2022-10-12 14:00:00,19157.675,19242.85,19059.1,19021.95,19077.5,0
2022-10-12 15:00:00,19144.175,19242.85,19057.15,19021.95,19148.7,0
2022-10-12 16:00:00,19097.5,19200.0,19057.15,19052.1,19409.0,0
2022-10-12 17:00:00,19087.725,19196.5,19057.15,19052.1,19360.9,0
2022-10-12 18:00:00,19078.875,19196.5,19052.1,19052.1,19373.5,0
2022-10-12 19:00:00,19078.875,19196.5,19052.1,19052.1,19391.4,0
2022-10-12 20:00:00,19078.875,19196.5,19052.1,19052.1,19421.1,0
2022-10-12 21:00:00,19071.15,19196.5,19106.5,19059.1,19365.5,0
2022-10-12 22:00:00,19059.975,19190.0,19135.3,19082.15,19398.3,0
2022-10-12 23:00:00,19041.975,19190.0,19135.3,19082.15,19854.2,0
2022-10-13 00:00:00,19041.975,19190.0,19135.3,19082.15,19818.6,0
2022-10-13 01:00:00,19052.075,19181.5,19135.3,19082.15,19806.3,0
2022-10-13 02:00:00,19049.0,19181.5,19125.0,19082.15,19803.7,0
2022-10-13 03:00:00,19043.2,19181.5,19125.0,19082.15,19796.0,0
2022-10-13 04:00:00,19037.025,19181.5,19125.0,19082.15,19783.6,0
2022-10-13 05:00:00,19035.675,19181.5,19125.0,19082.15,19633.2,0
2022-10-13 06:00:00,19053.675,19181.5,19125.0,19082.15,19609.7,0
2022-10-13 07:00:00,19059.425,19171.9,19055.85,19082.15,19641.0,0
2022-10-13 08:00:00,19073.825,19161.3,19055.85,19082.15,19678.7,0
2022-10-13 09:00:00,19075.975,19158.65,19046.5,19082.15,19588.3,0
2022-10-13 10:00:00,19080.925,19156.1,18829.6,18895.0,19792.0,-1
2022-10-13 11:00:00,19081.95,19142.0,18829.6,18895.0,19657.5,-1
2022-10-13 12:00:00,19081.95,19142.0,18511.4,18578.9,19456.9,-1
2022-10-13 13:00:00,19085.225,19140.0,18511.4,18578.9,19352.9,-1
2022-10-13 14:00:00,19057.05,19140.0,18505.4,18578.9,19297.0,-1
2022-10-13 15:00:00,19057.05,19140.0,18485.15,18578.9,19355.1,0
2022-10-13 16:00:00,19040.525,19140.0,18552.0,18578.9,19206.8,0
2022-10-13 17:00:00,19039.550000000003,19140.0,18574.9,18578.9,19160.0,0
2022-10-13 18:00:00,19054.625,19140.0,18708.199999999997,18708.199999999997,19167.1,0
2022-10-13 19:00:00,19054.625,19120.45,18708.199999999997,18708.199999999997,19098.3,0
2022-10-13 20:00:00,19052.1,19102.75,18708.199999999997,18708.199999999997,19150.2,0
2022-10-13 21:00:00,19052.1,19102.75,18880.55,18708.199999999997,19164.6,0
2022-10-13 22:00:00,19052.1,19102.75,18939.4,18708.199999999997,19191.7,0
2022-10-13 23:00:00,19082.8,19087.3,18946.55,18708.199999999997,19166.0,0
2022-10-14 00:00:00,19108.725,19064.95,19195.699999999997,18708.199999999997,19186.6,0
2022-10-14 01:00:00,19108.725,19064.95,19501.95,18932.85,19190.7,0
2022-10-14 02:00:00,19108.725,19064.95,19540.300000000003,18932.85,19178.3,0
2022-10-14 03:00:00,19108.725,19055.0,19628.7,18932.85,19167.4,0
2022-10-14 04:00:00,19103.575,19055.0,19633.95,18932.85,19159.2,0
2022-10-14 05:00:00,19103.575,19055.0,19633.95,18932.85,19159.0,0
2022-10-14 06:00:00,19103.575,19055.0,19639.0,18932.85,19061.1,0
2022-10-14 07:00:00,19103.575,19055.0,19639.0,18932.85,19099.0,0
2022-10-14 08:00:00,19103.575,19055.0,19639.0,18932.85,19147.1,0
2022-10-14 09:00:00,19069.0,19055.0,19666.45,18932.85,19160.8,0
2022-10-14 10:00:00,19069.0,19055.0,19705.85,18932.85,19157.8,0
2022-10-14 11:00:00,19064.325,19055.0,19697.5,18932.85,19161.0,0
2022-10-14 12:00:00,18862.3,18905.0,19681.75,18932.85,19136.0,1
2022-10-14 13:00:00,18862.3,18905.0,19681.75,18932.85,19119.5,0
2022-10-14 14:00:00,18545.15,18588.9,19593.25,19105.2,19117.7,0
2022-10-14 15:00:00,18545.15,18588.9,19571.75,19164.050000000003,19100.1,0
2022-10-14 16:00:00,18542.15,18588.9,19528.25,19171.2,19108.4,0
2022-10-14 17:00:00,18532.025,18588.9,19528.25,19420.35,19091.9,0
2022-10-14 18:00:00,18565.45,18578.9,19481.75,19501.95,19088.3,0
2022-10-14 19:00:00,18576.9,18578.9,19470.0,19522.2,19062.1,0
2022-10-14 20:00:00,18708.199999999997,18708.199999999997,19470.0,19522.2,19049.7,0
2022-10-14 21:00:00,18708.199999999997,18708.199999999997,19434.0,19503.75,19060.4,0
2022-10-14 22:00:00,18708.199999999997,18708.199999999997,19358.75,19503.75,19130.7,0
2022-10-14 23:00:00,18794.375,18708.199999999997,19283.35,19503.75,19134.7,0
2022-10-15 00:00:00,18823.8,18708.199999999997,19227.3,19503.75,19106.1,0
2022-10-15 01:00:00,18827.375,18708.199999999997,19213.8,19503.75,19111.4,0
2022-10-15 02:00:00,18951.949999999997,18708.199999999997,19207.35,19503.75,19127.0,0
2022-10-15 03:00:00,19217.4,18932.85,19159.8,19475.65,19139.3,0
2022-10-15 04:00:00,19236.575,18932.85,19139.199999999997,19467.3,19123.0,0
2022-10-15 05:00:00,19280.775,18932.85,19139.199999999997,19451.55,19124.2,0
2022-10-15 06:00:00,19283.4,18932.85,19148.199999999997,19451.55,19157.9,0
2022-10-15 07:00:00,19283.4,18932.85,19169.5,19451.55,19130.8,0
2022-10-15 08:00:00,19285.925,18932.85,19123.05,19435.4,19119.1,0
2022-10-15 09:00:00,19285.925,18932.85,19118.65,19435.4,19136.7,0
2022-10-15 10:00:00,19285.925,18932.85,19118.65,19435.4,19123.9,0
2022-10-15 11:00:00,19299.65,18932.85,19118.65,19435.4,19118.4,0
2022-10-15 12:00:00,19319.35,18932.85,19113.449999999997,19435.4,19120.3,0
2022-10-15 13:00:00,19315.175,18932.85,19107.65,19435.4,19148.6,0
2022-10-15 14:00:00,19307.3,18932.85,19107.65,19417.85,19127.9,0
2022-10-15 15:00:00,19307.3,18932.85,19107.65,19342.6,19125.5,0
2022-10-15 16:00:00,19349.225,18932.85,19107.65,19267.199999999997,19123.3,0
2022-10-15 17:00:00,19367.9,18932.85,19121.7,19211.15,19369.9,0
2022-10-15 18:00:00,19349.725,18932.85,19134.35,19197.65,19320.0,0
2022-10-15 19:00:00,19474.3,18932.85,19116.5,19191.199999999997,19138.5,0
2022-10-15 20:00:00,19491.85,18932.85,19116.5,19143.65,19289.8,0
2022-10-15 21:00:00,19496.1,18932.85,19105.25,19123.05,19251.9,0
2022-10-15 22:00:00,19496.1,18932.85,19103.25,19123.05,19220.0,0
2022-10-15 23:00:00,19468.875,18932.85,19060.45,19092.4,19166.9,0
2022-10-16 00:00:00,19431.25,18932.85,19060.45,19092.4,19193.5,0
2022-10-16 01:00:00,19393.55,18932.85,19062.85,19092.4,19178.4,0
2022-10-16 02:00:00,19365.525,18932.85,19062.85,19088.0,19220.2,0
2022-10-16 03:00:00,19358.775,18932.85,19062.85,19088.0,19263.7,0
2022-10-16 04:00:00,19355.55,18932.85,19062.85,19088.0,19229.6,0
2022-10-16 05:00:00,19317.725,18932.85,19062.85,19082.8,19285.0,0
2022-10-16 06:00:00,19303.25,18932.85,19062.85,19077.0,19251.0,0
2022-10-16 07:00:00,19295.375,18932.85,19062.85,19077.0,19327.6,0
2022-10-16 08:00:00,19299.875,18932.85,19123.0,19077.0,19386.4,0
2022-10-16 09:00:00,19310.525,18932.85,19141.0,19077.0,19452.8,0
2022-10-16 10:00:00,19279.225,18932.85,19134.0,19077.0,19509.3,0
2022-10-16 11:00:00,19277.025,18932.85,19134.0,19077.0,19574.6,0
2022-10-16 12:00:00,19277.025,18932.85,19134.0,19077.0,19464.9,0
2022-10-16 13:00:00,19277.025,18932.85,19134.0,19077.0,19524.5,0
2022-10-16 14:00:00,19274.425,18932.85,19134.0,19077.0,19501.9,0
2022-10-16 15:00:00,19271.525,18932.85,19134.0,19077.0,19513.3,0
2022-10-16 16:00:00,19262.75,18932.85,19134.0,19077.0,19508.6,0
2022-10-16 17:00:00,19225.125,18932.85,19124.3,19077.0,19519.3,0
2022-10-16 18:00:00,19187.425,19105.2,19124.3,19077.0,19520.0,0
2022-10-16 19:00:00,19166.425000000003,19164.050000000003,19236.15,19171.4,19509.5,1
2022-10-16 20:00:00,19166.0,19171.2,19255.7,19190.95,19507.3,1
2022-10-16 21:00:00,19153.85,19420.35,19253.95,19190.95,19540.6,0
2022-10-16 22:00:00,19130.075,19487.6,19253.95,19190.95,19587.9,0
2022-10-16 23:00:00,19114.15,19487.6,19253.95,19190.95,19528.0,0
2022-10-17 00:00:00,19113.15,19487.6,19253.95,19190.95,19485.1,0
2022-10-17 01:00:00,19076.425000000003,19456.95,19253.95,19236.95,19539.9,0
2022-10-17 02:00:00,19076.425000000003,19456.95,19253.95,19247.95,19572.4,0
2022-10-17 03:00:00,19077.625,19456.95,19253.95,19247.95,19545.0,0
2022-10-17 04:00:00,19075.425,19456.95,19253.95,19247.95,19634.3,0
2022-10-17 05:00:00,19075.425,19456.95,19223.5,19247.95,19655.8,0
2022-10-17 06:00:00,19075.425,19456.95,19231.6,19247.95,19526.2,0
2022-10-17 07:00:00,19072.824999999997,19428.85,19229.8,19247.95,19521.3,0
2022-10-17 08:00:00,19069.925,19420.5,19229.8,19247.95,19521.9,0
2022-10-17 09:00:00,19069.925,19404.75,19256.65,19247.95,19555.8,0
2022-10-17 10:00:00,19100.0,19404.75,19279.0,19247.95,19620.6,0
2022-10-17 11:00:00,19109.0,19404.75,19344.55,19310.55,19534.9,0
2022-10-17 12:00:00,19105.5,19404.75,19367.3,19335.3,19409.5,0
2022-10-17 13:00:00,19105.5,19404.75,19439.5,19379.0,19364.1,0
2022-10-17 14:00:00,19105.5,19404.75,19439.5,19379.0,19403.9,0
2022-10-17 15:00:00,19105.5,19404.75,19444.55,19379.0,19399.0,0
2022-10-17 16:00:00,19105.5,19404.75,19451.5,19379.0,19211.6,0
2022-10-17 17:00:00,19105.5,19404.75,19454.05,19379.0,19209.6,0
2022-10-17 18:00:00,19105.5,19387.2,19496.05,19379.0,19357.7,0
2022-10-17 19:00:00,19100.65,19311.95,19513.5,19379.0,19286.3,1
2022-10-17 20:00:00,19100.65,19236.55,19540.25,19379.0,19312.2,0
2022-10-17 21:00:00,19203.775,19180.5,19543.8,19379.0,19320.9,0
2022-10-17 22:00:00,19223.325,19190.95,19530.1,19379.0,19226.1,0
2022-10-17 23:00:00,19222.45,19190.95,19520.25,19387.1,19305.3,1
2022-10-18 00:00:00,19222.45,19190.95,19524.65,19407.0,19285.6,1
2022-10-18 01:00:00,19222.45,19190.95,19524.65,19407.0,19276.0,1
2022-10-18 02:00:00,19222.45,19190.95,19524.65,19407.0,19269.1,0
2022-10-18 03:00:00,19245.45,19190.95,19540.95,19407.0,19246.9,0
2022-10-18 04:00:00,19250.95,19190.95,19540.95,19407.0,19183.1,1
2022-10-18 05:00:00,19250.95,19190.95,19540.95,19411.0,19210.0,1
2022-10-18 06:00:00,19250.95,19190.95,19584.7,19459.7,19188.1,1
2022-10-18 07:00:00,19235.725,19190.95,19591.15,19459.7,19259.9,1
2022-10-18 08:00:00,19239.775,19190.95,19591.15,19464.75,19207.7,0
2022-10-18 09:00:00,19238.875,19190.95,19581.95,19471.7,19193.2,0
2022-10-18 10:00:00,19238.875,19190.95,19581.95,19474.25,19156.6,0
2022-10-18 11:00:00,19252.300000000003,19190.95,19581.95,19516.25,19117.0,0
2022-10-18 12:00:00,19263.475,19190.95,19581.95,19533.7,19145.0,1
2022-10-18 13:00:00,19327.55,19253.55,19581.95,19560.45,19259.8,0
2022-10-18 14:00:00,19351.3,19272.3,19532.2,19532.2,19173.1,0
2022-10-18 15:00:00,19409.25,19316.0,19477.25,19490.7,19174.9,0
2022-10-18 16:00:00,19409.25,19316.0,19474.5,19490.7,19180.6,0
2022-10-18 17:00:00,19411.775,19316.0,19474.5,19490.7,19223.6,0
2022-10-18 18:00:00,19415.25,19316.0,19421.05,19437.25,19187.1,0
2022-10-18 19:00:00,19416.525,19316.0,19377.5,19393.7,19185.8,0
2022-10-18 20:00:00,19437.525,19316.0,19377.5,19393.7,19136.0,0
2022-10-18 21:00:00,19446.25,19316.0,19377.5,19393.7,19116.7,0
2022-10-18 22:00:00,19459.625,19316.0,19323.15,19393.7,18963.4,0
2022-10-18 23:00:00,19461.4,19316.0,19262.5,19393.7,19036.2,0
2022-10-19 00:00:00,19454.55,19316.0,19257.7,19393.7,19053.2,0
2022-10-19 01:00:00,19453.675,19316.0,19254.5,19393.7,19033.2,0
2022-10-19 02:00:00,19465.825,19316.0,19253.45,19393.7,19173.9,0
2022-10-19 03:00:00,19465.825,19316.0,19253.45,19393.7,19129.5,0
2022-10-19 04:00:00,19465.825,19316.0,19307.95,19393.7,19125.6,0
2022-10-19 05:00:00,19473.975,19362.0,19284.75,19393.7,19138.0,0
2022-10-19 06:00:00,19473.975,19373.0,19248.0,19393.7,19104.2,0
2022-10-19 07:00:00,19475.975,19373.0,19248.0,19393.7,19178.0,0
2022-10-19 08:00:00,19522.2,19393.2,19242.9,19380.25,19190.9,-1
2022-10-19 09:00:00,19525.425000000003,19393.2,19227.5,19377.5,19199.0,0
2022-10-19 10:00:00,19527.95,19393.2,19223.25,19377.5,19126.6,-1
2022-10-19 11:00:00,19526.825,19393.2,19216.7,19377.5,19163.0,-1
2022-10-19 12:00:00,19528.1,19393.2,19199.5,19377.5,19316.3,-1
2022-10-19 13:00:00,19549.1,19393.2,19173.55,19362.0,19244.3,-1
2022-10-19 14:00:00,19557.825,19393.2,19162.4,19362.0,19173.4,-1
2022-10-19 15:00:00,19571.2,19393.2,19175.0,19307.65,19091.6,0
2022-10-19 16:00:00,19532.2,19399.2,19175.0,19247.0,19054.7,-1
2022-10-19 17:00:00,19483.975,19399.2,19175.0,19242.2,19055.8,-1
2022-10-19 18:00:00,19482.6,19399.2,19175.0,19239.0,19021.3,0
2022-10-19 19:00:00,19482.6,19399.2,19175.0,19237.95,19063.0,0
2022-10-19 20:00:00,19429.15,19399.2,19175.0,19237.95,19026.1,0
2022-10-19 21:00:00,19385.6,19393.7,19175.0,19237.95,19034.7,0
2022-10-19 22:00:00,19385.6,19393.7,19191.0,19208.0,19039.6,-1
2022-10-19 23:00:00,19385.6,19393.7,19185.4,19205.0,19057.8,-1
2022-10-20 00:00:00,19358.425000000003,19393.7,19076.85,19121.2,19101.8,-1
2022-10-20 01:00:00,19328.1,19393.7,19060.9,19116.1,19044.0,-1
2022-10-20 02:00:00,19325.7,19393.7,19060.9,19100.7,19040.0,-1
2022-10-20 03:00:00,19324.1,19393.7,19060.9,19096.45,19034.9,-1
2022-10-20 04:00:00,19323.575,19393.7,19060.9,19091.2,19027.4,0
2022-10-20 05:00:00,19323.575,19393.7,19041.25,19091.2,19019.4,0
2022-10-20 06:00:00,19350.825,19393.7,19041.0,19091.2,18973.0,0
2022-10-20 07:00:00,19339.225,19393.7,19041.0,19091.2,19002.2,0
2022-10-20 08:00:00,19320.85,19393.7,19041.0,19091.2,18993.4,0
2022-10-20 09:00:00,19320.85,19393.7,19060.699999999997,19091.2,18934.3,0
2022-10-20 10:00:00,19311.575,19393.7,19127.15,19091.2,18870.1,0
2022-10-20 11:00:00,19302.5,19393.7,19127.15,19091.2,19054.0,0
2022-10-20 12:00:00,19300.375,19393.7,19151.25,19091.2,18966.4,0
2022-10-20 13:00:00,19297.1,19393.7,19178.35,19091.2,19158.7,0
2022-10-20 14:00:00,19288.5,19393.7,19217.95,19116.2,19116.9,0
2022-10-20 15:00:00,19267.775,19378.2,19219.0,19116.2,19140.0,0
2022-10-20 16:00:00,19262.2,19378.2,19224.0,19116.2,19130.3,0
2022-10-20 17:00:00,19241.325,19378.2,19202.5,19116.2,19178.8,0
2022-10-20 18:00:00,19211.0,19378.2,19152.35,19116.2,19168.1,0
2022-10-20 19:00:00,19208.6,19378.2,19152.35,19116.2,19146.0,0
2022-10-20 20:00:00,19207.0,19378.2,19131.2,19116.2,19179.9,0
2022-10-20 21:00:00,19206.475,19378.2,19131.2,19116.2,19150.9,0
2022-10-20 22:00:00,19206.475,19378.2,19131.2,19116.2,19156.8,0
2022-10-20 23:00:00,19206.475,19378.2,19120.7,19116.2,19148.7,0
2022-10-21 00:00:00,19199.5,19378.2,19078.35,19116.2,19118.8,-1
2022-10-21 01:00:00,19195.2,19378.2,19045.1,19116.2,19142.0,0
2022-10-21 02:00:00,19099.025,19294.4,19019.6,19131.2,19137.9,0
2022-10-21 03:00:00,19088.5,19294.4,19019.6,19131.2,19133.3,0
2022-10-21 04:00:00,19080.800000000003,19294.4,19019.6,19131.2,19136.7,0
2022-10-21 05:00:00,19078.675000000003,19294.4,19049.05,19131.2,19155.3,0
2022-10-21 06:00:00,19076.050000000003,19294.4,19049.05,19131.2,19147.9,0
2022-10-21 07:00:00,19066.225,19294.4,19049.05,19131.2,19132.0,0
2022-10-21 08:00:00,19066.1,19294.4,19029.1,19131.2,19156.6,0
2022-10-21 09:00:00,19066.1,19294.4,19006.05,19117.65,19168.9,0
2022-10-21 10:00:00,19066.1,19294.4,19006.05,19117.65,19173.5,0
2022-10-21 11:00:00,19075.949999999997,19294.4,19000.15,19117.65,19182.9,0
2022-10-21 12:00:00,19109.175000000003,19280.95,18837.55,18975.0,19226.4,0
2022-10-21 13:00:00,19109.175000000003,19278.2,18837.55,18975.0,19223.7,0
2022-10-21 14:00:00,19121.225,19278.2,18859.9,18975.0,19185.0,0
2022-10-21 15:00:00,19134.775,19278.2,18885.0,18975.0,19141.9,0
2022-10-21 16:00:00,19167.075,19278.2,18908.95,18964.5,19160.6,0
2022-10-21 17:00:00,19167.6,19278.2,18908.95,18922.15,19175.1,0
2022-10-21 18:00:00,19170.1,19278.2,18908.95,18908.95,19206.8,0
2022-10-21 19:00:00,19159.35,19223.85,18919.35,18919.35,19195.0,0
2022-10-21 20:00:00,19134.275,19163.2,18920.0,18920.0,19185.1,0
2022-10-21 21:00:00,19134.275,19158.4,19045.0,18920.0,19195.1,0
2022-10-21 22:00:00,19123.7,19155.2,19085.9,18920.0,19186.6,0
2022-10-21 23:00:00,19123.7,19154.15,19090.0,18920.0,19170.5,0
2022-10-22 00:00:00,19123.7,19154.15,19160.0,18920.0,19186.3,0
2022-10-22 01:00:00,19118.45,19154.15,19160.0,18920.0,19188.9,0
2022-10-22 02:00:00,19097.275,19124.2,19174.1,18920.0,19176.3,0
2022-10-22 03:00:00,19080.65,19121.2,19171.75,18920.0,19167.4,0
2022-10-22 04:00:00,19075.4,19121.2,19171.75,18920.0,19167.2,0
2022-10-22 05:00:00,19075.4,19116.2,19144.15,18920.0,19151.6,0
2022-10-22 06:00:00,19075.4,19116.2,19144.15,18920.0,19173.3,0
2022-10-22 07:00:00,19090.125,19116.2,19142.75,18920.0,19172.9,0
2022-10-22 08:00:00,19090.125,19116.2,19139.55,18920.0,19160.0,0
2022-10-22 09:00:00,19090.125,19116.2,19139.55,18920.0,19142.0,0
2022-10-22 10:00:00,19080.15,19116.2,19135.75,18920.0,19142.9,0
2022-10-22 11:00:00,19061.85,19116.2,19141.05,18920.0,19169.2,0
2022-10-22 12:00:00,19061.85,19116.2,19160.1,18920.0,19181.6,0
2022-10-22 13:00:00,19058.9,19116.2,19187.35,18925.0,19180.6,0
2022-10-22 14:00:00,18906.275,18975.0,19187.35,19050.0,19168.9,1
2022-10-22 15:00:00,18906.275,18975.0,19189.2,19090.9,19468.7,1
2022-10-22 16:00:00,18917.45,18975.0,19189.2,19095.0,19434.5,0
2022-10-22 17:00:00,18930.0,18975.0,19189.2,19165.0,19492.2,0
2022-10-22 18:00:00,18936.725,18975.0,19186.0,19165.0,19490.3,0
2022-10-22 19:00:00,18915.550000000003,18975.0,19186.0,19176.75,19533.1,0
2022-10-22 20:00:00,18908.95,18975.0,19186.0,19176.75,19584.1,1
2022-10-22 21:00:00,18919.35,18975.0,19186.0,19176.75,19560.7,1
2022-10-22 22:00:00,18920.0,18975.0,19183.5,19176.75,19510.4,1
2022-10-22 23:00:00,18982.5,18975.0,19183.5,19176.75,19406.5,1
2022-10-23 00:00:00,19002.95,18975.0,19179.4,19176.75,19406.2,1
2022-10-23 01:00:00,19005.0,18975.0,19169.55,19176.75,19384.0,0
2022-10-23 02:00:00,19040.0,18975.0,19169.55,19176.75,19328.8,0
2022-10-23 03:00:00,19040.0,18975.0,19185.3,19176.75,19327.7,1
2022-10-23 04:00:00,19047.05,18975.0,19186.05,19176.75,19284.9,0
2022-10-23 05:00:00,19045.875,18975.0,19184.5,19186.0,19318.4,0
2022-10-23 06:00:00,19045.875,18975.0,19179.9,19186.0,19330.0,0
2022-10-23 07:00:00,19032.075,18975.0,19175.0,19186.0,19375.1,0
2022-10-23 08:00:00,19032.075,18975.0,19175.0,19186.0,19395.7,0
2022-10-23 09:00:00,19031.375,18975.0,19175.0,19186.0,19412.6,0
2022-10-23 10:00:00,19029.775,18975.0,19175.0,19186.0,19364.9,0
2022-10-23 11:00:00,19029.775,18975.0,19166.0,19184.0,19341.8,0
2022-10-23 12:00:00,19027.875,18975.0,19132.0,19150.0,19264.7,0
2022-10-23 13:00:00,19030.525,18975.0,19116.95,19150.0,19291.7,0
2022-10-23 14:00:00,19040.05,18975.0,19127.45,19150.0,19263.1,0
2022-10-23 15:00:00,19056.175,18975.0,19127.45,19147.5,19276.4,0
2022-10-23 16:00:00,19118.675,18975.0,19127.45,19147.5,19325.8,0
2022-10-23 17:00:00,19140.050000000003,18975.0,19273.3,19273.3,19335.9,0
2022-10-23 18:00:00,19142.1,18975.0,19288.5,19288.5,19371.0,0
2022-10-23 19:00:00,19177.1,18975.0,19288.5,19288.5,19357.3,0
2022-10-23 20:00:00,19175.5,18964.5,19288.5,19288.5,19348.7,0
2022-10-23 21:00:00,19181.375,18925.0,19377.8,19335.0,19318.1,1
2022-10-23 22:00:00,19181.375,18925.0,19425.15,19370.0,19301.7,1
2022-10-23 23:00:00,19181.375,18925.0,19425.15,19370.0,19288.7,1
2022-10-24 00:00:00,19180.125,18925.0,19425.15,19370.0,19303.0,1
2022-10-24 01:00:00,19180.125,18925.0,19427.1,19370.0,19332.7,0
2022-10-24 02:00:00,19178.075,18925.0,19524.45,19370.0,19331.6,0
2022-10-24 03:00:00,19173.15,18925.0,19511.5,19370.0,19330.6,0
2022-10-24 04:00:00,19173.15,18925.0,19477.5,19370.0,19319.0,0
2022-10-24 05:00:00,19181.025,18925.0,19477.5,19370.0,19296.9,0
2022-10-24 06:00:00,19181.4,18925.0,19477.5,19370.0,19284.9,0
2022-10-24 07:00:00,19185.25,18925.0,19416.7,19370.0,19254.7,0
2022-10-24 08:00:00,19182.95,18925.0,19414.35,19370.0,19286.4,0
2022-10-24 09:00:00,19180.5,18925.0,19377.7,19370.0,19291.0,0
2022-10-24 10:00:00,19180.5,18925.0,19347.4,19370.0,19315.0,0
2022-10-24 11:00:00,19180.5,18925.0,19335.6,19370.0,19469.4,0
2022-10-24 12:00:00,19180.5,18925.0,19337.6,19370.0,19478.7,0
2022-10-24 13:00:00,19175.0,18925.0,19337.6,19370.0,19740.3,0
2022-10-24 14:00:00,19141.0,18925.0,19292.9,19412.8,19806.0,0
2022-10-24 15:00:00,19133.475,18925.0,19292.9,19418.0,20108.6,0
2022-10-24 16:00:00,19138.725,18925.0,19292.9,19418.0,20261.9,0
2022-10-24 17:00:00,19137.475,18925.0,19292.9,19418.0,20266.8,0
2022-10-24 18:00:00,19137.475,19050.0,19292.9,19418.0,20180.0,0
2022-10-24 19:00:00,19273.3,19214.199999999997,19292.9,19418.0,20219.5,0
2022-10-24 20:00:00,19288.5,19233.5,19292.9,19418.0,20053.1,0
2022-10-24 21:00:00,19288.5,19288.5,19280.6,19418.0,20068.3,0
2022-10-24 22:00:00,19288.5,19288.5,19280.6,19418.0,20155.4,0
2022-10-24 23:00:00,19356.4,19335.0,19315.300000000003,19418.0,20219.7,0
2022-10-25 00:00:00,19397.575,19370.0,19315.300000000003,19372.0,20199.8,0
2022-10-25 01:00:00,19397.575,19370.0,19315.300000000003,19369.65,20238.6,-1
2022-10-25 02:00:00,19397.575,19370.0,19328.7,19333.0,20192.1,-1
2022-10-25 03:00:00,19398.55,19370.0,19328.7,19302.7,20180.1,0
2022-10-25 04:00:00,19447.225,19370.0,19324.550000000003,19292.9,20208.7,0
2022-10-25 05:00:00,19440.75,19370.0,19324.550000000003,19292.9,20333.7,0
2022-10-25 06:00:00,19423.75,19370.0,19305.6,19292.9,20658.7,0
2022-10-25 07:00:00,19423.75,19370.0,19305.6,19292.9,20586.0,0
2022-10-25 08:00:00,19423.75,19370.0,19305.6,19292.9,20655.2,0
2022-10-25 09:00:00,19393.35,19370.0,19305.6,19292.9,20595.9,0
2022-10-25 10:00:00,19392.175,19370.0,19298.5,19292.9,20539.3,0
2022-10-25 11:00:00,19373.85,19370.0,19298.5,19292.9,20542.9,0
2022-10-25 12:00:00,19358.7,19370.0,19298.5,19292.9,20820.1,0
2022-10-25 13:00:00,19352.8,19370.0,19370.75,19329.75,20835.7,0
2022-10-25 14:00:00,19353.8,19370.0,19382.6,19341.6,20753.7,0
2022-10-25 15:00:00,19353.8,19370.0,19513.95,19472.95,20811.1,1
2022-10-25 16:00:00,19352.85,19370.0,19532.75,19526.45,20687.0,1
2022-10-25 17:00:00,19355.45,19370.0,19708.6,19702.300000000003,20754.4,1
2022-10-25 18:00:00,19355.45,19370.0,19814.0,19807.7,20736.2,1
2022-10-25 19:00:00,19355.45,19370.0,19832.5,19821.5,20729.3,1
2022-10-25 20:00:00,19355.45,19370.0,19832.5,19821.5,20808.2,1
2022-10-25 21:00:00,19355.45,19370.0,19865.0,19821.5,20758.3,1
2022-10-25 22:00:00,19355.45,19370.0,19925.05,19821.5,20742.4,1
2022-10-25 23:00:00,19349.3,19370.0,19945.0,19821.5,20715.1,1
2022-10-26 00:00:00,19349.3,19370.0,20063.45,19821.5,20672.9,1
2022-10-26 01:00:00,19366.65,19370.0,20109.05,19821.5,20744.3,1
2022-10-26 02:00:00,19343.65,19370.0,20192.8,19821.5,20789.0,1
2022-10-26 03:00:00,19342.475000000002,19370.0,20192.8,19821.5,20791.5,1
2022-10-26 04:00:00,19330.85,19370.0,20134.15,19821.5,20708.7,1
2022-10-26 05:00:00,19315.7,19370.0,20134.15,19821.5,20703.6,1
2022-10-26 06:00:00,19308.725000000002,19370.0,20134.15,19821.5,20700.1,1
2022-10-26 07:00:00,19308.725000000002,19370.0,20198.15,19821.5,20602.5,1
2022-10-26 08:00:00,19299.25,19370.0,20420.55,20014.0,20540.0,1
2022-10-26 09:00:00,19299.25,19370.0,20438.45,20014.0,20613.1,1
2022-10-26 10:00:00,19299.25,19370.0,20463.0,20014.0,20713.0,1
2022-10-26 11:00:00,19299.25,19370.0,20463.0,20014.0,20512.2,1
2022-10-26 12:00:00,19295.7,19370.0,20463.0,20025.0,20559.4,1
2022-10-26 13:00:00,19295.7,19370.0,20463.0,20025.0,20554.0,1
2022-10-26 14:00:00,19295.7,19370.0,20596.1,20172.5,20564.3,1
2022-10-26 15:00:00,19350.25,19370.0,20610.6,20232.55,20573.0,1
2022-10-26 16:00:00,19362.1,19370.0,20650.0,20252.5,20571.1,1
2022-10-26 17:00:00,19493.45,19424.95,20679.55,20370.95,20620.0,1
2022-10-26 18:00:00,19529.6,19486.55,20679.55,20416.55,20383.2,1
2022-10-26 19:00:00,19705.45,19667.6,20679.55,20500.3,20395.7,1
2022-10-26 20:00:00,19810.85,19773.0,20679.55,20500.3,20258.7,1
2022-10-26 21:00:00,19827.0,19780.5,20679.55,20500.3,20285.5,1
2022-10-26 22:00:00,19827.0,19780.5,20786.25,20500.3,20273.6,1
2022-10-26 23:00:00,19843.25,19780.5,20808.550000000003,20500.3,20312.3,0
2022-10-27 00:00:00,19873.275,19780.5,20808.550000000003,20529.0,20214.5,0
2022-10-27 01:00:00,19883.25,19780.5,20764.550000000003,20535.55,20284.3,0
2022-10-27 02:00:00,19942.475,19780.5,20764.550000000003,20553.45,20242.5,0
2022-10-27 03:00:00,19965.275,19780.5,20729.45,20578.0,20280.2,1
2022-10-27 04:00:00,20007.15,19780.5,20729.45,20578.0,20248.0,1
2022-10-27 05:00:00,20007.15,19780.5,20729.45,20578.0,20069.9,1
2022-10-27 06:00:00,19977.825,19780.5,20729.45,20578.0,20169.0,0
2022-10-27 07:00:00,19977.825,19780.5,20729.15,20596.1,20193.0,0
2022-10-27 08:00:00,19977.825,19780.5,20712.6,20610.6,20165.7,0
2022-10-27 09:00:00,20009.825,19780.5,20679.050000000003,20650.0,20163.4,0
2022-10-27 10:00:00,20217.275,19973.0,20656.85,20679.55,20199.8,0
2022-10-27 11:00:00,20226.225,19973.0,20656.85,20679.55,20460.4,0
2022-10-27 12:00:00,20238.5,19973.0,20656.85,20679.55,20487.1,0
2022-10-27 13:00:00,20238.5,19973.0,20641.85,20679.55,20473.2,0
2022-10-27 14:00:00,20244.0,19973.0,20620.85,20679.55,20691.9,0
2022-10-27 15:00:00,20244.0,19973.0,20596.55,20725.0,20620.5,0
2022-10-27 16:00:00,20384.3,20088.0,20596.55,20702.7,20620.1,0
2022-10-27 17:00:00,20421.574999999997,20088.0,20596.55,20702.7,20597.3,0
2022-10-27 18:00:00,20451.25,20088.0,20596.55,20658.7,20617.8,0
2022-10-27 19:00:00,20525.25,20088.0,20596.55,20658.7,20583.9,0
2022-10-27 20:00:00,20548.05,20122.7,20497.75,20559.9,20621.5,0
2022-10-27 21:00:00,20589.925,20122.7,20476.2,20559.9,20582.8,0
2022-10-27 22:00:00,20589.925,20122.7,20447.25,20533.7,20613.6,0
2022-10-27 23:00:00,20589.925,20129.0,20420.0,20533.7,20619.0,0
2022-10-28 00:00:00,20643.275,20129.0,20410.0,20523.4,20724.6,0
2022-10-28 01:00:00,20654.425000000003,20129.0,20410.0,20506.85,20745.2,0
2022-10-28 02:00:00,20668.775,20129.0,20410.0,20506.85,20670.1,0
2022-10-28 03:00:00,20650.050000000003,20129.0,20410.0,20506.85,20647.6,0
2022-10-28 04:00:00,20659.0,20129.0,20387.8,20506.85,20674.0,0
2022-10-28 05:00:00,20653.725,20129.0,20280.0,20506.85,20765.7,0
2022-10-28 06:00:00,20653.725,20129.0,20280.0,20506.85,20912.7,0
2022-10-28 07:00:00,20653.725,20129.0,20188.5,20435.9,20944.4,0
2022-10-28 08:00:00,20653.725,20129.0,20168.5,20391.6,20765.9,0
2022-10-28 09:00:00,20662.625,20129.0,20163.8,20391.6,20688.7,0
2022-10-28 10:00:00,20661.6,20129.0,20161.25,20391.6,20757.5,0
2022-10-28 11:00:00,20664.525,20129.0,20154.949999999997,20391.6,20772.1,0
2022-10-28 12:00:00,20668.199999999997,20129.0,20125.4,20362.05,20799.0,0
2022-10-28 13:00:00,20668.199999999997,20129.0,20268.0,20362.05,20913.2,0
2022-10-28 14:00:00,20668.199999999997,20129.0,20268.0,20340.5,20851.7,0
2022-10-28 15:00:00,20660.699999999997,20129.0,20268.0,20337.75,20800.1,0
2022-10-28 16:00:00,20650.199999999997,20140.0,20345.5,20345.5,20841.8,0
2022-10-28 17:00:00,20660.775,20140.0,20345.5,20345.5,20827.1,0
2022-10-28 18:00:00,20649.625,20172.5,20345.5,20345.5,20840.2,0
2022-10-28 19:00:00,20649.625,20232.55,20345.5,20345.5,20835.0,0
2022-10-28 20:00:00,20627.625,20252.5,20345.5,20345.5,20747.7,0
2022-10-28 21:00:00,20627.625,20370.95,20458.95,20345.5,20796.7,0
2022-10-28 22:00:00,20528.825,20416.55,20528.9,20345.5,20703.2,0
2022-10-28 23:00:00,20518.050000000003,20500.3,20571.2,20345.5,20768.2,0
2022-10-29 00:00:00,20490.475,20500.3,20589.4,20345.5,20745.3,0
2022-10-29 01:00:00,20476.85,20500.3,20626.3,20345.5,20767.7,0
2022-10-29 02:00:00,20466.7,20500.3,20648.8,20360.5,20735.1,0
2022-10-29 03:00:00,20458.425,20500.3,20675.1,20386.8,20792.9,0
2022-10-29 04:00:00,20458.425,20529.0,20685.199999999997,20386.8,20882.3,0
2022-10-29 05:00:00,20458.425,20535.55,20685.199999999997,20386.8,20842.5,0
2022-10-29 06:00:00,20447.324999999997,20553.45,20685.199999999997,20386.8,20773.4,0
2022-10-29 07:00:00,20393.425,20578.0,20685.199999999997,20386.8,20683.7,0
2022-10-29 08:00:00,20393.425,20578.0,20762.85,20464.45,20674.9,0
2022-10-29 09:00:00,20312.2,20540.05,20787.800000000003,20464.45,20760.2,0
2022-10-29 10:00:00,20280.05,20520.05,20848.45,20519.5,20715.6,0
2022-10-29 11:00:00,20277.699999999997,20520.05,20848.45,20519.5,20639.8,0
2022-10-29 12:00:00,20276.425,20520.05,20848.45,20519.5,20730.5,0
2022-10-29 13:00:00,20273.274999999998,20520.05,20848.45,20519.5,20667.6,0
2022-10-29 14:00:00,20243.725,20490.5,20862.5,20632.95,20592.4,0
2022-10-29 15:00:00,20315.025,20490.5,20862.5,20702.9,20650.1,1
2022-10-29 16:00:00,20304.25,20490.5,20862.5,20745.2,20667.3,0
2022-10-29 17:00:00,20302.875,20490.5,20862.5,20763.4,20637.3,0
2022-10-29 18:00:00,20345.5,20490.5,20862.5,20807.8,20671.3,0
2022-10-29 19:00:00,20345.5,20490.5,20805.95,20807.8,20679.0,0
2022-10-29 20:00:00,20345.5,20468.2,20822.1,20807.8,20575.8,1
2022-10-29 21:00:00,20345.5,20468.2,20827.65,20817.9,20615.6,1
2022-10-29 22:00:00,20345.5,20424.2,20835.45,20817.9,20532.8,0
2022-10-29 23:00:00,20402.225,20424.2,20835.45,20817.9,20512.0,0
2022-10-30 00:00:00,20437.2,20424.2,20835.45,20817.9,20460.1,0
2022-10-30 01:00:00,20458.35,20424.2,20834.75,20817.9,20507.9,0
2022-10-30 02:00:00,20467.45,20424.2,20792.75,20842.85,20551.6,0
2022-10-30 03:00:00,20485.9,20424.2,20792.75,20848.45,20535.5,0
2022-10-30 04:00:00,20504.65,20423.9,20792.75,20848.45,20507.2,0
2022-10-30 05:00:00,20530.949999999997,20407.35,20792.75,20848.45,20537.2,0
2022-10-30 06:00:00,20536.0,20407.35,20797.3,20848.45,20478.8,0
2022-10-30 07:00:00,20536.0,20407.35,20809.9,20862.5,20704.7,0
2022-10-30 08:00:00,20536.0,20407.35,20809.9,20862.5,20741.6,0
2022-10-30 09:00:00,20536.0,20407.35,20775.6,20857.0,20722.1,0
2022-10-30 10:00:00,20613.65,20464.45,20773.65,20855.05,20688.9,0
2022-10-30 11:00:00,20626.125,20464.45,20773.65,20855.05,20315.4,0
2022-10-30 12:00:00,20683.975,20519.5,20773.65,20798.5,20326.5,0
2022-10-30 13:00:00,20683.975,20519.5,20766.15,20791.0,20390.4,0
2022-10-30 14:00:00,20683.975,20519.5,20766.15,20791.0,20366.3,0
2022-10-30 15:00:00,20683.975,20519.5,20766.15,20791.0,20363.3,0
2022-10-30 16:00:00,20747.725,20519.5,20698.2,20747.65,20424.2,0
2022-10-30 17:00:00,20782.7,20519.5,20667.0,20747.65,20358.8,0
2022-10-30 18:00:00,20803.85,20519.5,20650.2,20747.65,20392.5,0
2022-10-30 19:00:00,20812.95,20519.5,20650.2,20722.800000000003,20397.1,0
2022-10-30 20:00:00,20835.15,20519.5,20645.7,20722.800000000003,20467.3,0
2022-10-30 21:00:00,20806.875,20519.5,20629.9,20722.800000000003,20482.0,0
2022-10-30 22:00:00,20814.949999999997,20519.5,20621.2,20714.1,,0
2022-10-30 23:00:00,20822.775,20519.5,20621.2,20714.1,,0
2022-10-31 00:00:00,20826.675000000003,20519.5,20621.2,20714.1,,0
2022-10-31 01:00:00,20826.675000000003,20519.5,20594.7,20687.6,,0
2022-10-31 02:00:00,20826.675000000003,20519.5,20577.7,20670.6,,0
2022-10-31 03:00:00,20826.325,20519.5,20577.7,20670.6,,0
2022-10-31 04:00:00,20817.8,20519.5,20577.7,20670.6,,0
2022-10-31 05:00:00,20820.6,20519.5,20557.0,20670.6,,0
2022-10-31 06:00:00,20820.6,20519.5,20550.95,20670.6,,0
2022-10-31 07:00:00,20820.6,20519.5,20540.15,20670.6,,0
2022-10-31 08:00:00,20822.875,20519.5,20540.15,20670.6,,0
2022-10-31 09:00:00,20836.2,20519.5,20569.0,20646.0,,0
2022-10-31 10:00:00,20836.2,20519.5,20627.35,20627.35,,0
2022-10-31 11:00:00,20816.3,20519.5,20640.050000000003,20627.35,,0
2022-10-31 12:00:00,20814.35,20519.5,20640.050000000003,20627.35,,0
2022-10-31 13:00:00,20814.35,20519.5,20544.550000000003,20544.550000000003,,0
2022-10-31 14:00:00,20786.075,20519.5,20532.050000000003,20532.050000000003,,0
2022-10-31 15:00:00,20778.575,20519.5,20532.050000000003,20532.050000000003,,0
2022-10-31 16:00:00,20778.575,20519.5,20532.050000000003,20532.050000000003,,0
2022-10-31 17:00:00,20778.575,20519.5,20532.050000000003,20532.050000000003,,0
2022-10-31 18:00:00,20722.925000000003,20632.95,20532.050000000003,20532.050000000003,,0
2022-10-31 19:00:00,20707.325,20702.9,20522.050000000003,20532.050000000003,,-1
2022-10-31 20:00:00,20698.925000000003,20745.2,20485.85,20532.050000000003,,-1
2022-10-31 21:00:00,20686.5,20763.4,20485.85,20532.050000000003,,-1
2022-10-31 22:00:00,20684.25,20804.2,20374.45,20532.050000000003,,0
2022-10-31 23:00:00,20676.350000000002,20804.2,20399.75,20532.050000000003,,0
