datetime,STOCHk_14_3_3,STOCHd_14_3_3,signal
2022-09-01 13:00:00,24.22629685654294,20.472349631421093,0
2022-09-01 14:00:00,24.22629685654294,20.472349631421093,0
2022-09-01 15:00:00,24.22629685654294,20.472349631421093,0
2022-09-01 16:00:00,14.999162834773736,20.472349631421093,0
2022-09-01 17:00:00,22.1915892029466,20.472349631421093,0
2022-09-01 18:00:00,28.622583433025795,21.937778490248707,0
2022-09-01 19:00:00,41.660020127692825,30.82473092122174,0
2022-09-01 20:00:00,62.39952891405239,44.22737749159034,0
2022-09-01 21:00:00,76.95324282120032,60.337597287648514,0
2022-09-01 22:00:00,86.6783180048988,75.3436965800505,0
2022-09-01 23:00:00,87.30923019513057,83.6469303404099,0
2022-09-02 00:00:00,86.03896103896103,86.67550307966347,-1
2022-09-02 01:00:00,84.69155844155856,86.01324989188338,-1
2022-09-02 02:00:00,79.36147186147197,83.36399711399719,0
2022-09-02 03:00:00,79.4652783114322,81.17276953815424,0
2022-09-02 04:00:00,80.1475087793768,79.65808631742699,0
2022-09-02 05:00:00,80.16101115002209,79.92459941361038,0
2022-09-02 06:00:00,76.12858784647116,78.81236925862335,0
2022-09-02 07:00:00,71.77469217623188,76.02143039090838,0
2022-09-02 08:00:00,66.7196462686593,71.54097543045411,0
2022-09-02 09:00:00,64.2686425977207,67.5876603475373,0
2022-09-02 10:00:00,52.42037489262242,61.136221253000805,0
2022-09-02 11:00:00,45.188460376348935,53.959159288897354,0
2022-09-02 12:00:00,49.8609186872427,49.15658465207135,0
2022-09-02 13:00:00,62.02952743712984,52.35963550024049,0
2022-09-02 14:00:00,76.7545155939989,62.88165390612382,0
2022-09-02 15:00:00,78.05328822572505,72.27911041895128,0
2022-09-02 16:00:00,65.4691921529389,73.42566532422096,0
2022-09-02 17:00:00,39.88237093095067,61.13495043653821,0
2022-09-02 18:00:00,21.771274723934237,42.3742792692746,0
2022-09-02 19:00:00,19.127357565279677,26.927001073388197,0
2022-09-02 20:00:00,27.433290371855517,22.77730755368981,0
2022-09-02 21:00:00,29.132655496682407,25.231101144605862,0
2022-09-02 22:00:00,32.89417155950161,29.820039142679843,0
2022-09-02 23:00:00,32.130411952837804,31.385746336340606,0
2022-09-03 00:00:00,33.55291422024911,32.859165910862835,0
2022-09-03 01:00:00,32.00152751921326,32.561617897433386,0
2022-09-03 02:00:00,31.543271755215045,32.3659044982258,0
2022-09-03 03:00:00,26.698171750441542,30.08099034162328,0
2022-09-03 04:00:00,25.826529929540897,28.022657811732497,0
2022-09-03 05:00:00,27.02126763189331,26.515323103958583,0
2022-09-03 06:00:00,31.89818516755366,28.248660909662618,0
2022-09-03 07:00:00,30.057505434087915,29.658986077844958,0
2022-09-03 08:00:00,23.138666431987037,28.364785677876203,0
2022-09-03 09:00:00,19.205725112669125,24.13396565958136,0
2022-09-03 10:00:00,25.164083741892103,22.502825095516087,0
2022-09-03 11:00:00,30.089677542454094,24.81982879900511,0
2022-09-03 12:00:00,35.39400877695116,30.21592335376579,0
2022-09-03 13:00:00,36.43388666285093,33.97252432741873,0
2022-09-03 14:00:00,39.85931173194194,37.22906905724801,0
2022-09-03 15:00:00,34.50749498030479,36.933564458365886,0
2022-09-03 16:00:00,30.596503040164908,34.98776991747055,0
2022-09-03 17:00:00,32.59052990888566,32.56484264311845,0
2022-09-03 18:00:00,29.830024652912954,31.005685867321176,0
2022-09-03 19:00:00,27.400134723712938,29.940229761837184,0
2022-09-03 20:00:00,26.464643289482925,27.89826755536961,0
2022-09-03 21:00:00,34.909626827389786,29.59146828019522,0
2022-09-03 22:00:00,46.572359599319476,35.982209905397404,0
2022-09-03 23:00:00,57.68312602085687,46.38837081585538,0
2022-09-04 00:00:00,64.61867068727236,56.29138543581624,0
2022-09-04 01:00:00,62.77170498806381,61.69116723206435,0
2022-09-04 02:00:00,57.97210704862408,61.78749424132008,0
2022-09-04 03:00:00,57.403742560560424,59.382518199082774,0
2022-09-04 04:00:00,64.82017330095157,60.06534097004536,0
2022-09-04 05:00:00,65.2802008784172,62.501372246643065,0
2022-09-04 06:00:00,54.74452554744452,61.61496657560443,0
2022-09-04 07:00:00,32.04960598467472,50.69144413684548,0
2022-09-04 08:00:00,30.761404545133207,39.18517869241749,0
2022-09-04 09:00:00,44.33714837113454,35.71605296698083,0
2022-09-04 10:00:00,63.44008636200056,46.179546426089445,0
2022-09-04 11:00:00,77.39786220168658,61.72503231160723,0
2022-09-04 12:00:00,81.5071008033684,74.11501645568518,0
2022-09-04 13:00:00,72.17585988270707,77.02694096258735,0
2022-09-04 14:00:00,55.55555555555555,69.74617208054369,0
2022-09-04 15:00:00,47.68518518518518,58.472200207815945,0
2022-09-04 16:00:00,64.30555555555556,55.848765432098766,0
2022-09-04 17:00:00,71.39771657250486,61.129485771081875,0
2022-09-04 18:00:00,75.63986974262436,70.44771395689493,0
2022-09-04 19:00:00,73.4816384180795,73.50640824440292,0
2022-09-04 20:00:00,79.17549435028292,76.09900083699559,0
2022-09-04 21:00:00,79.94350282485925,77.53354519774057,0
2022-09-04 22:00:00,73.68143869592289,77.60014529035503,0
2022-09-04 23:00:00,75.86474690014435,76.49656280697549,0
2022-09-05 00:00:00,73.33981055294838,74.29533204967187,0
2022-09-05 01:00:00,68.97353694639456,72.72603146649577,0
2022-09-05 02:00:00,55.09025270758099,65.80120006897465,0
2022-09-05 03:00:00,52.32250300842335,58.7954308874663,0
2022-09-05 04:00:00,54.650727685889514,54.02116113396462,0
2022-09-05 05:00:00,41.604251950450475,49.52582754825445,0
2022-09-05 06:00:00,31.448307516227334,42.56776238418911,0
2022-09-05 07:00:00,19.364492562274403,30.805684009650744,0
2022-09-05 08:00:00,24.258427955285445,25.023742677929064,0
2022-09-05 09:00:00,22.744476718598474,22.122465745386112,0
2022-09-05 10:00:00,19.380639649313178,22.127848107732373,0
2022-09-05 11:00:00,16.295712738767204,19.47360970222629,0
2022-09-05 12:00:00,16.13502439224797,17.270458926776122,0
2022-09-05 13:00:00,21.821023837436552,18.08392032281725,0
2022-09-05 14:00:00,37.245633873428076,25.067227367704206,0
2022-09-05 15:00:00,53.22713384651512,37.43126385245992,0
2022-09-05 16:00:00,67.1328707471972,52.53521282238014,0
2022-09-05 17:00:00,66.27547869054979,62.211827761420714,0
2022-09-05 18:00:00,54.241301214741874,62.54988355082963,0
2022-09-05 19:00:00,39.98352892732163,53.500102944204436,0
2022-09-05 20:00:00,30.94502779493506,41.723285978999535,0
2022-09-05 21:00:00,32.19065266625466,34.37306979617046,0
2022-09-05 22:00:00,41.743874819847356,34.9598517603457,0
2022-09-05 23:00:00,47.48816141651228,40.47422963420477,0
2022-09-06 00:00:00,63.642912921540095,50.95831638596658,0
2022-09-06 01:00:00,52.47852205710286,54.53653213171842,0
2022-09-06 02:00:00,44.9724815104069,53.69797216301663,0
2022-09-06 03:00:00,23.92976838102649,40.460257316178755,0
2022-09-06 04:00:00,23.32750469529176,30.74325152890839,0
2022-09-06 05:00:00,21.14500356194543,22.800758879421235,0
2022-09-06 06:00:00,25.54886341558185,23.34045722427302,0
2022-09-06 07:00:00,35.04306715886285,27.245644712130048,0
2022-09-06 08:00:00,50.227813435350534,36.939914669931746,0
2022-09-06 09:00:00,53.77422959294035,46.34837006238458,0
2022-09-06 10:00:00,53.874828330390294,52.62562378622707,0
2022-09-06 11:00:00,47.39389183179645,51.680983251709044,0
2022-09-06 12:00:00,43.17572428225751,48.148148148148096,0
2022-09-06 13:00:00,34.69361062062645,41.75440891156015,0
2022-09-06 14:00:00,30.033750604163686,35.96769516901589,0
2022-09-06 15:00:00,32.79649983559735,32.50795368679584,0
2022-09-06 16:00:00,33.3954401222199,32.07523018732699,0
2022-09-06 17:00:00,28.922946420220608,31.70496212601263,0
2022-09-06 18:00:00,17.49153175672554,26.603306099722023,0
2022-09-06 19:00:00,12.53237218691347,19.64895012128655,0
2022-09-06 20:00:00,14.428386604507159,14.817430182715398,0
2022-09-06 21:00:00,20.21125874238367,15.724005844601441,0
2022-09-06 22:00:00,24.276278808319258,19.638641385070038,0
2022-09-06 23:00:00,19.888079567047352,21.458539039250102,0
2022-09-07 00:00:00,16.57861580311479,20.24765805949381,0
2022-09-07 01:00:00,13.967261615875309,16.811318995345825,0
2022-09-07 02:00:00,12.095971418806073,14.213949612598732,0
2022-09-07 03:00:00,12.491078478837993,12.851437171173133,0
2022-09-07 04:00:00,13.389510549053242,12.658853482232445,1
2022-09-07 05:00:00,17.11613568567718,14.33224157118948,1
2022-09-07 06:00:00,19.030358153955202,16.512001462895217,1
2022-09-07 07:00:00,29.528987118926995,21.89182698618647,0
2022-09-07 08:00:00,40.69476121441625,29.751368829099494,0
2022-09-07 09:00:00,49.38956041773243,39.87110291702523,0
2022-09-07 10:00:00,47.71149547005541,45.931939034068044,0
2022-09-07 11:00:00,45.99531927218168,47.698791719989856,0
2022-09-07 12:00:00,51.856653648413186,48.521156130216774,0
2022-09-07 13:00:00,63.86054155206248,53.904171490885794,0
2022-09-07 14:00:00,76.63750495252258,64.11823338433275,0
2022-09-07 15:00:00,80.7768074798653,73.75828466148346,0
2022-09-07 16:00:00,81.34092477570726,79.58507906936505,0
2022-09-07 17:00:00,82.32408002348028,81.48060409301763,0
2022-09-07 18:00:00,81.81777101686815,81.82759193868525,-1
2022-09-07 19:00:00,75.47582920581873,79.87256008205573,0
2022-09-07 20:00:00,76.21094986587006,77.83485002951899,0
2022-09-07 21:00:00,79.32302264462702,77.00326723877195,0
2022-09-07 22:00:00,87.08709762534556,80.8736900452809,0
2022-09-07 23:00:00,83.19855109089373,83.20289045362212,-1
2022-09-08 00:00:00,80.85670962850647,83.7141194482486,-1
2022-09-08 01:00:00,74.29449919973051,79.44991997304358,0
2022-09-08 02:00:00,70.33991281243199,75.16370721355634,0
2022-09-08 03:00:00,64.50008264757527,69.7114982199126,0
2022-09-08 04:00:00,70.30842645830081,68.38280730610269,0
2022-09-08 05:00:00,72.64794105657802,69.15215005415138,0
2022-09-08 06:00:00,71.74300005039368,71.56645585509085,0
2022-09-08 07:00:00,58.66972871963396,67.6868899422019,0
2022-09-08 08:00:00,50.722271745504116,60.37833350517727,0
2022-09-08 09:00:00,44.7437003169325,51.37856692735687,0
2022-09-08 10:00:00,50.89219856322211,48.78605687521959,0
2022-09-08 11:00:00,57.25075892075514,50.962219266969925,0
2022-09-08 12:00:00,51.81919591782037,53.32071780059922,0
2022-09-08 13:00:00,49.265617757194754,52.7785241985901,0
2022-09-08 14:00:00,51.78862881937693,50.957814164797355,0
2022-09-08 15:00:00,63.25929665152279,54.771181076031496,0
2022-09-08 16:00:00,60.19687026754183,58.41493191281386,0
2022-09-08 17:00:00,50.378596668349466,57.9449211958047,0
2022-09-08 18:00:00,46.49167087329641,52.35571260306258,0
2022-09-08 19:00:00,60.205283526838365,52.35851702282809,0
2022-09-08 20:00:00,71.56513322100078,59.42069587371186,0
2022-09-08 21:00:00,79.32486215038676,70.36509296607531,0
2022-09-08 22:00:00,72.57582548931707,74.48860695356821,0
2022-09-08 23:00:00,68.28029284326897,73.39366016099093,0
2022-09-09 00:00:00,70.80531898998963,70.55381244085856,0
2022-09-09 01:00:00,73.12117137307644,70.73559440211169,0
2022-09-09 02:00:00,78.73151053339333,74.21933363215314,0
2022-09-09 03:00:00,84.63984623572757,78.8308427140658,0
2022-09-09 04:00:00,91.31283901506036,84.89473192806044,0
2022-09-09 05:00:00,91.95910344890468,89.30392956656421,0
2022-09-09 06:00:00,90.72075751493647,91.33089999296719,-1
2022-09-09 07:00:00,89.71100333474537,90.79695476619553,-1
2022-09-09 08:00:00,89.89140951663889,90.10772345544025,-1
2022-09-09 09:00:00,87.55100883265203,89.05114056134543,-1
2022-09-09 10:00:00,89.17354662910294,88.8719883261313,0
2022-09-09 11:00:00,88.84940607752661,88.52465384642721,0
2022-09-09 12:00:00,89.79199171569046,89.27164814077334,0
2022-09-09 13:00:00,86.88070542940414,88.50736774087375,-1
2022-09-09 14:00:00,87.80316088461423,88.1586193432363,-1
2022-09-09 15:00:00,90.13537226865708,88.27307952755848,0
2022-09-09 16:00:00,93.25886997491104,90.39913437606079,0
2022-09-09 17:00:00,92.33974107051357,91.91132777136056,0
2022-09-09 18:00:00,85.44982429903125,90.34947844815196,-1
2022-09-09 19:00:00,81.83565653758774,86.54174063571087,-1
2022-09-09 20:00:00,80.3679715224166,82.5511507863452,-1
2022-09-09 21:00:00,80.6986913229302,80.96743979431152,-1
2022-09-09 22:00:00,82.1336073039674,81.06675671643806,0
2022-09-09 23:00:00,77.04768207159871,79.95999356616545,0
2022-09-10 00:00:00,67.57390790807393,75.58506576121336,0
2022-09-10 01:00:00,54.60823281417336,66.40994093128201,0
2022-09-10 02:00:00,49.13759645124347,57.10657905783027,0
2022-09-10 03:00:00,49.15214261234814,50.96599062592167,0
2022-09-10 04:00:00,54.30434995685158,50.86469634014774,0
2022-09-10 05:00:00,62.417173855248016,55.29122214148259,0
2022-09-10 06:00:00,70.54810621877863,62.423210010292756,0
2022-09-10 07:00:00,58.56540084388198,63.843560305969554,0
2022-09-10 08:00:00,44.372248953012104,57.82858533855758,0
2022-09-10 09:00:00,30.686120803804712,44.54125686689961,0
2022-09-10 10:00:00,32.77432919602635,35.944232984281065,0
2022-09-10 11:00:00,30.034856700232712,31.165102233354602,0
2022-09-10 12:00:00,29.305447973147817,30.704877956468966,0
2022-09-10 13:00:00,20.335854708866908,26.55871979408249,0
2022-09-10 14:00:00,19.543852230020082,23.061718304011617,0
2022-09-10 15:00:00,15.980486801100932,18.620064579995983,0
2022-09-10 16:00:00,30.608342297119503,22.044227109413516,0
2022-09-10 17:00:00,33.416995338830986,26.668608145683816,0
2022-09-10 18:00:00,46.731205928050514,36.91884785466701,0
2022-09-10 19:00:00,58.46790498261428,46.20536874983194,0
2022-09-10 20:00:00,67.5194562208448,57.57285571050321,0
2022-09-10 21:00:00,70.69451786070873,65.56062635472261,0
2022-09-10 22:00:00,71.54298651312067,69.91898686489141,0
2022-09-10 23:00:00,77.03890759446313,73.09213732276419,0
2022-09-11 00:00:00,74.53236064347179,74.37141825035188,0
2022-09-11 01:00:00,67.5271230826787,73.03279710687121,0
2022-09-11 02:00:00,61.01290684624027,67.6907968574636,0
2022-09-11 03:00:00,60.872615039281804,63.13754832273361,0
2022-09-11 04:00:00,57.39568127064964,59.76040105205724,0
2022-09-11 05:00:00,60.17762199741451,59.48197276911532,0
2022-09-11 06:00:00,50.31467454639121,55.96265927148513,0
2022-09-11 07:00:00,50.61099531198786,53.70109728526453,0
2022-09-11 08:00:00,52.02275252806887,50.98280746214932,0
2022-09-11 09:00:00,59.41135415777979,54.01503399927885,0
2022-09-11 10:00:00,56.67348329925027,56.035863328366325,0
2022-09-11 11:00:00,53.43738981736141,56.507409091463835,0
2022-09-11 12:00:00,56.37189276549764,55.494255294036456,0
2022-09-11 13:00:00,56.155595770059584,55.32162611763956,0
2022-09-11 14:00:00,51.301447523669914,54.60964535307573,0
2022-09-11 15:00:00,54.294515251037176,53.917186181588896,0
2022-09-11 16:00:00,63.687737905129445,56.42790022661219,0
2022-09-11 17:00:00,66.81900022053497,61.60041779223388,0
2022-09-11 18:00:00,56.00762984394709,62.17145598987051,0
2022-09-11 19:00:00,46.62038728534893,56.48233911661034,0
2022-09-11 20:00:00,44.05768894599536,48.895235358430476,0
2022-09-11 21:00:00,36.341878707390585,42.339984979578304,0
2022-09-11 22:00:00,33.966798093773754,38.12212191571991,0
2022-09-11 23:00:00,47.75605004870004,39.354908949954805,0
2022-09-12 00:00:00,57.44362028920344,46.388822810559084,0
2022-09-12 01:00:00,64.09682445161936,56.43216492984095,0
2022-09-12 02:00:00,46.7742767454828,56.104907162101874,0
2022-09-12 03:00:00,39.673512374934255,50.18153785734548,0
2022-09-12 04:00:00,28.102510093031544,38.183433071149544,0
2022-09-12 05:00:00,28.66420923292974,32.146743900298524,0
2022-09-12 06:00:00,34.312796208530855,30.35983851149739,0
2022-09-12 07:00:00,50.95313322801479,37.97671288982514,0
2022-09-12 08:00:00,66.63156047042303,50.63249663565623,0
2022-09-12 09:00:00,78.92575039494473,65.50348136446087,0
2022-09-12 10:00:00,77.66745898881426,74.40825661806069,0
2022-09-12 11:00:00,78.23456321550876,78.27592419975592,0
2022-09-12 12:00:00,82.4297093016501,79.44391050199106,0
2022-09-12 13:00:00,88.52625951760325,83.06351067825405,0
2022-09-12 14:00:00,87.81147924756935,86.25581602227425,0
2022-09-12 15:00:00,78.54162879726779,84.95978918748013,0
2022-09-12 16:00:00,71.62549230218404,79.32620011567373,0
2022-09-12 17:00:00,72.80126310791456,74.3227947357888,0
2022-09-12 18:00:00,82.54701989825288,75.65792510278384,0
2022-09-12 19:00:00,89.50222843240873,81.61683714619207,0
2022-09-12 20:00:00,90.45987425006096,87.50304086024086,0
2022-09-12 21:00:00,84.4694462323129,88.14384963826087,-1
2022-09-12 22:00:00,76.35373750049965,83.76101932762451,0
2022-09-12 23:00:00,74.45895886137656,78.42738086472973,0
2022-09-13 00:00:00,64.71933151148627,71.84400929112083,0
2022-09-13 01:00:00,57.94819129135794,65.70882722140693,0
2022-09-13 02:00:00,47.64234560022663,56.76995613435696,0
2022-09-13 03:00:00,49.088846344749186,51.559794412111266,0
2022-09-13 04:00:00,52.449833368786734,49.72700843792086,0
2022-09-13 05:00:00,61.592608689273796,54.37709613426991,0
2022-09-13 06:00:00,60.07096402490773,58.03780202765609,0
2022-09-13 07:00:00,52.61631704589228,58.09329658669128,0
2022-09-13 08:00:00,35.75361133823898,49.48029746967968,0
2022-09-13 09:00:00,39.49850095393813,42.62280977935647,0
2022-09-13 10:00:00,53.327882256745475,42.85999818297421,0
2022-09-13 11:00:00,67.45699733878688,53.42779351649017,0
2022-09-13 12:00:00,50.55549102462322,57.113456873385196,0
2022-09-13 13:00:00,25.266348893859817,47.75961241908998,0
2022-09-13 14:00:00,3.9949053824048626,26.605581766962644,0
2022-09-13 15:00:00,4.437451351287472,11.232901875850727,0
2022-09-13 16:00:00,5.439833251014932,4.624063328235764,1
2022-09-13 17:00:00,4.427507917132267,4.7682641731449,0
2022-09-13 18:00:00,3.25485863810839,4.374066602085207,0
2022-09-13 19:00:00,4.607691688432241,4.096686081224309,1
2022-09-13 20:00:00,5.508831095092144,4.457127140544268,1
2022-09-13 21:00:00,8.279746513022246,6.132089765515553,1
2022-09-13 22:00:00,9.561950401972327,7.783509336695581,1
2022-09-13 23:00:00,10.798449612403084,9.54671550913256,1
2022-09-14 00:00:00,11.589147286821705,10.649849100399047,1
2022-09-14 01:00:00,12.441860465116278,11.609819121447032,1
2022-09-14 02:00:00,20.65614617940199,14.895717977113334,0
2022-09-14 03:00:00,27.89155676364979,20.32985446938936,0
2022-09-14 04:00:00,37.55613416341104,28.701279035487612,0
2022-09-14 05:00:00,40.138980553864315,35.19555716030839,0
2022-09-14 06:00:00,41.11213422035377,39.60241631254305,0
2022-09-14 07:00:00,40.49616270589235,40.58242582670349,0
2022-09-14 08:00:00,51.94217477240215,44.51682389954943,0
2022-09-14 09:00:00,64.05558415751608,52.1646405452702,0
2022-09-14 10:00:00,73.79327039457762,63.263676441498625,0
2022-09-14 11:00:00,60.624455593195016,66.15777004842958,0
2022-09-14 12:00:00,54.46256043408287,62.960095473951846,0
2022-09-14 13:00:00,48.518965286154774,54.53532710447757,0
2022-09-14 14:00:00,52.00695865102503,51.66282812375423,0
2022-09-14 15:00:00,42.01942472854654,47.51511622190879,0
2022-09-14 16:00:00,31.15977941765034,41.728720932407306,0
2022-09-14 17:00:00,19.120400644304468,30.766534930167126,0
2022-09-14 18:00:00,17.876787964595845,22.718989342183562,0
2022-09-14 19:00:00,24.64125073558213,20.546146448160822,0
2022-09-14 20:00:00,34.24343049235424,25.58715639751075,0
2022-09-14 21:00:00,51.67876030008612,36.85448050934084,0
2022-09-14 22:00:00,66.80207855301758,50.90808978181932,0
2022-09-14 23:00:00,79.32514210568365,65.93532698626247,0
2022-09-15 00:00:00,78.41891452469851,74.84871172779992,0
2022-09-15 01:00:00,74.40931497535257,77.38445720191159,0
2022-09-15 02:00:00,69.01240863505002,73.94687937836704,0
2022-09-15 03:00:00,63.347781744008074,68.92316845147023,0
2022-09-15 04:00:00,56.178820329763624,62.84633690294058,0
2022-09-15 05:00:00,58.23984361720201,59.25548189699125,0
2022-09-15 06:00:00,61.5842257351689,58.66762989404486,0
2022-09-15 07:00:00,69.19513853476103,63.006402629044,0
2022-09-15 08:00:00,67.73788064997602,66.172414973302,0
2022-09-15 09:00:00,63.74713637560199,66.8933851867797,0
2022-09-15 10:00:00,56.77645948678494,62.75382550412098,0
2022-09-15 11:00:00,51.80524208546931,57.44294598261876,0
2022-09-15 12:00:00,51.99124510009404,53.524315557449434,0
2022-09-15 13:00:00,50.38802380543924,51.39483699700087,0
2022-09-15 14:00:00,37.016099635480145,46.46512284700449,0
2022-09-15 15:00:00,30.46777277216621,39.29063207102854,0
2022-09-15 16:00:00,29.34783449342625,32.27723563369088,0
2022-09-15 17:00:00,40.4679040989946,33.42783712152903,0
2022-09-15 18:00:00,41.35344160866209,37.05639340036099,0
2022-09-15 19:00:00,38.20185614849195,40.007733952049556,0
2022-09-15 20:00:00,39.106728538283186,39.554008765145745,0
2022-09-15 21:00:00,43.56729479215031,40.29195982630849,0
2022-09-15 22:00:00,43.07844586719029,41.91748973254127,0
2022-09-15 23:00:00,38.58150476428933,41.74241514120998,0
2022-09-16 00:00:00,37.07273538598837,39.57756200582267,0
2022-09-16 01:00:00,37.27454241777952,37.64292752268575,0
2022-09-16 02:00:00,40.03347596668734,38.12691792348509,0
2022-09-16 03:00:00,38.7073836627224,38.67180068239643,0
2022-09-16 04:00:00,51.29316397596625,43.34467453512534,0
2022-09-16 05:00:00,54.30496663883321,48.101838092507286,0
2022-09-16 06:00:00,58.355570174015064,54.65123359627152,0
2022-09-16 07:00:00,51.25179613488842,54.63744431591224,0
2022-09-16 08:00:00,47.14658131899392,52.251315875965815,0
2022-09-16 09:00:00,49.201378014406565,49.19991848942964,0
2022-09-16 10:00:00,55.01618122977359,50.45471352105803,0
2022-09-16 11:00:00,73.7556499893546,59.32440307784492,0
2022-09-16 12:00:00,66.37943060215308,65.05042060709376,0
2022-09-16 13:00:00,51.992484065288544,64.04252155226541,0
2022-09-16 14:00:00,39.11062938100487,52.49418134948217,0
2022-09-16 15:00:00,45.339556277056055,45.48088990778316,0
2022-09-16 16:00:00,45.81980519480512,43.42333028428868,0
2022-09-16 17:00:00,35.48810366392542,42.215821711928875,0
2022-09-16 18:00:00,31.742330622088435,37.683413160273,0
2022-09-16 19:00:00,39.832756632064644,35.68773030602617,0
2022-09-16 20:00:00,57.7854671280277,43.120184794060265,0
2022-09-16 21:00:00,68.56978085351788,55.396001537870085,0
2022-09-16 22:00:00,75.09803921568611,67.15109573241057,0
2022-09-16 23:00:00,77.7450980392156,73.80430603613986,0
2022-09-17 00:00:00,80.22123784936633,77.68812503475603,0
2022-09-17 01:00:00,85.99445562640803,81.32026383832999,0
2022-09-17 02:00:00,83.51977107180026,83.24515484919154,0
2022-09-17 03:00:00,80.80124869927161,83.43849179915996,-1
2022-09-17 04:00:00,78.04804023586543,80.78968666897912,0
2022-09-17 05:00:00,75.96253902185231,78.27060931899645,0
2022-09-17 06:00:00,73.98543184183156,75.99867036651644,0
2022-09-17 07:00:00,68.97851945591235,72.97549677319874,0
2022-09-17 08:00:00,65.79103162625329,69.58499430799907,0
2022-09-17 09:00:00,61.77170269046122,65.5137512575423,0
2022-09-17 10:00:00,54.45859075475958,60.6737750238247,0
2022-09-17 11:00:00,43.98171200656191,53.404001817260905,0
2022-09-17 12:00:00,39.4418524278553,45.960718396392274,0
2022-09-17 13:00:00,39.78178902967918,41.0684511546988,0
2022-09-17 14:00:00,48.29720621916419,42.506949225566224,0
2022-09-17 15:00:00,59.2009189213803,49.09330472340789,0
2022-09-17 16:00:00,72.52634486812956,60.00815666955802,0
2022-09-17 17:00:00,78.75773194988868,70.16166524646617,0
2022-09-17 18:00:00,77.57220216606505,76.28542632802777,0
2022-09-17 19:00:00,68.72743682310481,75.01912364635285,0
2022-09-17 20:00:00,68.57701564380277,71.62555154432421,0
2022-09-17 21:00:00,66.02737665463297,67.77727637384686,0
2022-09-17 22:00:00,74.69163658243092,69.76534296028889,0
2022-09-17 23:00:00,77.18862815884494,72.63588046530295,0
2022-09-18 00:00:00,73.27015643802673,75.05014039310088,0
2022-09-18 01:00:00,63.62815884476549,71.36231448054572,0
2022-09-18 02:00:00,54.67762996632942,63.85864841637388,0
2022-09-18 03:00:00,50.472412018591434,56.25940027656211,0
2022-09-18 04:00:00,46.17586309246568,50.44196835912885,0
2022-09-18 05:00:00,45.21018934712478,47.28615481939397,0
2022-09-18 06:00:00,45.93661876769257,45.77422373576102,0
2022-09-18 07:00:00,49.42737524307222,46.85806111929653,0
2022-09-18 08:00:00,50.204263147954826,48.52275238623988,0
2022-09-18 09:00:00,37.996478668296255,45.87603901977443,0
2022-09-18 10:00:00,33.822968513462946,40.674570109904685,0
2022-09-18 11:00:00,29.915098491666537,33.911515224475245,0
2022-09-18 12:00:00,47.471353493581596,37.0698068329037,0
2022-09-18 13:00:00,53.0325556882809,43.47300255784302,0
2022-09-18 14:00:00,46.82940241870191,49.11110386685481,0
2022-09-18 15:00:00,35.71541947737345,45.19245919478542,0
2022-09-18 16:00:00,24.784428194150024,35.7764166967418,0
2022-09-18 17:00:00,18.481131425700386,26.32699303240796,0
2022-09-18 18:00:00,14.629303046017554,19.298287555289324,0
2022-09-18 19:00:00,16.12576672643309,16.412067066050348,0
2022-09-18 20:00:00,24.168528170761718,18.30786598107079,0
2022-09-18 21:00:00,22.52786314703539,20.940719348076737,0
2022-09-18 22:00:00,17.60903956257262,21.435143626789912,0
2022-09-18 23:00:00,11.52629504006091,17.221065916556313,0
2022-09-19 00:00:00,14.542901253004501,14.559411951879348,0
2022-09-19 01:00:00,14.987609232728147,13.68560184193119,1
2022-09-19 02:00:00,13.774343303484093,14.434951263072252,0
2022-09-19 03:00:00,10.699874679882186,13.153942405364814,0
2022-09-19 04:00:00,9.416070109994834,11.296762697787043,0
2022-09-19 05:00:00,10.45219221246061,10.189379000779214,1
2022-09-19 06:00:00,12.986379187193876,10.951547169883112,1
2022-09-19 07:00:00,14.222230433563427,12.55360061107264,1
2022-09-19 08:00:00,14.898391720585229,14.035667113780848,1
2022-09-19 09:00:00,14.64048008728863,14.5870340804791,1
2022-09-19 10:00:00,21.555395177072104,17.031422328315326,0
2022-09-19 11:00:00,29.102049288161812,21.765974850840852,0
2022-09-19 12:00:00,39.132432492805044,29.92995898601299,0
2022-09-19 13:00:00,49.6068578234865,39.28044653481779,0
2022-09-19 14:00:00,66.14249431205724,51.627261542782925,0
2022-09-19 15:00:00,73.77895294389073,63.17610169314482,0
2022-09-19 16:00:00,78.16177639957651,72.69440788517483,0
2022-09-19 17:00:00,70.33710156137579,74.09261030161434,0
2022-09-19 18:00:00,73.25671131690642,73.91852975928624,0
2022-09-19 19:00:00,77.82469213570901,73.80616833799708,0
2022-09-19 20:00:00,87.10349525802094,79.3949662368788,0
2022-09-19 21:00:00,90.29096797435058,85.07305178936018,0
2022-09-19 22:00:00,89.64180178347767,89.01208833861641,0
2022-09-19 23:00:00,89.08403068436841,89.67226681406555,-1
2022-09-20 00:00:00,88.06287134156237,88.92956793646948,-1
2022-09-20 01:00:00,82.8379092946903,86.66160377354038,-1
2022-09-20 02:00:00,79.18333682376677,83.36137248667315,0
2022-09-20 03:00:00,71.08615673538753,77.70246761794822,0
2022-09-20 04:00:00,63.894674108479286,71.3880558892112,0
2022-09-20 05:00:00,58.50140569612524,64.49407884666402,0
2022-09-20 06:00:00,59.28778062991489,60.56128681150648,0
2022-09-20 07:00:00,60.302326528949294,59.36383761832982,0
2022-09-20 08:00:00,49.50279730155398,56.364301486806056,0
2022-09-20 09:00:00,33.537428713513684,47.780850848005656,0
2022-09-20 10:00:00,23.41941663010525,35.48654754839097,0
2022-09-20 11:00:00,18.036708787098565,24.99785137690583,0
2022-09-20 12:00:00,17.579231865316498,19.67845242750677,0
2022-09-20 13:00:00,13.929706026252047,16.515215559555703,0
2022-09-20 14:00:00,22.237685780978907,17.915541224182483,0
2022-09-20 15:00:00,36.99009054762013,24.38582745161703,0
2022-09-20 16:00:00,44.536383548308486,34.588053292302504,0
2022-09-20 17:00:00,34.797278425852625,38.77458417392708,0
2022-09-20 18:00:00,26.085960362268708,35.139874112143275,0
2022-09-20 19:00:00,23.715503702041854,28.199580830054398,0
2022-09-20 20:00:00,31.422481489791533,27.074648518034035,0
2022-09-20 21:00:00,29.488262154259832,28.20874911536441,0
2022-09-20 22:00:00,32.031139487243316,30.98062771043156,0
2022-09-20 23:00:00,30.949016503251745,30.822806048251632,0
2022-09-21 00:00:00,34.81963152190756,32.59992917080087,0
2022-09-21 01:00:00,31.322537944293202,32.36372865648416,0
2022-09-21 02:00:00,38.87014593314605,35.0041051331156,0
2022-09-21 03:00:00,43.86104904777108,38.0179109750701,0
2022-09-21 04:00:00,49.946802851367266,44.22599927742812,0
2022-09-21 05:00:00,45.233535482498134,46.347129127212156,0
2022-09-21 06:00:00,41.6643263116293,45.6148882151649,0
2022-09-21 07:00:00,42.55320948403416,43.150357092720526,0
2022-09-21 08:00:00,39.102029834953164,41.1065218768722,0
2022-09-21 09:00:00,45.93988189573508,42.531707071574125,0
2022-09-21 10:00:00,57.48543086405198,47.50911419824674,0
2022-09-21 11:00:00,78.95466697175767,60.793326577181574,0
2022-09-21 12:00:00,89.11190381302275,75.1840005496108,0
2022-09-21 13:00:00,89.62893400453213,85.8985015964375,0
2022-09-21 14:00:00,81.87809481843728,86.87297754533073,-1
2022-09-21 15:00:00,70.52462686147935,80.67721856148292,0
2022-09-21 16:00:00,62.73603082851628,71.71291750281097,0
2022-09-21 17:00:00,69.63752864103685,67.63272877701083,0
2022-09-21 18:00:00,74.0928434844522,68.82213431800177,0
2022-09-21 19:00:00,64.67693373756809,69.46910195435238,0
2022-09-21 20:00:00,46.10641783078426,61.62539835093485,0
2022-09-21 21:00:00,25.095035106793926,45.29279555838209,0
2022-09-21 22:00:00,19.434887315703296,30.21211341776049,0
2022-09-21 23:00:00,14.732485219321461,19.754135880606224,0
2022-09-22 00:00:00,16.824491899378387,16.997288144801043,0
2022-09-22 01:00:00,17.285083905047248,16.28068700791569,1
2022-09-22 02:00:00,21.895835346410333,18.668470383611986,0
2022-09-22 03:00:00,26.728830482816406,21.969916578091325,0
2022-09-22 04:00:00,29.846684059651505,26.157116629626078,0
2022-09-22 05:00:00,28.65011112184754,28.408541888105145,0
2022-09-22 06:00:00,29.96424775340618,29.48701431163507,0
2022-09-22 07:00:00,33.652204721873346,30.75552119904235,0
2022-09-22 08:00:00,47.49375578304849,37.036736086109336,0
2022-09-22 09:00:00,66.95364854191597,49.36653634894592,0
2022-09-22 10:00:00,82.88677658742722,65.77806030413056,0
2022-09-22 11:00:00,91.46651044717817,80.43564519217377,0
2022-09-22 12:00:00,90.39065298524805,88.24798000661781,0
2022-09-22 13:00:00,79.87081237464866,87.24265860235829,0
2022-09-22 14:00:00,66.24921563354404,78.83689366448026,0
2022-09-22 15:00:00,57.098228204879014,67.73941873769057,0
2022-09-22 16:00:00,58.17273612439468,60.506726654272576,0
2022-09-22 17:00:00,61.60321975847896,58.95806136258421,0
2022-09-22 18:00:00,68.90984426346631,62.895266715446645,0
2022-09-22 19:00:00,75.04995276926145,68.52100559706889,0
2022-09-22 20:00:00,76.32414631825192,73.42798111699322,0
2022-09-22 21:00:00,67.4293286598644,72.93447591579258,0
2022-09-22 22:00:00,70.13787767916845,71.29711755242825,0
2022-09-22 23:00:00,75.625699017404,71.06430178547895,0
2022-09-23 00:00:00,81.18943013011007,75.65100227556083,0
2022-09-23 01:00:00,78.53590160969435,78.45034358573612,0
2022-09-23 02:00:00,73.72038343280883,77.81523839087107,0
2022-09-23 03:00:00,77.51401700126611,76.59010068125643,0
2022-09-23 04:00:00,80.01446916259742,77.08295653222412,0
2022-09-23 05:00:00,82.7952613492496,80.10791583770437,0
2022-09-23 06:00:00,77.66989066884787,80.1598737268983,0
2022-09-23 07:00:00,64.63494858504788,75.03336686771512,0
2022-09-23 08:00:00,41.09157251768251,61.132137257192745,0
2022-09-23 09:00:00,25.658952792904927,43.795157965211764,0
2022-09-23 10:00:00,12.226465932203672,26.32566374759703,0
2022-09-23 11:00:00,10.85416794995227,16.246528891686953,0
2022-09-23 12:00:00,6.974660077133969,10.0184313197633,0
2022-09-23 13:00:00,5.303538318167394,7.710788781751205,0
2022-09-23 14:00:00,9.014641111942383,7.097613169081245,1
2022-09-23 15:00:00,11.94626333630193,8.754814255470565,1
2022-09-23 16:00:00,19.57199109741491,13.510965181886403,1
2022-09-23 17:00:00,22.96524567711012,18.16116670360898,0
2022-09-23 18:00:00,20.43618708337739,20.99114128596747,0
2022-09-23 19:00:00,22.757907766838965,22.053113509108822,0
2022-09-23 20:00:00,27.66356137649944,23.619218742238598,0
2022-09-23 21:00:00,45.31162913781723,31.911032760385208,0
2022-09-23 22:00:00,67.82183416651363,46.93234156027676,0
2022-09-23 23:00:00,83.39428718367687,65.50925016266923,0
2022-09-24 00:00:00,85.40054928711221,78.87222354576757,0
2022-09-24 01:00:00,74.80007580064425,81.19830409047778,0
2022-09-24 02:00:00,68.63369338639372,76.27810615805005,0
2022-09-24 03:00:00,67.68618533257525,70.3733181732044,0
2022-09-24 04:00:00,68.91512943136638,68.4116693834451,0
2022-09-24 05:00:00,68.71350234413433,68.43827236935864,0
2022-09-24 06:00:00,65.53179512916121,67.72014230155396,0
2022-09-24 07:00:00,57.72718081456795,63.990826095954496,0
2022-09-24 08:00:00,54.730102192256965,59.32969271199537,0
2022-09-24 09:00:00,47.646219214644255,53.367834073823055,0
2022-09-24 10:00:00,44.91805488971176,49.09812543220432,0
2022-09-24 11:00:00,34.37676919187539,42.31368109874379,0
2022-09-24 12:00:00,38.0697468030275,39.121523628204876,0
2022-09-24 13:00:00,41.554331293107786,38.00028242933689,0
2022-09-24 14:00:00,50.41841995326504,43.3474993498001,0
2022-09-24 15:00:00,56.56733047982749,49.5133605754001,0
2022-09-24 16:00:00,58.6472791363737,55.21100985648874,0
2022-09-24 17:00:00,58.625247851949744,57.9466191560503,0
2022-09-24 18:00:00,59.032826613791634,58.76845120070502,0
2022-09-24 19:00:00,60.02423441286633,59.227436292869236,0
2022-09-24 20:00:00,66.40229125357993,61.81978409341263,0
2022-09-24 21:00:00,53.89222340393396,60.10624969012674,0
2022-09-24 22:00:00,40.39171521213449,53.562076623216136,0
2022-09-24 23:00:00,25.18000718817265,39.82131526808037,0
2022-09-25 00:00:00,27.422434367541545,30.998052255949563,0
2022-09-25 01:00:00,34.77326968973737,29.125237081817186,0
2022-09-25 02:00:00,36.961018297533705,33.05224078493754,0
2022-09-25 03:00:00,45.78085655169434,39.171714846321805,0
2022-09-25 04:00:00,49.48765109333355,44.076508647520534,0
2022-09-25 05:00:00,54.13032324268867,49.79961029590552,0
2022-09-25 06:00:00,53.00572407471369,52.2078994702453,0
2022-09-25 07:00:00,64.09049582833227,57.075514381911546,0
2022-09-25 08:00:00,75.2054618851858,64.10056059607724,0
2022-09-25 09:00:00,78.13107740178937,72.47567837176915,0
2022-09-25 10:00:00,75.51313629598714,76.28322519432078,0
2022-09-25 11:00:00,74.5412406450369,76.06181811427113,0
2022-09-25 12:00:00,73.79976671280473,74.6180478846096,0
2022-09-25 13:00:00,55.056874480158775,67.79929394600013,0
2022-09-25 14:00:00,35.81564068688301,54.89076062661551,0
2022-09-25 15:00:00,26.964205180863143,39.278906782634984,0
2022-09-25 16:00:00,32.062615101289204,31.61415365634512,0
2022-09-25 17:00:00,40.276243093922794,33.101021125358386,0
2022-09-25 18:00:00,35.184162062615314,35.841006752609104,0
2022-09-25 19:00:00,29.806629834254224,35.089011663597454,0
2022-09-25 20:00:00,20.423572744014674,28.47145488029474,0
2022-09-25 21:00:00,16.41087046334609,22.213691013871667,0
2022-09-25 22:00:00,18.86543047615736,18.566624561172713,1
2022-09-25 23:00:00,23.672364578167237,19.649555172556898,0
2022-09-26 00:00:00,27.907246376811685,23.481680477045433,0
2022-09-26 01:00:00,35.03491794958566,28.871509634854863,0
2022-09-26 02:00:00,39.96478169017436,34.30231533885724,0
2022-09-26 03:00:00,47.82677342617134,40.942157688643796,0
2022-09-26 04:00:00,43.658651579443585,43.816735565263095,0
2022-09-26 05:00:00,37.744998989694885,43.07680799843661,0
2022-09-26 06:00:00,27.138850760515762,36.18083377655142,0
2022-09-26 07:00:00,39.47362964510546,34.78582646510537,0
2022-09-26 08:00:00,62.65237352054584,43.08828464205569,0
2022-09-26 09:00:00,78.97286306371265,60.36628874312132,0
2022-09-26 10:00:00,76.8990530858675,72.841429890042,0
2022-09-26 11:00:00,56.10909968621769,70.66033861193262,0
2022-09-26 12:00:00,55.681859849189415,62.896670873758204,0
2022-09-26 13:00:00,59.862262145473494,57.21774056029354,0
2022-09-26 14:00:00,71.99063231850114,62.511584771054686,0
2022-09-26 15:00:00,72.9534218058808,68.26877208995181,0
2022-09-26 16:00:00,67.43689825657036,70.79365079365077,0
2022-09-26 17:00:00,66.08899297423896,68.82643767889671,0
2022-09-26 18:00:00,68.97215716887845,67.49934946656259,0
2022-09-26 19:00:00,75.01951600312258,70.02688871541334,0
2022-09-26 20:00:00,75.01431173562311,73.00199496920804,0
2022-09-26 21:00:00,68.33652521007495,72.79011764960688,0
2022-09-26 22:00:00,62.955864522363015,68.7689004893537,0
2022-09-26 23:00:00,69.7835887694422,67.02532616729339,0
2022-09-27 00:00:00,82.79580823968247,71.84508717716255,0
2022-09-27 01:00:00,90.60981032094843,81.06306911002436,0
2022-09-27 02:00:00,94.10555405109585,89.17039087057559,0
2022-09-27 03:00:00,90.60291966720503,91.77276134641643,-1
2022-09-27 04:00:00,88.04321282220519,90.91722884683536,-1
2022-09-27 05:00:00,86.10841121495343,88.25151456812121,-1
2022-09-27 06:00:00,86.71164034176836,86.95442145964233,-1
2022-09-27 07:00:00,88.1823635051591,87.00080502062697,0
2022-09-27 08:00:00,84.70514510129466,86.53304964940737,-1
2022-09-27 09:00:00,84.21984937716833,85.70245266120736,-1
2022-09-27 10:00:00,85.2064512836217,84.7104819206949,0
2022-09-27 11:00:00,87.33871792900048,85.58833952993018,0
2022-09-27 12:00:00,89.2903289077829,87.27849937346836,0
2022-09-27 13:00:00,87.9273543195905,88.18546705212462,-1
2022-09-27 14:00:00,85.98964926555749,87.73577749764364,-1
2022-09-27 15:00:00,66.11532581447136,80.01077646653978,0
2022-09-27 16:00:00,42.475781893150675,64.86025232439317,0
2022-09-27 17:00:00,16.94607554371139,41.845727750444475,0
2022-09-27 18:00:00,13.467744852460365,24.29653409644081,0
2022-09-27 19:00:00,14.737530075630723,15.050450157267493,0
2022-09-27 20:00:00,18.250185361720167,15.485153429937085,1
2022-09-27 21:00:00,15.155174240016988,16.04762989245596,0
2022-09-27 22:00:00,15.11068742717932,16.17201567630549,0
2022-09-27 23:00:00,15.172121597288372,15.145994421494892,1
2022-09-28 00:00:00,17.32867281008361,15.870493944850432,1
2022-09-28 01:00:00,15.873318504395717,16.124704303922567,0
2022-09-28 02:00:00,13.092450461623164,15.431480592034163,0
2022-09-28 03:00:00,12.233680991389333,13.733149985802738,0
2022-09-28 04:00:00,13.639262542056324,12.98846466502294,1
2022-09-28 05:00:00,18.677549948948393,14.850164494131349,1
2022-09-28 06:00:00,23.29715703619422,18.537989842399643,0
2022-09-28 07:00:00,31.206638131729434,24.39378170562402,0
2022-09-28 08:00:00,35.04273504273496,29.848843403552873,0
2022-09-28 09:00:00,33.23788450692002,33.16241922712814,0
2022-09-28 10:00:00,43.02572779730148,37.10211578231882,0
2022-09-28 11:00:00,52.397067117879395,42.886893140700295,0
2022-09-28 12:00:00,70.58874571564934,55.337180210276735,0
2022-09-28 13:00:00,75.68224217970409,66.22268500441093,0
2022-09-28 14:00:00,84.65272392135738,76.97457060557026,0
2022-09-28 15:00:00,91.2143996413318,83.84978858079775,0
2022-09-28 16:00:00,91.19857344243114,89.02189900170679,0
2022-09-28 17:00:00,84.50934519084387,88.9741060915356,-1
2022-09-28 18:00:00,81.50787922530985,85.73859928619494,-1
2022-09-28 19:00:00,82.52135209912198,82.84619217175856,-1
2022-09-28 20:00:00,89.20666426079644,84.41196519507609,0
2022-09-28 21:00:00,87.9057393123029,86.54458522407377,0
2022-09-28 22:00:00,83.47381540984422,86.86207299431452,-1
2022-09-28 23:00:00,76.31534251871234,82.56496574695315,0
2022-09-29 00:00:00,68.47720899832055,76.08878897562569,0
2022-09-29 01:00:00,65.27556433613891,70.0227052843906,0
2022-09-29 02:00:00,60.32940216164443,64.6940584987013,0
2022-09-29 03:00:00,60.4054573737875,62.00347462385694,0
2022-09-29 04:00:00,58.662079224159356,59.79897958653043,0
2022-09-29 05:00:00,52.83519799717451,57.30091153170712,0
2022-09-29 06:00:00,39.93675595238097,50.47801105790494,0
2022-09-29 07:00:00,25.872241586429876,39.54806517866178,0
2022-09-29 08:00:00,18.579396351339746,28.129464630050194,0
2022-09-29 09:00:00,24.2080020194369,22.88654665240217,0
2022-09-29 10:00:00,28.922125457528605,23.90317460943508,0
2022-09-29 11:00:00,40.344173318783426,31.15810026524964,0
2022-09-29 12:00:00,34.018713774471586,34.42833751692786,0
2022-09-29 13:00:00,26.850986673211803,33.737957922155594,0
2022-09-29 14:00:00,25.78996063234653,28.886553693343302,0
2022-09-29 15:00:00,37.785157582336346,30.142034962631556,0
2022-09-29 16:00:00,59.24445455382115,40.93985758950134,0
2022-09-29 17:00:00,61.4400465926544,52.823219576270624,0
2022-09-29 18:00:00,61.29909120415467,60.66119745021007,0
2022-09-29 19:00:00,59.59104186952296,60.77672655544401,0
2022-09-29 20:00:00,69.40928270042203,63.43313859136654,0
2022-09-29 21:00:00,74.75657254138274,67.9189657037759,0
2022-09-29 22:00:00,76.712106458942,73.62598723358225,0
2022-09-29 23:00:00,80.08357676079201,77.18408525370558,0
2022-09-30 00:00:00,83.13747395786196,79.97771905919865,0
2022-09-30 01:00:00,83.73427163621474,82.31844078495622,0
2022-09-30 02:00:00,73.28054471731322,80.05076343712996,0
2022-09-30 03:00:00,67.6344579603704,74.88309143796612,0
2022-09-30 04:00:00,59.55327118552396,66.82275795440252,0
2022-09-30 05:00:00,57.94099655066639,61.7095752321869,0
2022-09-30 06:00:00,54.762719598448676,57.418995778213,0
2022-09-30 07:00:00,62.55418663016206,58.419300926425706,0
2022-09-30 08:00:00,70.73476383691768,62.68389002184279,0
2022-09-30 09:00:00,70.57495153550924,67.95463400086298,0
2022-09-30 10:00:00,59.90505453879799,67.07158997040828,0
2022-09-30 11:00:00,43.758468834688266,58.079491636331824,0
2022-09-30 12:00:00,37.24445967388855,46.969327682458264,0
2022-09-30 13:00:00,43.4810883933215,41.494672300632764,0
2022-09-30 14:00:00,64.03749688769254,48.254348318300856,0
2022-09-30 15:00:00,72.79172747144389,60.10343758415263,0
2022-09-30 16:00:00,70.99497200002509,69.2747321197205,0
2022-09-30 17:00:00,57.9892171922533,67.25863888790741,0
2022-09-30 18:00:00,55.305563085449215,61.42991742590919,0
2022-09-30 19:00:00,48.140116261558326,53.811632179753595,0
2022-09-30 20:00:00,40.52588777446459,47.99052237382403,0
2022-09-30 21:00:00,31.240022890876784,39.968675642299885,0
2022-09-30 22:00:00,28.559380741543933,33.441763802295085,0
2022-09-30 23:00:00,28.423842655341712,29.40774876258746,0
2022-10-01 00:00:00,29.661757175988637,28.881660190958076,0
2022-10-01 01:00:00,30.721966205837152,29.602522012389148,0
2022-10-01 02:00:00,26.703957858624065,29.029227080149937,0
2022-10-01 03:00:00,23.347949413498686,26.924624492653283,0
2022-10-01 04:00:00,19.049624482347024,23.033843918156578,0
2022-10-01 05:00:00,17.320820788184502,19.90613156134339,0
2022-10-01 06:00:00,14.323917315001196,16.89812086184423,0
2022-10-01 07:00:00,12.71644244345218,14.787060182212613,0
2022-10-01 08:00:00,14.598425730199756,13.879595162884364,1
2022-10-01 09:00:00,21.96902486839201,16.42796434734797,0
2022-10-01 10:00:00,30.413458603359118,22.326969733983617,0
2022-10-01 11:00:00,40.25317592908754,30.878553133612872,0
2022-10-01 12:00:00,44.15383490287431,38.273489811773636,0
2022-10-01 13:00:00,49.471057884231605,44.626022905397804,0
2022-10-01 14:00:00,52.705825462477016,48.77690608319429,0
2022-10-01 15:00:00,58.8746561859098,53.68384651087279,0
2022-10-01 16:00:00,57.273768613974795,56.28475008745386,0
2022-10-01 17:00:00,53.156788937548555,56.43507124581104,0
2022-10-01 18:00:00,50.903050132403926,53.77786922797575,0
2022-10-01 19:00:00,49.39524281341901,51.15169396112382,0
2022-10-01 20:00:00,47.301535405582655,49.19994278380185,0
2022-10-01 21:00:00,46.978557504873294,47.89177857462497,0
2022-10-01 22:00:00,54.35997400909673,49.54668897318422,0
2022-10-01 23:00:00,62.261208576997866,54.53324669698929,0
2022-10-02 00:00:00,60.701754385964726,59.107645657353096,0
2022-10-02 01:00:00,55.71229545641549,59.558419473126015,0
2022-10-02 02:00:00,53.30643445099861,56.57349476445959,0
2022-10-02 03:00:00,58.47436452139916,55.83103147627107,0
2022-10-02 04:00:00,67.9449504758832,59.90858314942697,0
2022-10-02 05:00:00,71.2772772484932,65.89886408192517,0
2022-10-02 06:00:00,62.98531521163761,67.40251431200466,0
2022-10-02 07:00:00,50.36925142665336,61.54394796226138,0
2022-10-02 08:00:00,42.396777442094724,51.91711469346188,0
2022-10-02 09:00:00,39.375629405840925,44.04721942486299,0
2022-10-02 10:00:00,31.34388521850762,37.70543068881441,0
2022-10-02 11:00:00,31.353909601643817,34.024474741997444,0
2022-10-02 12:00:00,32.23443223443223,31.644075684861207,0
2022-10-02 13:00:00,37.44505494505507,33.67779892704369,0
2022-10-02 14:00:00,29.670329670329664,33.116605616605646,0
2022-10-02 15:00:00,28.434065934065927,31.849816849816875,0
2022-10-02 16:00:00,32.04212454212467,30.048840048840074,0
2022-10-02 17:00:00,40.58608058608065,33.68742368742374,0
2022-10-02 18:00:00,47.16117216117215,39.92979242979248,0
2022-10-02 19:00:00,53.73189203469647,47.15971492731641,0
2022-10-02 20:00:00,59.72366018591714,53.53890812726191,0
2022-10-02 21:00:00,60.34053588395153,57.932029368188374,0
2022-10-02 22:00:00,53.02355187778465,57.69591598255109,0
2022-10-02 23:00:00,43.5233006332435,52.29579613165988,0
2022-10-03 00:00:00,40.16872641231208,45.5718596411134,0
2022-10-03 01:00:00,49.36070998796644,44.35091234450732,0
2022-10-03 02:00:00,55.370036101082995,48.299824167120484,0
2022-10-03 03:00:00,61.04091456077021,55.257220216606534,0
2022-10-03 04:00:00,51.94795427196146,56.11963497793821,0
2022-10-03 05:00:00,59.920276774969864,57.63638186923382,0
2022-10-03 06:00:00,62.00361010830297,57.957280385078086,0
2022-10-03 07:00:00,69.52466907340524,63.81618531889268,0
2022-10-03 08:00:00,65.9371239470514,65.82180104291986,0
2022-10-03 09:00:00,66.18232427942462,67.21470576662706,0
2022-10-03 10:00:00,70.60661129248369,67.57535317298657,0
2022-10-03 11:00:00,76.41942498187952,71.06945351792926,0
2022-10-03 12:00:00,82.45953128775048,76.49518918737122,0
2022-10-03 13:00:00,75.06688577513125,77.98194734825374,0
2022-10-03 14:00:00,74.59117191792284,77.37252966026819,0
2022-10-03 15:00:00,67.5073662883775,72.38847466047719,0
2022-10-03 16:00:00,75.08860873817038,72.3957156481569,0
2022-10-03 17:00:00,77.67020539917915,73.422060141909,0
2022-10-03 18:00:00,87.57990708584946,80.11290707439964,0
2022-10-03 19:00:00,87.33327503112218,84.19446250538358,0
2022-10-03 20:00:00,87.02134213197456,87.31150808298206,-1
2022-10-03 21:00:00,83.04743952246335,85.80068556185336,-1
2022-10-03 22:00:00,81.51429469054368,83.8610254483272,-1
2022-10-03 23:00:00,79.65191309640207,81.40454910313635,0
2022-10-04 00:00:00,76.5388312488186,79.23501301192144,0
2022-10-04 01:00:00,72.44040713095369,76.21038382539145,0
2022-10-04 02:00:00,67.70536661640669,72.22820166539297,0
2022-10-04 03:00:00,68.95151224677467,69.69909533137833,0
2022-10-04 04:00:00,70.50812651966814,69.05500179428316,0
2022-10-04 05:00:00,71.30832767438038,70.25598881360771,0
2022-10-04 06:00:00,76.7628209668694,72.85975838697264,0
2022-10-04 07:00:00,86.92588432310767,78.33234432145247,0
2022-10-04 08:00:00,83.8033966784964,82.49736732282447,0
2022-10-04 09:00:00,75.40695909217466,82.04541336459289,0
2022-10-04 10:00:00,66.18187086859831,75.13074221308977,0
2022-10-04 11:00:00,67.64330585001987,69.74404527026427,0
2022-10-04 12:00:00,69.65547703180236,67.8268845834735,0
2022-10-04 13:00:00,76.24165685119776,71.18014657767331,0
2022-10-04 14:00:00,79.48191992732056,75.1263512701069,0
2022-10-04 15:00:00,80.13267511867294,78.61875063239707,0
2022-10-04 16:00:00,70.03016761288359,76.54825421962569,0
2022-10-04 17:00:00,65.54776316399546,71.90353529851733,0
2022-10-04 18:00:00,65.49912557536202,67.025685450747,0
2022-10-04 19:00:00,74.94599596553147,68.66429490162965,0
2022-10-04 20:00:00,78.93307865518737,73.12606673202694,0
2022-10-04 21:00:00,76.92985299254654,76.93630920442179,0
2022-10-04 22:00:00,71.07687877915355,75.64660347562914,0
2022-10-04 23:00:00,70.87520753980435,72.96064643716814,0
2022-10-05 00:00:00,64.76335337498386,68.90514656464724,0
2022-10-05 01:00:00,59.256628852659965,64.96506325581605,0
2022-10-05 02:00:00,51.347822276241864,58.45593483462856,0
2022-10-05 03:00:00,51.2612612612614,53.95523746338773,0
2022-10-05 04:00:00,46.396396396396575,49.66849331129995,0
2022-10-05 05:00:00,46.624271330153825,48.09397632927059,0
2022-10-05 06:00:00,49.782723900371025,47.601130542307125,0
2022-10-05 07:00:00,50.90341890986815,49.10347138013099,0
2022-10-05 08:00:00,42.415191673593114,47.70044482794409,0
2022-10-05 09:00:00,28.17965923139757,40.499423271619605,0
2022-10-05 10:00:00,23.904711189734048,31.499854031574902,0
2022-10-05 11:00:00,21.158518110112013,24.4142961770812,0
2022-10-05 12:00:00,20.597994937352343,21.887074745732793,0
2022-10-05 13:00:00,17.132477407785313,19.629663485083213,0
2022-10-05 14:00:00,20.88721139826905,19.539227914468892,0
2022-10-05 15:00:00,32.333626382784445,23.451105062946258,0
2022-10-05 16:00:00,55.205989892773204,36.14227589127555,0
2022-10-05 17:00:00,69.96674083505914,52.50211903687225,0
2022-10-05 18:00:00,83.29652151417129,69.48975074733454,0
2022-10-05 19:00:00,75.01801829007425,76.09376021310156,0
2022-10-05 20:00:00,64.8175270651829,74.3773556231428,0
2022-10-05 21:00:00,52.436495593571784,64.0906803162763,0
2022-10-05 22:00:00,56.07568688439608,57.77656984771691,0
2022-10-05 23:00:00,65.01814411612236,57.84344219803006,0
2022-10-06 00:00:00,74.88015299688847,65.32466133246896,0
2022-10-06 01:00:00,80.73345670552395,73.54391793951159,0
2022-10-06 02:00:00,85.92548282337994,80.51303084193079,0
2022-10-06 03:00:00,87.91658446918781,84.8585079993639,0
2022-10-06 04:00:00,85.26873660992804,86.37026796749859,-1
2022-10-06 05:00:00,80.48293712084376,84.55608606665321,-1
2022-10-06 06:00:00,65.49928018679613,77.08365130585597,0
2022-10-06 07:00:00,55.03677022588544,67.00632917784178,0
2022-10-06 08:00:00,43.78648874061722,54.77417971776625,0
2022-10-06 09:00:00,38.46260772866294,45.76195556505519,0
2022-10-06 10:00:00,31.904713509994977,38.0512699930917,0
2022-10-06 11:00:00,37.29905796863986,35.88879306909925,0
2022-10-06 12:00:00,38.13022892201806,35.77800013355096,0
2022-10-06 13:00:00,33.168036434674185,36.19910777511069,0
2022-10-06 14:00:00,28.878248996616822,33.39217145110301,0
2022-10-06 15:00:00,27.026029968825416,29.6907718000388,0
2022-10-06 16:00:00,31.24566273421243,29.04998056655155,0
2022-10-06 17:00:00,31.94540828128613,30.07236699477465,0
2022-10-06 18:00:00,33.63398695435395,32.27501932328416,0
2022-10-06 19:00:00,33.68139754783069,33.08693092782358,0
2022-10-06 20:00:00,32.72984692203038,33.34841047473833,0
2022-10-06 21:00:00,25.727906123945928,30.71305019793566,0
2022-10-06 22:00:00,19.059209451340042,25.838987499105443,0
2022-10-06 23:00:00,13.793622242246522,19.526912605844156,0
2022-10-07 00:00:00,20.841167049648508,17.89799958107835,0
2022-10-07 01:00:00,27.28918598983387,20.641325093909625,0
2022-10-07 02:00:00,31.844750482221883,26.65836784056808,0
2022-10-07 03:00:00,32.70533568300457,30.613090718353433,0
2022-10-07 04:00:00,29.968313969941732,31.50613337838939,0
2022-10-07 05:00:00,27.004119138149704,29.892589597031996,0
2022-10-07 06:00:00,19.825010534583527,25.599147880891646,0
2022-10-07 07:00:00,25.260753870519125,24.029961181084108,0
2022-10-07 08:00:00,36.32036299410954,27.135375799737385,0
2022-10-07 09:00:00,54.23929684350468,38.60680456937777,0
2022-10-07 10:00:00,67.09870946293076,52.55278976684832,0
2022-10-07 11:00:00,72.5252616838433,64.6210893300929,0
2022-10-07 12:00:00,59.6831992471357,66.43572346463658,0
2022-10-07 13:00:00,41.82703057448308,58.011830501820675,0
2022-10-07 14:00:00,25.815926892950333,42.442052238189696,0
2022-10-07 15:00:00,23.928416013925055,30.523791160452813,0
2022-10-07 16:00:00,20.46235372233272,23.402232209736027,0
2022-10-07 17:00:00,15.390757867192725,19.927175867816825,0
2022-10-07 18:00:00,15.07561849812039,16.9762433625486,0
2022-10-07 19:00:00,17.405367602063013,15.957247989125369,1
2022-10-07 20:00:00,23.000262260687027,18.49374945362347,0
2022-10-07 21:00:00,28.04440947635265,22.816679779700888,0
2022-10-07 22:00:00,31.93898068012915,27.6612174723896,0
2022-10-07 23:00:00,31.104117492787662,30.36250254975648,0
2022-10-08 00:00:00,30.981729172130287,31.34160911501569,0
2022-10-08 01:00:00,32.817553981991296,31.634466882303073,0
2022-10-08 02:00:00,44.46684072758103,36.088707960567525,0
2022-10-08 03:00:00,49.648841881257944,42.31107886361008,0
2022-10-08 04:00:00,50.44610458234319,48.187262397060714,0
2022-10-08 05:00:00,48.99350358889456,49.69615001749855,0
2022-10-08 06:00:00,50.13860040769893,49.85940285964555,0
2022-10-08 07:00:00,52.41657034993008,50.51622478217451,0
2022-10-08 08:00:00,40.734221345713415,47.763130701114136,0
2022-10-08 09:00:00,34.80997762378794,42.65358977314381,0
2022-10-08 10:00:00,31.329141415511174,35.62444679500417,0
2022-10-08 11:00:00,41.3873084384173,35.84214249257213,0
2022-10-08 12:00:00,44.399226796149804,39.03855888335942,0
2022-10-08 13:00:00,41.40022954582732,42.39558826013147,0
2022-10-08 14:00:00,38.113089333263936,41.304181891747014,0
2022-10-08 15:00:00,36.41888357922954,38.64406748610693,0
2022-10-08 16:00:00,51.979633494996996,42.170535469163475,0
2022-10-08 17:00:00,58.19751494428894,48.86534400617182,0
2022-10-08 18:00:00,59.793663403367475,56.656937280884456,0
2022-10-08 19:00:00,48.168355416991126,55.3865112548825,0
2022-10-08 20:00:00,36.74329073408706,48.235103184815216,0
2022-10-08 21:00:00,33.045597908004886,39.319081353027684,0
2022-10-08 22:00:00,35.21191820263485,35.00026894824226,0
2022-10-08 23:00:00,45.927890755477414,38.06180228870571,0
2022-10-09 00:00:00,53.51213282247784,44.883980593530026,0
2022-10-09 01:00:00,58.122224921943165,52.520749499966136,0
2022-10-09 02:00:00,53.767351870749046,55.133903205056676,0
2022-10-09 03:00:00,51.740737925791585,54.543438239494584,0
2022-10-09 04:00:00,50.73316811235068,52.080419302963755,0
2022-10-09 05:00:00,55.35935563816639,52.611087225436215,0
2022-10-09 06:00:00,61.600996204976184,55.89783998516441,0
2022-10-09 07:00:00,64.82235670024751,60.594236181130015,0
2022-10-09 08:00:00,67.14870614443616,64.52401968321993,0
2022-10-09 09:00:00,69.67179668861952,67.21428651110105,0
2022-10-09 10:00:00,74.8144985589142,70.54500046398995,0
2022-10-09 11:00:00,75.09103298221468,73.19244274324946,0
2022-10-09 12:00:00,75.11827832723134,75.00793662278673,0
2022-10-09 13:00:00,68.71492434663006,72.97474521869201,0
2022-10-09 14:00:00,70.77777777777807,71.53699348387981,0
2022-10-09 15:00:00,75.47222222222241,71.65497478221018,0
2022-10-09 16:00:00,80.8750000000004,75.70833333333361,0
2022-10-09 17:00:00,78.86111111111151,78.4027777777781,0
2022-10-09 18:00:00,76.00638138138179,78.58083083083123,0
2022-10-09 19:00:00,69.59521906699335,74.8209038531622,0
2022-10-09 20:00:00,68.0582887034501,71.2199630506084,0
2022-10-09 21:00:00,62.31950844854081,66.65767207299474,0
2022-10-09 22:00:00,51.643625192012394,60.67380744800109,0
2022-10-09 23:00:00,44.900153609830916,52.954429083461356,0
2022-10-10 00:00:00,46.91244239631303,47.81874039938544,0
2022-10-10 01:00:00,63.33282130056324,51.715139102235725,0
2022-10-10 02:00:00,68.97235023041499,59.7392046424304,0
2022-10-10 03:00:00,62.93650793650851,65.08055982249557,0
2022-10-10 04:00:00,57.66666666666713,63.19184161119687,0
2022-10-10 05:00:00,48.31746031746055,56.30687830687872,0
2022-10-10 06:00:00,39.82306018854241,48.60239572422335,0
2022-10-10 07:00:00,31.427362823301664,39.855961109768195,0
2022-10-10 08:00:00,29.41296157877781,33.55446153020728,0
2022-10-10 09:00:00,38.00465101159656,32.948325137892,0
2022-10-10 10:00:00,39.287102577640944,35.568238389338426,0
2022-10-10 11:00:00,47.599966608230915,41.63057339915613,0
2022-10-10 12:00:00,55.06302696385339,47.31669871657507,0
2022-10-10 13:00:00,58.468987394607154,53.71066032223047,0
2022-10-10 14:00:00,52.5336004674845,55.35520494198167,0
2022-10-10 15:00:00,40.77768823670817,50.593425366266594,0
2022-10-10 16:00:00,27.833719866940537,40.381669523711054,0
2022-10-10 17:00:00,35.99157538626588,34.86766116330485,0
2022-10-10 18:00:00,33.743254458969425,32.522849904058596,0
2022-10-10 19:00:00,40.91118912104624,36.88200632209384,0
2022-10-10 20:00:00,34.9223364425208,36.52559334084547,0
2022-10-10 21:00:00,38.33303090788135,38.05551882381611,0
2022-10-10 22:00:00,37.4453643804708,36.90024391029097,0
2022-10-10 23:00:00,33.335212591026426,36.37120262645951,0
2022-10-11 00:00:00,26.200339686377948,32.32697221929171,0
2022-10-11 01:00:00,22.86346520880653,27.466339162070284,0
2022-10-11 02:00:00,21.127520399217484,23.397108431467302,0
2022-10-11 03:00:00,21.736679221034123,21.90922160968603,0
2022-10-11 04:00:00,23.527730844607333,22.130643488286296,0
2022-10-11 05:00:00,22.702249208971395,22.655553091537598,0
2022-10-11 06:00:00,24.321105288232474,23.517028447270388,0
2022-10-11 07:00:00,28.233762843963458,25.08570578038909,0
2022-10-11 08:00:00,37.14249953336762,29.899122555187834,0
2022-10-11 09:00:00,39.69372685475342,35.02332974402815,0
2022-10-11 10:00:00,42.204144877009334,39.68012375504344,0
2022-10-11 11:00:00,49.29155871088013,43.72981014754762,0
2022-10-11 12:00:00,58.73097825298722,50.07556061362555,0
2022-10-11 13:00:00,49.082690957219654,52.36840930702899,0
2022-10-11 14:00:00,40.50710849384163,49.44025923468282,0
2022-10-11 15:00:00,42.66401931364346,44.084606254901566,0
2022-10-11 16:00:00,61.91056910569105,48.36056563772536,0
2022-10-11 17:00:00,69.58536585365864,58.0533180909977,0
2022-10-11 18:00:00,55.79674796747992,62.43089430894319,0
2022-10-11 19:00:00,43.22764227642282,56.203252032520446,0
2022-10-11 20:00:00,34.36585365853664,44.46341463414645,0
2022-10-11 21:00:00,37.13821138211376,38.243902439024396,0
2022-10-11 22:00:00,40.577235772357604,37.36043360433599,0
2022-10-11 23:00:00,43.959349593495695,40.55826558265567,0
2022-10-12 00:00:00,50.617886178861674,45.05149051490498,0
2022-10-12 01:00:00,52.52845528455273,49.03523035230335,0
2022-10-12 02:00:00,56.5817097224224,53.242683728612256,0
2022-10-12 03:00:00,56.44292105642924,55.184362021134774,0
2022-10-12 04:00:00,61.15155557165454,58.05872878350204,0
2022-10-12 05:00:00,65.12392283687468,60.90613315498614,0
2022-10-12 06:00:00,73.63606455938857,66.63718098930592,0
2022-10-12 07:00:00,74.78631751879281,71.18210163835201,0
2022-10-12 08:00:00,76.36342266102484,74.9286015797354,0
2022-10-12 09:00:00,77.32106688423086,76.15693568801616,0
2022-10-12 10:00:00,79.99669537271099,77.89372830598889,0
2022-10-12 11:00:00,72.78903025578408,76.70226417090863,0
2022-10-12 12:00:00,62.3243450071301,71.70335687854171,0
2022-10-12 13:00:00,59.91237132285571,65.00858219525662,0
2022-10-12 14:00:00,60.595944609297504,60.94422031309443,0
2022-10-12 15:00:00,68.19980217606302,62.90270603607207,0
2022-10-12 16:00:00,65.73936696340212,64.84503791625421,0
2022-10-12 17:00:00,65.66518298714118,66.53478404220209,0
2022-10-12 18:00:00,62.94510385756652,64.78321793603659,0
2022-10-12 19:00:00,68.16271018793255,65.59099901088007,0
2022-10-12 20:00:00,78.41255597535091,69.84012334028331,0
2022-10-12 21:00:00,86.52504051221257,77.70010222516534,0
2022-10-12 22:00:00,84.00505681686542,82.98088443480962,0
2022-10-12 23:00:00,77.703563285138,82.744553538072,0
2022-10-13 00:00:00,69.74976243268934,77.1527941782309,0
2022-10-13 01:00:00,65.18847006651885,70.88059859478206,0
2022-10-13 02:00:00,51.65595662732437,62.1980630421775,0
2022-10-13 03:00:00,38.96916904233962,51.93786524539427,0
2022-10-13 04:00:00,31.623188405797208,40.74943802515372,0
2022-10-13 05:00:00,32.188405797101765,34.26025441507952,0
2022-10-13 06:00:00,28.101449275362526,30.63768115942049,0
2022-10-13 07:00:00,23.037582903463356,27.77581265864254,0
2022-10-13 08:00:00,18.84868582657815,23.32923933513467,0
2022-10-13 09:00:00,17.502824858756814,19.79636452959943,0
2022-10-13 10:00:00,17.67297142389256,18.00816070307583,0
2022-10-13 11:00:00,20.625153524932426,18.600316602527258,0
2022-10-13 12:00:00,28.091734059305704,22.12995300271022,0
2022-10-13 13:00:00,35.11273921050536,27.943208931581154,0
2022-10-13 14:00:00,38.892966611572,34.03247996046101,0
2022-10-13 15:00:00,55.42766643956988,43.14445742054907,0
2022-10-13 16:00:00,72.48724209541223,55.60262504885136,0
2022-10-13 17:00:00,90.51207013852017,72.80899289116742,0
2022-10-13 18:00:00,93.14122505600464,85.38017909664568,0
2022-10-13 19:00:00,93.09424919918656,92.24918146457044,0
2022-10-13 20:00:00,92.56916329284762,92.9348791826796,-1
2022-10-13 21:00:00,92.19804318488544,92.62048522563987,-1
2022-10-13 22:00:00,93.46744264507431,92.74488304093579,0
2022-10-13 23:00:00,93.29875168690967,92.9880791722898,0
2022-10-14 00:00:00,93.44424763832662,93.40348065677018,0
2022-10-14 01:00:00,93.53992923538534,93.42764285354053,0
2022-10-14 02:00:00,93.7892686142086,93.59114849597351,0
2022-10-14 03:00:00,92.89345137844957,93.40754974268116,-1
2022-10-14 04:00:00,91.33767563980388,92.67346521082068,-1
2022-10-14 05:00:00,89.09601886226774,91.10904862684039,-1
2022-10-14 06:00:00,85.96634975777651,88.8000147532827,-1
2022-10-14 07:00:00,76.19262970574927,83.75166610859783,0
2022-10-14 08:00:00,63.33281276219623,75.16393074190734,0
2022-10-14 09:00:00,53.18085874151064,64.23543373648538,0
2022-10-14 10:00:00,51.75784360566965,56.09050503645883,0
2022-10-14 11:00:00,50.01439398669394,51.65103211129141,0
2022-10-14 12:00:00,57.89522930640775,53.22248896625711,0
2022-10-14 13:00:00,56.517751160030144,54.809124817710604,0
2022-10-14 14:00:00,48.86311713931209,54.42536586858332,0
2022-10-14 15:00:00,26.92146553159589,44.10077794364603,0
2022-10-14 16:00:00,13.486240582070613,29.75694108432619,0
2022-10-14 17:00:00,14.722277219511108,18.376661111059192,0
2022-10-14 18:00:00,15.741241976433885,14.649919926005191,1
2022-10-14 19:00:00,14.345191173692877,14.93623678987928,0
2022-10-14 20:00:00,9.98301429630051,13.356482482142416,0
2022-10-14 21:00:00,7.629553806500357,10.652586425497907,0
2022-10-14 22:00:00,8.64852956922733,8.75369922400939,0
2022-10-14 23:00:00,9.963005485393646,8.747029620373768,1
2022-10-15 00:00:00,13.934600501764839,10.848711852128595,1
2022-10-15 01:00:00,14.60645490496249,12.834686964040316,1
2022-10-15 02:00:00,15.79508972232864,14.778715043018648,1
2022-10-15 03:00:00,17.481904721987746,15.96114978309295,1
2022-10-15 04:00:00,21.799231329650382,18.35874192465558,0
2022-10-15 05:00:00,26.85931713101552,22.046817727551204,0
2022-10-15 06:00:00,30.320528999576194,26.32635915341402,0
2022-10-15 07:00:00,32.69144973172552,29.9570986207724,0
2022-10-15 08:00:00,26.819587123471745,29.943855284924478,0
2022-10-15 09:00:00,28.53476492992155,29.348600595039596,0
2022-10-15 10:00:00,38.1750465549347,31.176466202775988,0
2022-10-15 11:00:00,56.570931244560484,41.093580909805574,0
2022-10-15 12:00:00,66.80591818973006,53.8506319964084,0
2022-10-15 13:00:00,69.2254134029592,64.20075427908324,0
2022-10-15 14:00:00,65.81996291008643,67.28376483425855,0
2022-10-15 15:00:00,59.9263060665782,64.99056079320793,0
2022-10-15 16:00:00,53.14723590585691,59.63116829417384,0
2022-10-15 17:00:00,47.39905056914301,53.490864180526025,0
2022-10-15 18:00:00,47.39953876352461,49.31527507950816,0
2022-10-15 19:00:00,44.30590773606976,46.368165689579115,0
2022-10-15 20:00:00,42.87492221530872,44.86012290496768,0
2022-10-15 21:00:00,33.27110557975538,40.150645177044616,0
2022-10-15 22:00:00,23.747860299687176,33.297962698250416,0
2022-10-15 23:00:00,25.269057912982138,27.429341264141556,0
2022-10-16 00:00:00,42.78036822765305,30.59909548010744,0
2022-10-16 01:00:00,64.23423423423466,44.09455345828994,0
2022-10-16 02:00:00,72.37253019861721,59.79571088683497,0
2022-10-16 03:00:00,70.83259313236448,69.14645252173877,0
2022-10-16 04:00:00,73.20833748797439,72.13782027298535,0
2022-10-16 05:00:00,80.71861730639536,74.9198493089114,0
2022-10-16 06:00:00,84.54654964722033,79.49116814719667,0
2022-10-16 07:00:00,84.06470487007367,83.1099572745631,0
2022-10-16 08:00:00,83.05576872690979,83.88900774806791,-1
2022-10-16 09:00:00,80.78278846735235,82.63442068811192,-1
2022-10-16 10:00:00,76.54654654654642,80.12836791360284,0
2022-10-16 11:00:00,73.36336336336313,76.89756612575395,0
2022-10-16 12:00:00,72.32732732732742,74.07907907907897,0
2022-10-16 13:00:00,64.82651882651952,70.17240317240335,0
2022-10-16 14:00:00,51.63415980082683,62.92933531822458,0
2022-10-16 15:00:00,49.09829059829028,55.186323075212194,0
2022-10-16 16:00:00,48.39506172839483,49.70917070917063,0
2022-10-16 17:00:00,49.99999999999999,49.16445077556168,0
2022-10-16 18:00:00,42.191358024691574,46.86213991769545,0
2022-10-16 19:00:00,59.96580812618549,50.719055383625665,0
2022-10-16 20:00:00,69.73921033657281,57.29879216248329,0
2022-10-16 21:00:00,62.18031200189816,63.96177682155214,0
2022-10-16 22:00:00,50.44159968244488,60.78704067363861,0
2022-10-16 23:00:00,43.68363600277848,52.10184922904049,0
2022-10-17 00:00:00,51.05112676233676,48.39212081585336,0
2022-10-17 01:00:00,37.93957873555481,44.224780500223325,0
2022-10-17 02:00:00,31.326541113512402,40.10574887046798,0
2022-10-17 03:00:00,27.045384377894578,32.10383474232058,0
2022-10-17 04:00:00,32.53061644540503,30.30084731227066,0
2022-10-17 05:00:00,39.75506843676043,33.11035642002,0
2022-10-17 06:00:00,45.02418441905917,39.10328976707486,0
2022-10-17 07:00:00,51.69290933415632,45.490720729991956,0
2022-10-17 08:00:00,50.38592158073441,49.034338444649954,0
2022-10-17 09:00:00,60.47133889060367,54.18338993516479,0
2022-10-17 10:00:00,71.46878031952023,60.775346930286084,0
2022-10-17 11:00:00,81.63993183059156,71.19335034690515,0
2022-10-17 12:00:00,85.36249112724256,79.49040109245145,0
2022-10-17 13:00:00,81.9546897949127,82.98570425091559,-1
2022-10-17 14:00:00,75.81299865322163,81.04339319179228,0
2022-10-17 15:00:00,72.07207207207206,76.61325350673543,0
2022-10-17 16:00:00,67.39382239382257,71.75963103970541,0
2022-10-17 17:00:00,70.35422817775763,69.9400408812174,0
2022-10-17 18:00:00,67.87771666151092,68.54192241103037,0
2022-10-17 19:00:00,67.64286023460136,68.6249350246233,0
2022-10-17 20:00:00,66.6350684522755,67.38521511612925,0
2022-10-17 21:00:00,66.05705191399416,66.77832686695699,0
2022-10-17 22:00:00,64.37239556151822,65.68817197592928,0
2022-10-17 23:00:00,63.062844872875054,64.4974307827958,0
2022-10-18 00:00:00,66.68738790725432,64.70754278054919,0
2022-10-18 01:00:00,60.876487797181106,63.542240192436815,0
2022-10-18 02:00:00,48.50155466723873,58.688476790558035,0
2022-10-18 03:00:00,41.875783470341425,50.41794197825374,0
2022-10-18 04:00:00,52.309985153300055,47.56244109696005,0
2022-10-18 05:00:00,63.914571567130565,52.700113396923996,0
2022-10-18 06:00:00,70.36813242111147,62.19756304718069,0
2022-10-18 07:00:00,72.11307807634564,68.79859402152921,0
2022-10-18 08:00:00,60.50298905600561,67.66139985115423,0
2022-10-18 09:00:00,44.421646608172445,59.01257124684122,0
2022-10-18 10:00:00,25.824039358496506,43.58289167422484,0
2022-10-18 11:00:00,30.333467255925882,33.526384407531594,0
2022-10-18 12:00:00,43.63198071514628,33.26316244318954,0
2022-10-18 13:00:00,45.3729744207844,39.77947413061884,0
2022-10-18 14:00:00,37.13567019800994,42.046875111313526,0
2022-10-18 15:00:00,22.177457213404523,34.89536727739961,0
2022-10-18 16:00:00,21.771669273900724,27.028265561771715,0
2022-10-18 17:00:00,26.425591098748157,23.458239195351123,0
2022-10-18 18:00:00,22.234694449662157,23.477318274103666,0
2022-10-18 19:00:00,19.129153638494774,22.596479728968347,0
2022-10-18 20:00:00,24.958694264902473,22.107514117686453,0
2022-10-18 21:00:00,33.80522014107853,25.964356014825242,0
2022-10-18 22:00:00,39.94700541873706,32.90363994157267,0
2022-10-18 23:00:00,38.02136031478366,37.25786195819973,0
2022-10-19 00:00:00,34.637436762225995,37.53526749858222,0
2022-10-19 01:00:00,34.24957841483974,35.63612516394978,0
2022-10-19 02:00:00,32.2653175941538,33.71744425707316,0
2022-10-19 03:00:00,37.53048302418237,34.68179301105862,0
2022-10-19 04:00:00,42.19500343912428,37.330268019153465,0
2022-10-19 05:00:00,46.34215121390872,42.022545892405105,0
2022-10-19 06:00:00,42.72859525913819,43.75524997072372,0
2022-10-19 07:00:00,37.92324983622254,42.3313321030898,0
2022-10-19 08:00:00,32.62608521758903,37.75931010431657,0
2022-10-19 09:00:00,37.064500001049986,35.871278351620504,0
2022-10-19 10:00:00,34.98842249906469,34.89300257256789,0
2022-10-19 11:00:00,33.434301085803156,35.162407861972596,0
2022-10-19 12:00:00,26.54433110011617,31.65568489499466,0
2022-10-19 13:00:00,23.602437470546608,27.8603565521553,0
2022-10-19 14:00:00,26.5777276007074,25.574832057123377,0
2022-10-19 15:00:00,46.06721510263791,32.082460057963964,0
2022-10-19 16:00:00,55.031137717714415,42.55869347368656,0
2022-10-19 17:00:00,59.91247600767744,53.67027627600991,0
2022-10-19 18:00:00,50.47999999999979,55.14120457513053,0
2022-10-19 19:00:00,57.21333333333313,55.868603113670105,0
2022-10-19 20:00:00,58.83999999999941,55.51111111111076,0
2022-10-19 21:00:00,59.53333333333284,58.528888888888446,0
2022-10-19 22:00:00,47.85333333333303,55.40888888888841,0
2022-10-19 23:00:00,38.46666666666665,48.61777777777749,0
2022-10-20 00:00:00,26.825517241379416,37.71517241379302,0
2022-10-20 01:00:00,27.635351213282338,30.97584504044278,0
2022-10-20 02:00:00,32.37547892720305,28.945449127288253,0
2022-10-20 03:00:00,37.946998722860734,32.65260962111535,0
2022-10-20 04:00:00,48.93837803320566,39.7536185610898,0
2022-10-20 05:00:00,56.48431186038368,47.78989620548334,0
2022-10-20 06:00:00,67.15502458991968,57.52590482783632,0
2022-10-20 07:00:00,67.75269085949242,63.797342436598576,0
2022-10-20 08:00:00,67.28291316526561,67.39687620489256,0
2022-10-20 09:00:00,72.17553688141889,69.07038030205896,0
2022-10-20 10:00:00,76.34525056842058,71.93456687170169,0
2022-10-20 11:00:00,84.40698925880768,77.64259223621572,0
2022-10-20 12:00:00,77.76439126526766,79.50554369749864,0
2022-10-20 13:00:00,73.81083407175949,78.66073819861161,0
2022-10-20 14:00:00,75.7494268233062,75.77488405344444,0
2022-10-20 15:00:00,77.90946326028207,75.8232413851159,0
2022-10-20 16:00:00,70.09334477561374,74.58407828640065,0
2022-10-20 17:00:00,45.656304311396696,64.55303744909749,0
2022-10-20 18:00:00,30.970906585420078,48.90685189081017,0
2022-10-20 19:00:00,23.230493114495047,33.28590133710393,0
2022-10-20 20:00:00,25.25283175730409,26.48474381907306,0
2022-10-20 21:00:00,28.292081176862542,25.59180201622055,0
2022-10-20 22:00:00,28.427787934186057,27.32423362278422,0
2022-10-20 23:00:00,29.448507007921695,28.722792039656753,0
2022-10-21 00:00:00,27.666057282144617,28.514117408084115,0
2022-10-21 01:00:00,30.08074344911604,29.06510257972744,0
2022-10-21 02:00:00,35.191956124314,30.979585618524876,0
2022-10-21 03:00:00,35.52711761121234,33.599939061547445,0
2022-10-21 04:00:00,34.66118747189649,35.126753735807604,0
2022-10-21 05:00:00,32.53691140289873,34.24173882866918,0
2022-10-21 06:00:00,36.956143155919555,34.71808067690492,0
2022-10-21 07:00:00,43.382081753856674,37.625045437558306,0
2022-10-21 08:00:00,40.500821064234366,40.27968199133685,0
2022-10-21 09:00:00,42.19247963083158,42.0251274829742,0
2022-10-21 10:00:00,40.47754241216315,41.05694770240969,0
2022-10-21 11:00:00,37.819185645273095,40.1630692294226,0
2022-10-21 12:00:00,38.77452991694868,39.023752658128295,0
2022-10-21 13:00:00,52.5807995774322,43.05817171321798,0
2022-10-21 14:00:00,69.00151860288543,53.452282699088755,0
2022-10-21 15:00:00,84.58342325060964,68.72191381030909,0
2022-10-21 16:00:00,83.74128966803436,79.1087438405098,0
2022-10-21 17:00:00,89.68821295294663,86.00430862386354,0
2022-10-21 18:00:00,85.62334789879684,86.35095017325926,-1
2022-10-21 19:00:00,87.9457685917099,87.75244314781777,0
2022-10-21 20:00:00,88.40338292385643,87.32416647145438,0
2022-10-21 21:00:00,88.23323335812313,88.1941282912298,0
2022-10-21 22:00:00,88.22916666666667,88.2885943162154,-1
2022-10-21 23:00:00,87.33333333333348,87.93191111937442,-1
2022-10-22 00:00:00,87.89583333333344,87.81944444444453,0
2022-10-22 01:00:00,86.27083333333341,87.16666666666676,-1
2022-10-22 02:00:00,80.5524839743589,84.90638354700857,-1
2022-10-22 03:00:00,74.28663928476347,80.3699855308186,0
2022-10-22 04:00:00,67.69740317365248,74.17884214425827,0
2022-10-22 05:00:00,55.827210865960076,65.93708444145867,0
2022-10-22 06:00:00,44.90555555555571,56.14338986505607,0
2022-10-22 07:00:00,35.56623931623913,45.43300191258496,0
2022-10-22 08:00:00,35.304563492063814,38.59211945461954,0
2022-10-22 09:00:00,30.451770451770617,33.77419108669118,0
2022-10-22 10:00:00,39.573415514374865,35.10991648606976,0
2022-10-22 11:00:00,55.54519281456593,41.856792926903786,0
2022-10-22 12:00:00,73.94780469543868,56.35547100812648,0
2022-10-22 13:00:00,70.24257105607231,66.57852285535897,0
2022-10-22 14:00:00,71.3918979077021,71.86075788640436,0
2022-10-22 15:00:00,73.3788395904445,71.6711028514063,0
2022-10-22 16:00:00,73.85665529010288,72.87579759608315,0
2022-10-22 17:00:00,50.46874531840344,65.90141339965025,0
2022-10-22 18:00:00,33.17156812841427,52.49898957897352,0
2022-10-22 19:00:00,28.455893355945182,37.36540226758762,0
2022-10-22 20:00:00,45.96354166666571,35.86366771700838,0
2022-10-22 21:00:00,54.921874999999424,43.113770007536765,0
2022-10-22 22:00:00,57.52604166666609,52.80381944444374,0
2022-10-22 23:00:00,54.4791666666659,55.64236111111046,0
2022-10-23 00:00:00,52.29166666666552,54.765624999999154,0
2022-10-23 01:00:00,48.48958333333257,51.75347222222132,0
2022-10-23 02:00:00,46.19791666666609,48.99305555555472,0
2022-10-23 03:00:00,47.5050813008132,47.397527100270615,0
2022-10-23 04:00:00,49.590320121951216,47.76443936314349,0
2022-10-23 05:00:00,46.027874564460625,47.70775866240834,0
2022-10-23 06:00:00,43.740765573496994,46.45298675330293,0
2022-10-23 07:00:00,39.40036223255492,43.05633412350417,0
2022-10-23 08:00:00,41.54888336546697,41.56333705717295,0
2022-10-23 09:00:00,40.872372214680944,40.607205937567606,0
2022-10-23 10:00:00,40.75373865756194,41.05833141256994,0
2022-10-23 11:00:00,33.756204748807335,38.4607718736834,0
2022-10-23 12:00:00,37.47185741088209,37.32726693908378,0
2022-10-23 13:00:00,51.44308943089474,40.890383863528044,0
2022-10-23 14:00:00,69.85772357723592,52.92422347300425,0
2022-10-23 15:00:00,77.52032520325157,66.27371273712741,0
2022-10-23 16:00:00,77.45934959349562,74.94579945799437,0
2022-10-23 17:00:00,81.96231508889218,78.98066329521312,0
2022-10-23 18:00:00,82.28692179407903,80.56952882548893,0
2022-10-23 19:00:00,89.02172263265322,84.4236531718748,0
2022-10-23 20:00:00,88.5394828791055,86.61604243527925,0
2022-10-23 21:00:00,89.9216227150685,89.16094274227574,0
2022-10-23 22:00:00,86.83786354316062,88.43298971244486,-1
2022-10-23 23:00:00,82.66812865497063,86.47587163773323,-1
2022-10-24 00:00:00,78.39583333333336,82.63394184382152,0
2022-10-24 01:00:00,69.14583333333344,76.7365984405458,0
2022-10-24 02:00:00,58.81671626984143,68.78612764550273,0
2022-10-24 03:00:00,48.91470019155807,58.959083264910966,0
2022-10-24 04:00:00,40.95047810830338,49.560631523234285,0
2022-10-24 05:00:00,35.21490151658179,41.6933599388144,0
2022-10-24 06:00:00,28.789583057018035,34.98498756063439,0
2022-10-24 07:00:00,24.27203316124356,29.42550591161445,0
2022-10-24 08:00:00,20.674269436342655,24.578628551534738,0
2022-10-24 09:00:00,23.265874761695006,22.73739245309373,0
2022-10-24 10:00:00,28.933861269980643,24.291335156006095,0
2022-10-24 11:00:00,34.990467810529026,29.063401280734883,0
2022-10-24 12:00:00,36.65179226111899,33.52537378054288,0
2022-10-24 13:00:00,34.80752758983015,35.48326255382605,0
2022-10-24 14:00:00,32.39374273420915,34.61768752838609,0
2022-10-24 15:00:00,35.985683658632475,34.39565132755725,0
2022-10-24 16:00:00,39.36170733708405,35.91371124330855,0
2022-10-24 17:00:00,43.57702958207847,39.64147352593165,0
2022-10-24 18:00:00,48.479691400045404,43.8061427730693,0
2022-10-24 19:00:00,56.739278420694724,49.598666467606186,0
2022-10-24 20:00:00,67.47220331291152,57.563724377883865,0
2022-10-24 21:00:00,71.04606308146155,65.08584827168926,0
2022-10-24 22:00:00,72.49829816201515,70.3388548521294,0
2022-10-24 23:00:00,66.49648286816428,70.01361470388032,0
2022-10-25 00:00:00,60.18833673700944,66.39437258906294,0
2022-10-25 01:00:00,53.38098479691413,60.02193480069595,0
2022-10-25 02:00:00,53.29554730401571,55.62162294597976,0
2022-10-25 03:00:00,58.74834915815082,55.14162708636022,0
2022-10-25 04:00:00,61.944249846676335,57.99604876961428,0
2022-10-25 05:00:00,61.723152077286976,60.80525036070471,0
2022-10-25 06:00:00,55.8892225558882,59.8522081599505,0
2022-10-25 07:00:00,47.04266887311157,54.88501450209558,0
2022-10-25 08:00:00,36.05080996217807,46.327567130392616,0
2022-10-25 09:00:00,21.2967116015225,34.796730145604045,0
2022-10-25 10:00:00,21.638524284682642,26.328681949461068,0
2022-10-25 11:00:00,28.30478099767393,23.746672294626354,0
2022-10-25 12:00:00,46.34230462757055,32.095203303309034,0
2022-10-25 13:00:00,63.64546459490023,46.097516740048235,0
2022-10-25 14:00:00,75.77858323554689,61.92211748600588,0
2022-10-25 15:00:00,85.07073990133297,74.83159591059335,0
2022-10-25 16:00:00,88.49687800367904,83.1154003801863,0
2022-10-25 17:00:00,92.00835846049615,88.52532545516938,0
2022-10-25 18:00:00,91.55440042468133,90.68654562961883,0
2022-10-25 19:00:00,89.11537165180481,90.8927101789941,-1
2022-10-25 20:00:00,85.31121899838314,88.66033035828976,-1
2022-10-25 21:00:00,83.74894692502103,86.05851252506966,-1
2022-10-25 22:00:00,77.74782364504347,82.26932985614921,0
2022-10-25 23:00:00,74.61106430777865,78.70261162594771,0
2022-10-26 00:00:00,72.67334126378637,75.01074307220283,0
2022-10-26 01:00:00,77.24823402791088,74.84421319982529,0
2022-10-26 02:00:00,80.46305111197819,76.79487546789181,0
2022-10-26 03:00:00,81.8901927387915,79.86715929289352,0
2022-10-26 04:00:00,79.57392025226052,80.6423880343434,0
2022-10-26 05:00:00,74.9587364127273,78.80761646792644,0
2022-10-26 06:00:00,69.72112896742281,74.75126187747021,0
2022-10-26 07:00:00,71.52727447559077,72.06904661858029,0
2022-10-26 08:00:00,76.98486648167015,72.74442330822791,0
2022-10-26 09:00:00,79.62249142686163,76.04487746137418,0
2022-10-26 10:00:00,79.9011333494093,78.83616375264702,0
2022-10-26 11:00:00,77.37722048066887,78.96694841897994,0
2022-10-26 12:00:00,74.72133860422237,77.33323081143351,0
2022-10-26 13:00:00,69.24814606308671,73.78223504932599,0
2022-10-26 14:00:00,70.10990530946371,71.35979665892425,0
2022-10-26 15:00:00,74.20192771611545,71.18665969622195,0
2022-10-26 16:00:00,75.30653504833937,73.20612269130618,0
2022-10-26 17:00:00,74.5759587020649,74.69480715550657,0
2022-10-26 18:00:00,69.09292035398227,72.99180470146217,0
2022-10-26 19:00:00,68.69481688683483,70.78789864762733,0
2022-10-26 20:00:00,65.09094149524445,67.62622624535385,0
2022-10-26 21:00:00,64.54983762938507,66.11186533715478,0
2022-10-26 22:00:00,64.5876515867535,64.74281023712767,0
2022-10-26 23:00:00,63.34157899742937,64.15968940452264,0
2022-10-27 00:00:00,62.852522946687735,63.59391784362353,0
2022-10-27 01:00:00,58.424882294193225,61.5396614127701,0
2022-10-27 02:00:00,54.36343748513831,58.54694757533975,0
2022-10-27 03:00:00,48.50604729206528,53.76478902379893,0
2022-10-27 04:00:00,48.03813655152657,50.30254044291005,0
2022-10-27 05:00:00,49.773756510062064,48.772646784551306,0
2022-10-27 06:00:00,50.58298799175564,49.46496035111475,0
2022-10-27 07:00:00,46.79496773171628,49.05057074451131,0
2022-10-27 08:00:00,42.463034633323,46.613663452264966,0
2022-10-27 09:00:00,36.7967863333222,42.01826289945382,0
2022-10-27 10:00:00,29.400776290136374,36.220199085593855,0
2022-10-27 11:00:00,27.79837406310043,31.331978895519665,0
2022-10-27 12:00:00,38.47810893725022,31.892419763495667,0
2022-10-27 13:00:00,38.69930196574736,34.99192832203266,0
2022-10-27 14:00:00,37.020152219605414,38.065854374200995,0
2022-10-27 15:00:00,27.466005559311956,34.39515324822157,0
2022-10-27 16:00:00,31.38006160318533,31.955406460700896,0
2022-10-27 17:00:00,32.40177296972417,30.41594671074048,0
2022-10-27 18:00:00,33.686424761475244,32.489419778128244,0
2022-10-27 19:00:00,39.44189976014137,35.176699163780256,0
2022-10-27 20:00:00,37.68071389220737,36.93634613794132,0
2022-10-27 21:00:00,36.81887990808145,37.98049785347672,0
2022-10-27 22:00:00,25.125195267824733,33.208263022704514,0
2022-10-27 23:00:00,21.77581255999027,27.906629245298813,0
2022-10-28 00:00:00,17.89823354491602,21.599747124243674,0
2022-10-28 01:00:00,21.6781795634021,20.450741889436127,0
2022-10-28 02:00:00,19.001391817331495,19.525934975216533,0
2022-10-28 03:00:00,20.18157417570445,20.28704851881268,0
2022-10-28 04:00:00,17.42866687597483,18.870544289670253,0
2022-10-28 05:00:00,22.067924170404584,19.89272174069462,0
2022-10-28 06:00:00,20.557692307692346,20.018094451357246,0
2022-10-28 07:00:00,15.692892981084816,19.439503153060578,0
2022-10-28 08:00:00,15.37320779179818,17.207931026858443,0
2022-10-28 09:00:00,18.996382613185915,16.687494462022965,1
2022-10-28 10:00:00,30.90160390425906,21.75706476974771,0
2022-10-28 11:00:00,35.653329796029155,28.5171054378247,0
2022-10-28 12:00:00,47.81070899541876,38.12188089856898,0
2022-10-28 13:00:00,61.623134236324084,48.36239100925732,0
2022-10-28 14:00:00,77.03105956150368,62.15496759774883,0
2022-10-28 15:00:00,82.4237644584648,73.69265275209752,0
2022-10-28 16:00:00,86.94265525315892,82.13249309104246,0
2022-10-28 17:00:00,87.04128400629592,85.46923457263988,0
2022-10-28 18:00:00,87.85382340515419,87.27925422153635,0
2022-10-28 19:00:00,83.85720321081527,86.25077020742178,-1
2022-10-28 20:00:00,83.74313476975061,85.15138712857335,-1
2022-10-28 21:00:00,82.21377270806929,83.27137022954506,-1
2022-10-28 22:00:00,83.23616392057458,83.06435713279815,0
2022-10-28 23:00:00,81.75749894381075,82.40247852415153,-1
2022-10-29 00:00:00,83.01225179552166,82.668638219969,0
2022-10-29 01:00:00,82.90663286860996,82.55879453598078,0
2022-10-29 02:00:00,86.99207642208084,84.30365369540415,0
2022-10-29 03:00:00,87.22123434296492,85.70664787788523,0
2022-10-29 04:00:00,80.23577647561656,84.8163624135541,-1
2022-10-29 05:00:00,67.59276273646994,78.34992451835046,0
2022-10-29 06:00:00,55.912737308264354,67.91375884011694,0
2022-10-29 07:00:00,61.58077270706591,61.69542425060006,0
2022-10-29 08:00:00,71.95324899533432,63.14891967022152,0
2022-10-29 09:00:00,86.14791401214144,73.22731190484721,0
2022-10-29 10:00:00,72.70193773635312,76.93436691460961,0
2022-10-29 11:00:00,52.88932717374036,70.57972630741163,0
2022-10-29 12:00:00,35.091941256325036,53.5610687221395,0
2022-10-29 13:00:00,35.47451561150195,41.15192801385578,0
2022-10-29 14:00:00,40.46570353667763,37.01072013483487,0
2022-10-29 15:00:00,48.697692827758864,41.54597065864615,0
2022-10-29 16:00:00,51.749925029252154,46.97110713122955,0
2022-10-29 17:00:00,51.36714673345841,50.604921530156474,0
2022-10-29 18:00:00,46.39949906073863,49.83885694114972,0
2022-10-29 19:00:00,43.556972662001535,47.10787281873286,0
2022-10-29 20:00:00,45.27272974101616,45.07640048791877,0
2022-10-29 21:00:00,43.70288248337024,44.17752829546264,0
2022-10-29 22:00:00,37.834441980783545,42.27001806838998,0
2022-10-29 23:00:00,34.61936437546204,38.718896279871934,0
2022-10-30 00:00:00,26.51574974949635,32.9898520352473,0
2022-10-30 01:00:00,29.121453382686923,30.085522502548432,0
2022-10-30 02:00:00,24.66383734488093,26.76701349235473,0
2022-10-30 03:00:00,26.82637258145853,26.870554436342122,0
2022-10-30 04:00:00,20.855119050431117,24.11510965892352,0
2022-10-30 05:00:00,25.19919134260945,24.293560991499692,0
2022-10-30 06:00:00,38.827446783208494,28.29391905874968,0
2022-10-30 07:00:00,55.39018977416205,39.80560929999333,0
2022-10-30 08:00:00,55.090908978393095,49.76951517858787,0
2022-10-30 09:00:00,39.19783970514839,49.89297948590117,0
2022-10-30 10:00:00,23.625492897386255,39.30474719364258,0
2022-10-30 11:00:00,27.422424460021727,30.081919020852116,0
2022-10-30 12:00:00,31.276806334543384,27.44157456398378,0
2022-10-30 13:00:00,28.896737277618957,29.198656024061354,0
2022-10-30 14:00:00,26.64017455174248,28.937906054634936,0
2022-10-30 15:00:00,22.697265011002894,26.078058946788104,0
2022-10-30 16:00:00,25.199523355695217,24.84565430614686,0
2022-10-30 17:00:00,22.948750486149592,23.615179617615897,0
2022-10-30 18:00:00,28.70553359683757,25.61793581289412,0
2022-10-30 19:00:00,32.40283267457125,28.01903891918613,0
2022-10-30 20:00:00,34.1485507246372,31.75230566534866,0
2022-10-30 21:00:00,36.91893379928259,34.49010573283034,0
2022-10-30 22:00:00,35.10561633900565,35.39103362097514,0
2022-10-30 23:00:00,36.22966684247067,36.08473899358629,0
2022-10-31 00:00:00,24.94881611848625,32.09469976665418,0
2022-10-31 01:00:00,23.574194660938208,28.250892540631707,0
2022-10-31 02:00:00,14.569709374864482,21.030906718096308,0
2022-10-31 03:00:00,20.45594221829195,19.533282084698207,0
2022-10-31 04:00:00,27.994227994227714,21.00662652912804,0
2022-10-31 05:00:00,35.76582148010703,28.071997230875557,0
2022-10-31 06:00:00,35.693671407956884,33.1512402940972,0
2022-10-31 07:00:00,34.209441352298484,35.22297808012079,0
2022-10-31 08:00:00,28.36528550814259,32.756132756132644,0
2022-10-31 09:00:00,48.721913007627144,37.098879956022735,0
2022-10-31 10:00:00,61.905851873407066,46.33101679639227,0
2022-10-31 11:00:00,79.57143456991336,63.39973315031585,0
2022-10-31 12:00:00,71.33506821228586,70.93745155186876,0
2022-10-31 13:00:00,49.34178792260925,66.74943023493616,0
2022-10-31 14:00:00,30.698176890221344,50.45834434170548,0
2022-10-31 15:00:00,18.145670751585488,32.72854518813869,0
2022-10-31 16:00:00,22.120767433012485,23.654871691606434,0
2022-10-31 17:00:00,24.120876134572317,21.462438106390092,0
2022-10-31 18:00:00,25.95793249633107,24.066525354638618,0
2022-10-31 19:00:00,25.550301646828384,25.209703425910586,0
2022-10-31 20:00:00,27.13734442089223,26.21519285468389,0
2022-10-31 21:00:00,25.664438284689055,26.11736145080322,0
2022-10-31 22:00:00,31.56149790749465,28.121093537691973,0
2022-10-31 23:00:00,36.425892711560095,31.21727630124793,0
